customer_id,email,age,tenure_months,monthly_charges,annual_income,outstanding_debt,credit_score,support_tickets_90d,plan,contract_type,payment_method,region,churned
CUST100000,user0@example.com,49.0,25.6,50.38,41860.0,12479.0,644.0,0,premium,month-to-month,mailed_check,east,0
CUST100001,user1@example.com,41.0,4.6,85.57,33966.0,16476.0,581.0,1,family,one-year,mailed_check,east,1
CUST100002,user2@example.com,58.0,21.2,64.47,33228.0,9430.0,661.0,0,premium,one-year,bank_transfer,east,1
CUST100003,user3@example.com,40.0,44.5,31.94,40143.0,10628.0,787.0,2,family,one-year,e_check,west,1
CUST100004,user4@example.com,18.0,35.2,78.54,57216.0,4458.0,645.0,1,premium,month-to-month,credit_card,north,0
CUST100005,user5@example.com,44.0,16.9,97.55,33955.0,11704.0,783.0,4,basic,month-to-month,mailed_check,south,0
CUST100006,user6@example.com,53.0,1.4,65.55,38717.0,5111.0,641.0,0,premium,month-to-month,bank_transfer,north,0
CUST100007,user7@example.com,25.0,3.0,67.93,86744.0,38655.0,745.0,0,premium,one-year,mailed_check,east,0
CUST100008,user8@example.com,38.0,16.8,106.77,42137.0,14964.0,603.0,0,premium,month-to-month,mailed_check,north,1
CUST100009,user9@example.com,55.0,17.7,99.37,72611.0,9446.0,689.0,4,family,two-year,mailed_check,east,1
CUST100010,user10@example.com,52.0,19.1,83.65,56661.0,14666.0,741.0,1,premium,one-year,mailed_check,east,1
CUST100011,user11@example.com,40.0,12.7,105.61,74085.0,26920.0,717.0,3,premium,month-to-month,mailed_check,west,1
CUST100012,user12@example.com,33.0,69.7,99.37,59221.0,4677.0,792.0,0,family,month-to-month,credit_card,east,0
CUST100013,user13@example.com,42.0,37.0,67.08,55227.0,19394.0,850.0,2,standard,month-to-month,mailed_check,west,0
CUST100014,user14@example.com,45.0,13.9,79.69,48434.0,27823.0,530.0,2,standard,one-year,credit_card,east,1
CUST100015,user15@example.com,51.0,26.8,73.05,39124.0,11168.0,558.0,1,premium,month-to-month,bank_transfer,north,1
CUST100016,user16@example.com,40.0,30.4,119.49,60099.0,35702.0,535.0,0,premium,two-year,mailed_check,west,0
CUST100017,user17@example.com,60.0,36.9,80.79,44068.0,18553.0,804.0,1,premium,one-year,credit_card,south,0
CUST100018,user18@example.com,45.0,17.6,78.88,16051.0,3119.0,601.0,1,premium,two-year,mailed_check,west,0
CUST100019,user19@example.com,37.0,71.0,116.8,61923.0,14298.0,622.0,1,family,two-year,credit_card,north,0
CUST100020,user20@example.com,35.0,7.5,74.35,52872.0,8418.0,692.0,2,premium,month-to-month,e_check,north,1
CUST100021,user21@example.com,31.0,24.6,61.65,62567.0,4891.0,647.0,2,basic,two-year,mailed_check,east,0
CUST100022,user22@example.com,54.0,10.4,16.01,55003.0,11658.0,679.0,2,premium,month-to-month,bank_transfer,east,1
CUST100023,user23@example.com,39.0,17.6,59.29,70684.0,7091.0,602.0,1,premium,one-year,bank_transfer,west,1
CUST100024,user24@example.com,18.0,73.7,74.8,64021.0,16534.0,765.0,1,basic,month-to-month,mailed_check,north,1
CUST100025,user25@example.com,37.0,69.2,94.59,52445.0,25391.0,562.0,1,premium,two-year,credit_card,west,0
CUST100026,user26@example.com,56.0,23.6,69.85,62986.0,7788.0,642.0,0,premium,one-year,e_check,south,0
CUST100027,user27@example.com,36.0,24.3,48.44,81432.0,44385.0,671.0,2,family,month-to-month,e_check,west,1
CUST100028,user28@example.com,26.0,86.0,79.95,37978.0,13242.0,703.0,1,basic,month-to-month,bank_transfer,north,0
CUST100029,user29@example.com,36.0,21.8,25.86,15174.0,8360.0,681.0,0,standard,one-year,credit_card,east,0
CUST100030,user30@example.com,49.0,6.5,102.46,74026.0,17668.0,625.0,3,premium,two-year,e_check,north,0
CUST100031,user31@example.com,39.0,21.3,105.83,67299.0,13300.0,593.0,3,family,month-to-month,mailed_check,north,0
CUST100032,user32@example.com,30.0,29.9,26.19,110661.0,52803.0,789.0,1,premium,two-year,e_check,east,0
CUST100033,user33@example.com,49.0,13.7,48.89,57204.0,30093.0,545.0,2,family,one-year,bank_transfer,east,0
CUST100034,user34@example.com,55.0,9.2,78.84,49843.0,27299.0,717.0,2,standard,two-year,mailed_check,south,1
CUST100035,user35@example.com,59.0,0.9,114.06,64038.0,36914.0,551.0,1,standard,two-year,mailed_check,south,1
CUST100036,user36@example.com,44.0,16.0,68.71,72324.0,16618.0,687.0,0,family,two-year,credit_card,east,0
CUST100037,user37@example.com,40.0,32.8,79.77,67278.0,17952.0,726.0,0,premium,month-to-month,bank_transfer,south,1
CUST100038,user38@example.com,47.0,1.7,76.36,50436.0,27338.0,542.0,2,family,month-to-month,credit_card,west,1
CUST100039,user39@example.com,57.0,47.7,31.2,80678.0,47792.0,704.0,3,family,two-year,bank_transfer,west,0
CUST100040,user40@example.com,54.0,13.0,61.5,35493.0,9818.0,598.0,2,premium,one-year,credit_card,east,0
CUST100041,user41@example.com,41.0,2.3,51.04,41663.0,13988.0,464.0,3,basic,month-to-month,e_check,east,1
CUST100042,user42@example.com,30.0,38.6,75.89,86677.0,26803.0,714.0,1,premium,one-year,mailed_check,north,0
CUST100043,user43@example.com,45.0,41.3,52.93,68984.0,33612.0,565.0,1,premium,two-year,bank_transfer,east,1
CUST100044,user44@example.com,42.0,21.8,70.82,46616.0,20243.0,595.0,0,premium,month-to-month,bank_transfer,south,1
CUST100045,user45@example.com,47.0,11.7,68.7,57784.0,5939.0,532.0,0,premium,two-year,credit_card,west,0
CUST100046,user46@example.com,29.0,45.2,70.77,96422.0,22765.0,592.0,1,premium,month-to-month,credit_card,west,1
CUST100047,user47@example.com,34.0,24.2,96.7,50725.0,17143.0,762.0,2,premium,one-year,mailed_check,south,0
CUST100048,user48@example.com,52.0,28.5,79.66,41140.0,18593.0,792.0,0,premium,two-year,mailed_check,north,0
CUST100049,user49@example.com,44.0,19.4,63.9,56498.0,32496.0,582.0,0,premium,month-to-month,e_check,north,1
CUST100050,user50@example.com,28.0,34.0,82.43,72964.0,9256.0,635.0,0,premium,month-to-month,mailed_check,north,1
CUST100051,user51@example.com,57.0,54.5,56.47,62703.0,10599.0,670.0,0,standard,month-to-month,credit_card,east,0
CUST100052,user52@example.com,38.0,0.6,43.1,76248.0,4216.0,565.0,2,family,month-to-month,bank_transfer,east,1
CUST100053,user53@example.com,46.0,48.9,96.84,38350.0,4038.0,700.0,2,premium,one-year,bank_transfer,east,0
CUST100054,user54@example.com,36.0,38.3,53.56,31483.0,6742.0,763.0,3,family,two-year,bank_transfer,west,0
CUST100055,user55@example.com,45.0,3.8,44.71,77193.0,12026.0,551.0,3,standard,two-year,mailed_check,east,1
CUST100056,user56@example.com,57.0,1.2,107.98,32252.0,16231.0,758.0,2,basic,one-year,e_check,east,0
CUST100057,user57@example.com,58.0,2.6,91.98,32046.0,16026.0,553.0,2,basic,two-year,mailed_check,west,0
CUST100058,user58@example.com,60.0,13.2,65.4,40425.0,13588.0,626.0,1,premium,month-to-month,mailed_check,north,1
CUST100059,user59@example.com,36.0,2.7,92.32,36673.0,5246.0,850.0,1,family,one-year,bank_transfer,west,1
CUST100060,user60@example.com,49.0,31.1,58.39,42372.0,10827.0,799.0,2,family,one-year,e_check,east,0
CUST100061,user61@example.com,22.0,27.9,82.05,20668.0,2171.0,540.0,1,premium,one-year,e_check,north,0
CUST100062,user62@example.com,46.0,18.1,71.4,83053.0,16279.0,717.0,2,basic,month-to-month,mailed_check,south,0
CUST100063,user63@example.com,64.0,80.1,60.92,24404.0,14573.0,543.0,3,family,month-to-month,e_check,south,1
CUST100064,user64@example.com,27.0,3.5,76.48,100668.0,36263.0,691.0,0,premium,month-to-month,mailed_check,north,1
CUST100065,user65@example.com,32.0,19.1,42.01,71657.0,30537.0,617.0,2,premium,one-year,credit_card,south,0
CUST100066,user66@example.com,40.0,3.9,55.74,109919.0,51166.0,699.0,1,premium,month-to-month,bank_transfer,north,0
CUST100067,user67@example.com,39.0,4.4,18.72,40837.0,5749.0,676.0,2,premium,month-to-month,bank_transfer,west,1
CUST100068,user68@example.com,52.0,7.7,61.84,47076.0,25449.0,669.0,1,premium,month-to-month,bank_transfer,south,0
CUST100069,user69@example.com,51.0,1.4,76.35,82829.0,48337.0,634.0,1,basic,month-to-month,mailed_check,north,1
CUST100070,user70@example.com,18.0,16.3,33.94,35583.0,13410.0,829.0,3,premium,month-to-month,credit_card,north,1
CUST100071,user71@example.com,29.0,20.1,79.52,71995.0,18363.0,611.0,1,premium,one-year,bank_transfer,north,0
CUST100072,user72@example.com,40.0,13.5,15.06,53706.0,29232.0,597.0,1,standard,two-year,mailed_check,south,0
CUST100073,user73@example.com,35.0,19.2,55.28,74722.0,27775.0,775.0,2,standard,two-year,bank_transfer,west,0
CUST100074,user74@example.com,46.0,16.7,67.53,83249.0,47351.0,567.0,2,standard,two-year,mailed_check,west,0
CUST100075,user75@example.com,47.0,8.1,69.46,45124.0,15239.0,731.0,1,premium,month-to-month,e_check,west,0
CUST100076,user76@example.com,18.0,8.2,75.81,40079.0,8161.0,625.0,2,premium,two-year,e_check,west,0
CUST100077,user77@example.com,38.0,46.3,28.55,29700.0,2574.0,582.0,2,standard,one-year,credit_card,north,0
CUST100078,user78@example.com,32.0,10.0,74.15,26227.0,3538.0,741.0,0,premium,month-to-month,e_check,east,0
CUST100079,user79@example.com,43.0,40.8,87.0,44738.0,10295.0,674.0,1,premium,month-to-month,mailed_check,north,0
CUST100080,user80@example.com,50.0,18.3,58.82,55631.0,26355.0,656.0,4,premium,one-year,credit_card,north,0
CUST100081,user81@example.com,39.0,1.6,63.97,44358.0,12718.0,665.0,0,premium,month-to-month,mailed_check,west,0
CUST100082,user82@example.com,27.0,74.5,33.97,61071.0,25727.0,705.0,2,basic,one-year,credit_card,south,0
CUST100083,user83@example.com,58.0,5.3,91.54,70350.0,31315.0,534.0,1,premium,month-to-month,e_check,west,1
CUST100084,user84@example.com,33.0,2.7,38.26,44621.0,2918.0,737.0,3,standard,month-to-month,mailed_check,east,0
CUST100085,user85@example.com,36.0,94.8,96.96,46773.0,3135.0,512.0,2,family,month-to-month,e_check,south,0
CUST100086,user86@example.com,19.0,28.0,124.86,79817.0,39404.0,562.0,0,basic,one-year,mailed_check,west,0
CUST100087,user87@example.com,48.0,11.1,57.51,63170.0,29144.0,710.0,0,premium,month-to-month,bank_transfer,east,1
CUST100088,user88@example.com,42.0,5.2,50.67,52108.0,21939.0,732.0,1,standard,month-to-month,credit_card,east,1
CUST100089,user89@example.com,48.0,29.9,65.32,42413.0,8038.0,607.0,4,premium,two-year,e_check,east,0
CUST100090,user90@example.com,32.0,20.3,94.85,73336.0,13378.0,718.0,3,standard,one-year,e_check,south,0
CUST100091,user91@example.com,50.0,18.0,47.15,50273.0,2987.0,624.0,1,premium,month-to-month,mailed_check,east,0
CUST100092,user92@example.com,59.0,2.1,16.26,17086.0,3336.0,519.0,3,basic,one-year,credit_card,west,1
CUST100093,user93@example.com,18.0,43.3,98.18,14823.0,8752.0,599.0,3,standard,one-year,e_check,east,0
CUST100094,user94@example.com,47.0,23.9,70.49,39551.0,11723.0,538.0,0,standard,month-to-month,bank_transfer,south,0
CUST100095,user95@example.com,24.0,5.6,64.2,35250.0,4093.0,649.0,2,premium,one-year,credit_card,north,1
CUST100096,user96@example.com,47.0,8.2,71.27,56451.0,19965.0,672.0,3,premium,month-to-month,e_check,south,1
CUST100097,user97@example.com,55.0,38.2,49.36,18145.0,7043.0,684.0,6,premium,one-year,e_check,south,0
CUST100098,user98@example.com,30.0,71.6,65.05,56289.0,12350.0,543.0,2,basic,two-year,credit_card,west,0
CUST100099,user99@example.com,32.0,30.4,76.4,35755.0,4372.0,685.0,2,premium,month-to-month,credit_card,north,0
CUST100100,user100@example.com,44.0,13.8,81.99,75956.0,25009.0,695.0,1,premium,two-year,mailed_check,north,0
CUST100101,user101@example.com,42.0,4.0,70.64,40049.0,19821.0,757.0,4,premium,month-to-month,bank_transfer,south,1
CUST100102,user102@example.com,26.0,4.4,10.0,72870.0,21498.0,605.0,1,basic,month-to-month,credit_card,west,0
CUST100103,user103@example.com,35.0,19.0,61.68,53626.0,21619.0,564.0,2,premium,month-to-month,mailed_check,south,0
CUST100104,user104@example.com,33.0,17.6,70.98,45361.0,6610.0,585.0,3,premium,month-to-month,bank_transfer,south,1
CUST100105,user105@example.com,39.0,25.3,73.07,29482.0,4799.0,665.0,5,premium,month-to-month,bank_transfer,south,0
CUST100106,user106@example.com,63.0,11.6,58.96,38890.0,3398.0,647.0,0,premium,month-to-month,e_check,north,1
CUST100107,user107@example.com,44.0,27.7,118.71,82426.0,38701.0,635.0,1,family,two-year,mailed_check,north,0
CUST100108,user108@example.com,29.0,5.0,58.51,53021.0,15721.0,604.0,1,standard,one-year,credit_card,east,0
CUST100109,user109@example.com,45.0,14.0,80.84,37721.0,17009.0,698.0,3,standard,month-to-month,bank_transfer,south,1
CUST100110,user110@example.com,39.0,25.5,58.08,61155.0,33811.0,693.0,1,basic,month-to-month,e_check,north,1
CUST100111,user111@example.com,59.0,8.9,81.46,45317.0,3551.0,628.0,4,premium,one-year,bank_transfer,west,1
CUST100112,user112@example.com,37.0,8.3,32.69,40712.0,12328.0,837.0,3,premium,two-year,mailed_check,north,0
CUST100113,user113@example.com,38.0,55.0,107.41,46429.0,10438.0,543.0,1,standard,month-to-month,e_check,east,1
CUST100114,user114@example.com,55.0,116.4,78.03,74078.0,15927.0,607.0,3,family,two-year,bank_transfer,south,0
CUST100115,user115@example.com,32.0,10.4,56.4,54177.0,11466.0,569.0,1,premium,month-to-month,e_check,south,1
CUST100116,user116@example.com,28.0,1.5,59.59,68856.0,25374.0,588.0,1,premium,month-to-month,e_check,north,1
CUST100117,user117@example.com,45.0,10.5,51.19,46171.0,20877.0,630.0,2,family,one-year,e_check,west,0
CUST100118,user118@example.com,44.0,19.4,60.75,42484.0,22572.0,675.0,1,premium,two-year,credit_card,south,1
CUST100119,user119@example.com,26.0,32.0,69.12,84160.0,15327.0,652.0,1,premium,month-to-month,bank_transfer,west,1
CUST100120,user120@example.com,18.0,41.8,55.59,33521.0,17784.0,850.0,0,premium,two-year,bank_transfer,south,0
CUST100121,user121@example.com,46.0,7.9,88.0,48532.0,17345.0,520.0,2,premium,month-to-month,credit_card,south,1
CUST100122,user122@example.com,46.0,103.8,125.2,77240.0,9229.0,621.0,1,standard,two-year,credit_card,east,0
CUST100123,user123@example.com,48.0,56.1,64.04,45659.0,7322.0,701.0,1,premium,two-year,bank_transfer,west,0
CUST100124,user124@example.com,54.0,3.0,13.89,92009.0,51793.0,426.0,2,standard,month-to-month,credit_card,east,1
CUST100125,user125@example.com,43.0,37.0,60.98,37086.0,13376.0,708.0,0,basic,two-year,e_check,north,0
CUST100126,user126@example.com,40.0,97.6,67.01,67642.0,17915.0,762.0,0,premium,month-to-month,bank_transfer,west,0
CUST100127,user127@example.com,51.0,14.5,88.56,89114.0,22385.0,623.0,0,family,month-to-month,credit_card,west,1
CUST100128,user128@example.com,43.0,37.4,51.92,58760.0,29447.0,595.0,3,family,month-to-month,e_check,north,0
CUST100129,user129@example.com,24.0,13.4,52.36,63123.0,30091.0,610.0,0,basic,month-to-month,credit_card,north,0
CUST100130,user130@example.com,45.0,23.4,51.72,71510.0,4571.0,677.0,1,family,one-year,e_check,south,0
CUST100131,user131@example.com,50.0,59.2,37.5,12000.0,5610.0,661.0,0,standard,month-to-month,mailed_check,west,1
CUST100132,user132@example.com,31.0,30.3,25.1,83559.0,17669.0,698.0,3,standard,month-to-month,bank_transfer,west,0
CUST100133,user133@example.com,63.0,11.8,71.77,61817.0,5993.0,583.0,3,family,two-year,bank_transfer,east,1
CUST100134,user134@example.com,38.0,72.7,33.43,56210.0,23379.0,723.0,1,standard,one-year,credit_card,west,0
CUST100135,user135@example.com,55.0,56.4,62.04,58132.0,27904.0,640.0,1,premium,month-to-month,e_check,south,0
CUST100136,user136@example.com,30.0,0.3,85.95,14069.0,7745.0,850.0,3,basic,month-to-month,e_check,north,0
CUST100137,user137@example.com,52.0,8.2,46.73,73101.0,36896.0,569.0,2,premium,one-year,credit_card,west,0
CUST100138,user138@example.com,58.0,18.2,98.24,62508.0,10810.0,763.0,2,basic,one-year,e_check,south,1
CUST100139,user139@example.com,32.0,41.9,51.36,35867.0,8408.0,593.0,0,basic,month-to-month,mailed_check,west,0
CUST100140,user140@example.com,45.0,24.1,31.58,63219.0,32333.0,549.0,2,premium,month-to-month,mailed_check,east,0
CUST100141,user141@example.com,39.0,21.6,59.22,65926.0,22096.0,648.0,3,family,one-year,mailed_check,east,0
CUST100142,user142@example.com,30.0,88.6,78.2,43924.0,11825.0,555.0,3,premium,two-year,mailed_check,west,0
CUST100143,user143@example.com,43.0,0.2,89.67,80529.0,11559.0,679.0,1,premium,month-to-month,credit_card,east,1
CUST100144,user144@example.com,38.0,14.7,79.15,52527.0,4816.0,729.0,3,family,month-to-month,bank_transfer,south,1
CUST100145,user145@example.com,39.0,53.8,113.79,49437.0,23880.0,612.0,4,premium,month-to-month,credit_card,east,0
CUST100146,user146@example.com,28.0,88.6,74.58,68402.0,12929.0,583.0,3,premium,one-year,bank_transfer,east,0
CUST100147,user147@example.com,52.0,2.2,56.51,37606.0,16376.0,728.0,2,family,one-year,e_check,east,1
CUST100148,user148@example.com,37.0,2.4,68.39,45681.0,14276.0,568.0,2,premium,one-year,e_check,north,0
CUST100149,user149@example.com,38.0,13.1,37.26,32042.0,4726.0,526.0,2,family,month-to-month,credit_card,west,1
CUST100150,user150@example.com,29.0,32.1,90.69,51503.0,6706.0,721.0,0,family,one-year,bank_transfer,east,0
CUST100151,user151@example.com,55.0,29.2,35.16,48372.0,10109.0,665.0,2,premium,one-year,bank_transfer,north,0
CUST100152,user152@example.com,26.0,4.3,43.9,57595.0,2927.0,646.0,2,premium,month-to-month,mailed_check,east,1
CUST100153,user153@example.com,23.0,11.2,66.38,75383.0,38008.0,575.0,1,family,month-to-month,mailed_check,north,0
CUST100154,user154@example.com,44.0,30.9,46.04,68597.0,11957.0,703.0,1,family,month-to-month,e_check,west,1
CUST100155,user155@example.com,36.0,3.0,79.11,57577.0,31610.0,710.0,0,premium,month-to-month,mailed_check,east,1
CUST100156,user156@example.com,50.0,0.0,77.06,80755.0,21729.0,494.0,1,premium,one-year,bank_transfer,south,0
CUST100157,user157@example.com,61.0,32.7,87.95,42547.0,14960.0,850.0,0,premium,one-year,mailed_check,west,0
CUST100158,user158@example.com,57.0,12.6,84.27,64900.0,16856.0,539.0,2,standard,two-year,bank_transfer,north,1
CUST100159,user159@example.com,53.0,47.1,75.46,73303.0,11101.0,597.0,2,family,month-to-month,mailed_check,east,1
CUST100160,user160@example.com,31.0,9.6,67.83,92853.0,18475.0,612.0,3,premium,one-year,bank_transfer,south,1
CUST100161,user161@example.com,55.0,9.2,87.43,57924.0,24021.0,489.0,3,standard,two-year,bank_transfer,east,0
CUST100162,user162@example.com,37.0,29.1,69.89,47247.0,19266.0,572.0,1,family,month-to-month,credit_card,north,1
CUST100163,user163@example.com,28.0,44.5,104.91,55309.0,19623.0,601.0,2,standard,month-to-month,mailed_check,west,0
CUST100164,user164@example.com,49.0,20.0,92.27,56320.0,8933.0,619.0,1,family,two-year,credit_card,east,0
CUST100165,user165@example.com,37.0,13.2,63.11,41540.0,7138.0,586.0,0,standard,month-to-month,bank_transfer,east,1
CUST100166,user166@example.com,40.0,2.8,99.62,55388.0,2771.0,742.0,2,family,month-to-month,mailed_check,west,0
CUST100167,user167@example.com,50.0,9.6,107.53,90462.0,51692.0,676.0,1,basic,month-to-month,e_check,north,0
CUST100168,user168@example.com,51.0,0.3,122.93,21446.0,6990.0,724.0,3,standard,two-year,e_check,south,1
CUST100169,user169@example.com,38.0,6.5,98.32,12000.0,3321.0,623.0,1,standard,month-to-month,bank_transfer,north,1
CUST100170,user170@example.com,44.0,17.1,43.27,24664.0,3891.0,704.0,2,family,month-to-month,e_check,east,1
CUST100171,user171@example.com,53.0,12.9,46.04,36352.0,15826.0,666.0,1,premium,month-to-month,e_check,south,1
CUST100172,user172@example.com,33.0,6.2,43.72,31155.0,2871.0,710.0,0,standard,two-year,bank_transfer,south,0
CUST100173,user173@example.com,23.0,37.2,95.12,38849.0,8076.0,566.0,1,family,month-to-month,e_check,west,0
CUST100174,user174@example.com,36.0,20.7,133.5,34343.0,6900.0,744.0,2,standard,month-to-month,mailed_check,east,1
CUST100175,user175@example.com,38.0,12.0,79.13,64014.0,37708.0,665.0,0,premium,month-to-month,bank_transfer,east,1
CUST100176,user176@example.com,40.0,17.4,71.06,36108.0,13351.0,653.0,0,basic,month-to-month,e_check,south,0
CUST100177,user177@example.com,69.0,1.4,82.56,31909.0,13819.0,761.0,0,family,one-year,e_check,east,0
CUST100178,user178@example.com,33.0,10.7,84.22,15880.0,7701.0,627.0,4,family,month-to-month,mailed_check,west,1
CUST100179,user179@example.com,40.0,36.5,101.64,74900.0,29768.0,621.0,2,premium,one-year,e_check,south,1
CUST100180,user180@example.com,32.0,0.2,55.34,81792.0,17034.0,756.0,0,premium,month-to-month,e_check,south,0
CUST100181,user181@example.com,45.0,8.2,81.43,60088.0,22408.0,619.0,0,family,month-to-month,e_check,east,0
CUST100182,user182@example.com,48.0,12.8,90.45,57545.0,3664.0,634.0,1,standard,one-year,bank_transfer,south,0
CUST100183,user183@example.com,51.0,14.5,76.32,68167.0,18147.0,529.0,0,premium,month-to-month,mailed_check,east,1
CUST100184,user184@example.com,45.0,17.5,30.93,71277.0,8439.0,576.0,1,family,two-year,bank_transfer,south,0
CUST100185,user185@example.com,43.0,46.6,22.92,31901.0,2257.0,731.0,5,premium,one-year,mailed_check,west,0
CUST100186,user186@example.com,18.0,12.8,35.49,50031.0,19681.0,670.0,2,standard,one-year,credit_card,north,0
CUST100187,user187@example.com,51.0,46.6,97.71,74588.0,31573.0,563.0,2,standard,month-to-month,bank_transfer,west,0
CUST100188,user188@example.com,59.0,11.5,109.35,44132.0,19427.0,603.0,0,premium,two-year,credit_card,south,0
CUST100189,user189@example.com,33.0,4.3,42.49,58155.0,13100.0,575.0,2,family,two-year,mailed_check,west,0
CUST100190,user190@example.com,32.0,9.5,90.35,79241.0,13064.0,679.0,1,standard,month-to-month,e_check,east,0
CUST100191,user191@example.com,29.0,95.0,19.1,102848.0,55546.0,687.0,1,basic,one-year,mailed_check,east,0
CUST100192,user192@example.com,49.0,29.2,54.51,74713.0,44040.0,601.0,2,family,two-year,credit_card,east,0
CUST100193,user193@example.com,28.0,32.8,79.24,29641.0,15038.0,565.0,1,premium,one-year,mailed_check,east,0
CUST100194,user194@example.com,40.0,5.4,90.98,41103.0,23848.0,516.0,2,premium,month-to-month,bank_transfer,south,1
CUST100195,user195@example.com,24.0,6.2,53.09,79247.0,12127.0,766.0,2,premium,month-to-month,bank_transfer,west,1
CUST100196,user196@example.com,47.0,7.5,67.36,40064.0,19527.0,628.0,1,premium,month-to-month,bank_transfer,east,1
CUST100197,user197@example.com,37.0,5.2,68.25,72420.0,8947.0,694.0,2,basic,two-year,e_check,south,1
CUST100198,user198@example.com,45.0,62.8,36.63,89436.0,15733.0,565.0,1,premium,month-to-month,e_check,west,0
CUST100199,user199@example.com,32.0,0.5,96.26,76361.0,7369.0,621.0,2,family,one-year,bank_transfer,south,1
CUST100200,user200@example.com,33.0,1.9,74.83,90863.0,47499.0,557.0,0,basic,two-year,bank_transfer,west,0
CUST100201,user201@example.com,35.0,0.8,50.06,32224.0,2128.0,701.0,1,premium,one-year,bank_transfer,north,0
CUST100202,user202@example.com,32.0,22.9,68.39,16213.0,1671.0,712.0,3,family,month-to-month,mailed_check,north,0
CUST100203,user203@example.com,31.0,9.5,97.48,39274.0,9496.0,714.0,2,premium,month-to-month,e_check,east,1
CUST100204,user204@example.com,27.0,55.8,49.88,55093.0,31330.0,586.0,4,standard,two-year,mailed_check,west,0
CUST100205,user205@example.com,48.0,28.6,41.26,36735.0,16298.0,658.0,1,standard,two-year,credit_card,east,0
CUST100206,user206@example.com,46.0,9.9,42.34,39414.0,7104.0,552.0,0,standard,one-year,e_check,east,1
CUST100207,user207@example.com,37.0,24.5,130.04,52131.0,11842.0,660.0,3,premium,month-to-month,credit_card,south,0
CUST100208,user208@example.com,51.0,11.8,92.22,45729.0,8957.0,712.0,2,premium,one-year,credit_card,south,0
CUST100209,user209@example.com,60.0,8.7,45.54,71677.0,30427.0,618.0,5,premium,one-year,e_check,north,1
CUST100210,user210@example.com,34.0,6.2,72.81,55286.0,32190.0,638.0,1,premium,month-to-month,e_check,west,1
CUST100211,user211@example.com,45.0,1.2,76.33,43135.0,9533.0,573.0,0,premium,month-to-month,bank_transfer,south,1
CUST100212,user212@example.com,45.0,14.8,71.44,74080.0,8982.0,583.0,1,basic,one-year,bank_transfer,west,1
CUST100213,user213@example.com,34.0,1.4,55.73,112147.0,48722.0,584.0,3,family,one-year,credit_card,east,0
CUST100214,user214@example.com,26.0,34.6,35.12,64200.0,20053.0,592.0,3,standard,month-to-month,bank_transfer,east,0
CUST100215,user215@example.com,71.0,20.2,51.85,44273.0,19157.0,727.0,3,premium,month-to-month,mailed_check,east,0
CUST100216,user216@example.com,46.0,50.7,57.16,21768.0,11301.0,592.0,0,family,month-to-month,bank_transfer,east,0
CUST100217,user217@example.com,42.0,12.3,90.69,49491.0,23064.0,648.0,2,standard,one-year,mailed_check,west,1
CUST100218,user218@example.com,46.0,37.0,74.26,31041.0,10587.0,715.0,1,premium,two-year,mailed_check,south,1
CUST100219,user219@example.com,71.0,100.6,83.91,64982.0,35984.0,674.0,3,standard,month-to-month,bank_transfer,south,0
CUST100220,user220@example.com,39.0,19.9,41.85,88455.0,17351.0,850.0,3,premium,month-to-month,bank_transfer,east,0
CUST100221,user221@example.com,43.0,21.1,63.72,37699.0,16086.0,704.0,1,premium,month-to-month,e_check,south,0
CUST100222,user222@example.com,43.0,46.2,96.34,43217.0,12642.0,624.0,4,premium,two-year,credit_card,north,1
CUST100223,user223@example.com,55.0,14.6,38.13,69233.0,19040.0,535.0,1,premium,one-year,mailed_check,west,0
CUST100224,user224@example.com,45.0,12.0,112.26,40296.0,15279.0,745.0,0,family,one-year,bank_transfer,south,1
CUST100225,user225@example.com,23.0,8.2,72.84,19835.0,2550.0,614.0,2,premium,month-to-month,bank_transfer,south,1
CUST100226,user226@example.com,21.0,25.2,86.19,78673.0,8076.0,586.0,2,family,one-year,bank_transfer,north,0
CUST100227,user227@example.com,54.0,5.2,22.38,26858.0,6610.0,575.0,2,premium,month-to-month,credit_card,east,0
CUST100228,user228@example.com,45.0,1.2,88.06,52964.0,26259.0,560.0,1,standard,one-year,e_check,west,0
CUST100229,user229@example.com,38.0,57.9,48.27,51967.0,18898.0,631.0,1,standard,month-to-month,e_check,east,0
CUST100230,user230@example.com,32.0,17.9,71.87,46110.0,25539.0,608.0,1,premium,one-year,mailed_check,north,1
CUST100231,user231@example.com,63.0,107.5,40.08,66781.0,17292.0,665.0,1,family,month-to-month,bank_transfer,north,0
CUST100232,user232@example.com,45.0,8.4,95.12,24103.0,5903.0,827.0,2,premium,two-year,mailed_check,south,1
CUST100233,user233@example.com,48.0,14.8,43.62,61731.0,25933.0,655.0,5,standard,month-to-month,bank_transfer,west,1
CUST100234,user234@example.com,52.0,17.2,81.82,37506.0,18358.0,789.0,3,basic,month-to-month,mailed_check,north,0
CUST100235,user235@example.com,47.0,7.7,79.08,55594.0,8779.0,624.0,1,family,month-to-month,mailed_check,west,1
CUST100236,user236@example.com,37.0,19.1,76.81,38036.0,7325.0,632.0,1,standard,month-to-month,mailed_check,west,0
CUST100237,user237@example.com,40.0,36.9,65.52,56875.0,9006.0,465.0,0,basic,two-year,mailed_check,north,0
CUST100238,user238@example.com,50.0,2.3,83.79,71178.0,15590.0,747.0,1,premium,two-year,mailed_check,north,0
CUST100239,user239@example.com,53.0,25.4,68.58,51261.0,6174.0,581.0,0,premium,month-to-month,credit_card,east,1
CUST100240,user240@example.com,55.0,2.7,63.39,48140.0,27487.0,712.0,0,premium,month-to-month,bank_transfer,east,0
CUST100241,user241@example.com,32.0,41.3,88.49,38605.0,22548.0,452.0,4,premium,two-year,bank_transfer,east,1
CUST100242,user242@example.com,44.0,10.2,121.31,56540.0,26007.0,594.0,1,family,month-to-month,bank_transfer,north,0
CUST100243,user243@example.com,32.0,7.5,69.31,74398.0,31927.0,659.0,0,premium,month-to-month,mailed_check,north,0
CUST100244,user244@example.com,41.0,28.9,36.78,52992.0,8339.0,632.0,2,basic,month-to-month,mailed_check,south,1
CUST100245,user245@example.com,39.0,15.2,63.15,82448.0,11176.0,582.0,1,premium,month-to-month,e_check,north,1
CUST100246,user246@example.com,42.0,38.5,85.96,49398.0,4719.0,665.0,2,premium,month-to-month,e_check,south,0
CUST100247,user247@example.com,53.0,33.7,61.16,92919.0,9466.0,709.0,1,premium,month-to-month,mailed_check,north,1
CUST100248,user248@example.com,32.0,64.3,34.05,15408.0,5827.0,533.0,2,premium,month-to-month,mailed_check,south,0
CUST100249,user249@example.com,66.0,12.9,76.38,43696.0,5545.0,689.0,3,premium,month-to-month,e_check,north,1
CUST100250,user250@example.com,57.0,8.4,65.01,38117.0,20956.0,735.0,2,premium,month-to-month,bank_transfer,east,1
CUST100251,user251@example.com,23.0,1.9,54.31,52643.0,13877.0,728.0,0,standard,two-year,mailed_check,south,0
CUST100252,user252@example.com,46.0,2.2,76.93,66504.0,4442.0,651.0,1,standard,month-to-month,bank_transfer,east,1
CUST100253,user253@example.com,28.0,71.8,92.49,106260.0,57807.0,625.0,1,basic,one-year,credit_card,south,0
CUST100254,user254@example.com,46.0,33.9,59.65,56905.0,30707.0,700.0,0,family,month-to-month,mailed_check,south,1
CUST100255,user255@example.com,25.0,3.2,90.33,71954.0,9826.0,636.0,4,standard,month-to-month,credit_card,east,1
CUST100256,user256@example.com,56.0,35.8,72.71,38649.0,18818.0,749.0,1,family,one-year,bank_transfer,west,1
CUST100257,user257@example.com,56.0,6.3,44.88,48764.0,7957.0,835.0,5,premium,two-year,credit_card,west,0
CUST100258,user258@example.com,36.0,55.2,21.6,68569.0,12555.0,556.0,4,family,month-to-month,mailed_check,south,1
CUST100259,user259@example.com,44.0,12.5,75.74,24657.0,5229.0,677.0,1,standard,month-to-month,mailed_check,north,0
CUST100260,user260@example.com,27.0,42.5,68.59,32115.0,13587.0,643.0,0,premium,month-to-month,e_check,west,1
CUST100261,user261@example.com,35.0,25.7,52.16,56581.0,12258.0,489.0,2,standard,month-to-month,e_check,west,1
CUST100262,user262@example.com,40.0,10.4,55.19,51714.0,6348.0,681.0,0,standard,two-year,bank_transfer,east,0
CUST100263,user263@example.com,23.0,24.7,40.77,59340.0,10386.0,639.0,0,family,month-to-month,bank_transfer,west,0
CUST100264,user264@example.com,61.0,3.7,76.66,21345.0,1335.0,716.0,2,standard,one-year,mailed_check,south,0
CUST100265,user265@example.com,43.0,0.5,43.66,48179.0,3519.0,722.0,1,premium,two-year,e_check,west,0
CUST100266,user266@example.com,57.0,96.6,63.15,49883.0,29508.0,664.0,0,premium,month-to-month,credit_card,south,0
CUST100267,user267@example.com,40.0,21.0,58.1,58852.0,14236.0,725.0,1,standard,month-to-month,mailed_check,south,0
CUST100268,user268@example.com,33.0,14.0,32.47,71942.0,31804.0,550.0,1,family,month-to-month,credit_card,east,0
CUST100269,user269@example.com,43.0,27.7,85.25,55905.0,25825.0,645.0,1,family,month-to-month,e_check,south,0
CUST100270,user270@example.com,53.0,30.0,65.71,33044.0,10603.0,743.0,4,family,month-to-month,credit_card,west,0
CUST100271,user271@example.com,34.0,36.5,129.59,61477.0,32195.0,717.0,1,family,month-to-month,credit_card,east,0
CUST100272,user272@example.com,45.0,15.6,48.44,19961.0,7769.0,636.0,2,premium,month-to-month,mailed_check,south,0
CUST100273,user273@example.com,35.0,6.9,114.7,56950.0,31192.0,684.0,5,premium,month-to-month,bank_transfer,west,0
CUST100274,user274@example.com,18.0,38.4,71.37,64647.0,24564.0,585.0,2,family,month-to-month,credit_card,west,1
CUST100275,user275@example.com,37.0,0.7,58.14,53724.0,4651.0,773.0,1,premium,two-year,credit_card,north,0
CUST100276,user276@example.com,43.0,18.3,45.35,68082.0,10230.0,725.0,0,family,month-to-month,credit_card,east,1
CUST100277,user277@example.com,42.0,27.3,36.67,28558.0,7504.0,660.0,1,basic,month-to-month,e_check,south,0
CUST100278,user278@example.com,38.0,9.7,53.92,100337.0,54873.0,681.0,1,premium,month-to-month,bank_transfer,north,1
CUST100279,user279@example.com,43.0,43.7,51.52,36528.0,19857.0,688.0,2,basic,one-year,mailed_check,south,1
CUST100280,user280@example.com,34.0,4.0,59.48,12000.0,3191.0,700.0,2,family,two-year,credit_card,east,0
CUST100281,user281@example.com,48.0,42.2,51.68,29385.0,5092.0,628.0,0,premium,one-year,bank_transfer,east,0
CUST100282,user282@example.com,36.0,17.7,92.33,113662.0,25878.0,704.0,1,family,one-year,credit_card,north,0
CUST100283,user283@example.com,51.0,35.6,42.86,76800.0,25605.0,808.0,2,premium,month-to-month,e_check,east,1
CUST100284,user284@example.com,25.0,17.0,51.34,29649.0,6632.0,720.0,0,premium,one-year,credit_card,south,0
CUST100285,user285@example.com,43.0,20.0,63.52,78489.0,6879.0,623.0,1,standard,two-year,e_check,south,0
CUST100286,user286@example.com,48.0,29.5,49.3,80572.0,44435.0,623.0,1,standard,month-to-month,e_check,north,0
CUST100287,user287@example.com,57.0,18.5,93.43,25955.0,10733.0,668.0,1,family,one-year,credit_card,east,0
CUST100288,user288@example.com,35.0,6.0,46.74,79403.0,40501.0,771.0,1,basic,one-year,bank_transfer,east,0
CUST100289,user289@example.com,56.0,27.2,61.73,46753.0,5796.0,686.0,5,standard,one-year,bank_transfer,north,0
CUST100290,user290@example.com,47.0,52.5,59.88,68957.0,27173.0,507.0,1,standard,one-year,e_check,west,1
CUST100291,user291@example.com,62.0,26.5,60.09,74204.0,22438.0,569.0,2,premium,month-to-month,credit_card,east,0
CUST100292,user292@example.com,24.0,18.5,123.05,73755.0,34527.0,570.0,1,premium,two-year,bank_transfer,west,0
CUST100293,user293@example.com,44.0,32.9,100.84,50978.0,26786.0,701.0,1,family,two-year,e_check,east,0
CUST100294,user294@example.com,41.0,10.0,81.96,38543.0,4560.0,550.0,3,premium,two-year,mailed_check,west,0
CUST100295,user295@example.com,43.0,10.0,76.51,65505.0,26192.0,736.0,3,family,two-year,credit_card,north,0
CUST100296,user296@example.com,52.0,5.6,115.36,71416.0,21613.0,786.0,1,standard,two-year,e_check,north,0
CUST100297,user297@example.com,58.0,3.4,64.76,64326.0,19873.0,720.0,3,premium,month-to-month,mailed_check,east,1
CUST100298,user298@example.com,45.0,0.2,61.72,53739.0,14619.0,487.0,2,premium,month-to-month,bank_transfer,south,0
CUST100299,user299@example.com,22.0,8.9,67.32,68442.0,4814.0,583.0,0,premium,month-to-month,e_check,east,1
CUST100300,user300@example.com,37.0,100.1,65.85,22386.0,4849.0,629.0,3,premium,month-to-month,credit_card,south,1
CUST100301,user301@example.com,79.0,30.3,76.63,69624.0,36421.0,607.0,0,premium,one-year,mailed_check,east,0
CUST100302,user302@example.com,30.0,22.9,70.7,50895.0,21293.0,576.0,1,premium,month-to-month,credit_card,south,0
CUST100303,user303@example.com,44.0,12.1,15.36,77223.0,38242.0,586.0,3,premium,month-to-month,e_check,west,1
CUST100304,user304@example.com,50.0,20.7,75.49,58204.0,16478.0,657.0,3,premium,one-year,credit_card,south,0
CUST100305,user305@example.com,53.0,32.8,80.86,67042.0,35735.0,608.0,2,family,month-to-month,mailed_check,west,0
CUST100306,user306@example.com,34.0,11.3,80.54,66668.0,27461.0,625.0,2,standard,one-year,credit_card,east,0
CUST100307,user307@example.com,59.0,10.1,52.5,47543.0,25551.0,707.0,1,premium,one-year,credit_card,west,0
CUST100308,user308@example.com,56.0,34.0,34.28,39983.0,12296.0,468.0,2,family,month-to-month,credit_card,east,0
CUST100309,user309@example.com,47.0,5.5,97.66,73712.0,31336.0,521.0,2,premium,month-to-month,bank_transfer,north,1
CUST100310,user310@example.com,31.0,14.7,60.62,61486.0,9516.0,611.0,2,basic,month-to-month,mailed_check,west,1
CUST100311,user311@example.com,35.0,1.2,57.91,60523.0,15078.0,617.0,1,premium,one-year,credit_card,west,0
CUST100312,user312@example.com,34.0,6.8,54.28,73444.0,9750.0,601.0,3,standard,month-to-month,bank_transfer,west,0
CUST100313,user313@example.com,39.0,85.8,81.88,67386.0,10810.0,651.0,1,family,month-to-month,mailed_check,west,1
CUST100314,user314@example.com,58.0,9.8,92.13,82199.0,22534.0,620.0,3,premium,two-year,e_check,north,0
CUST100315,user315@example.com,45.0,80.2,79.42,47991.0,13037.0,771.0,3,standard,one-year,credit_card,east,1
CUST100316,user316@example.com,49.0,27.7,78.56,65692.0,33997.0,568.0,1,premium,one-year,credit_card,west,0
CUST100317,user317@example.com,43.0,3.9,60.16,81720.0,25548.0,658.0,0,premium,month-to-month,credit_card,west,0
CUST100318,user318@example.com,60.0,4.2,58.33,42640.0,5441.0,629.0,2,premium,month-to-month,mailed_check,north,0
CUST100319,user319@example.com,23.0,26.1,59.69,35668.0,20546.0,645.0,2,standard,month-to-month,e_check,west,1
CUST100320,user320@example.com,18.0,9.5,79.16,53050.0,11322.0,624.0,2,premium,one-year,bank_transfer,north,0
CUST100321,user321@example.com,41.0,23.6,55.65,55733.0,9445.0,720.0,4,standard,one-year,mailed_check,west,0
CUST100322,user322@example.com,41.0,1.2,83.37,59562.0,35575.0,680.0,3,family,month-to-month,credit_card,west,0
CUST100323,user323@example.com,41.0,5.5,85.06,70816.0,25842.0,560.0,1,premium,one-year,e_check,east,1
CUST100324,user324@example.com,33.0,25.3,86.12,65636.0,10288.0,748.0,2,basic,one-year,mailed_check,south,1
CUST100325,user325@example.com,26.0,11.7,59.24,107267.0,29050.0,690.0,1,premium,month-to-month,credit_card,east,0
CUST100326,user326@example.com,40.0,53.7,48.12,80563.0,15617.0,622.0,1,premium,month-to-month,mailed_check,south,0
CUST100327,user327@example.com,37.0,0.9,70.01,42880.0,11839.0,712.0,1,standard,one-year,bank_transfer,east,0
CUST100328,user328@example.com,44.0,8.2,57.81,72930.0,24065.0,599.0,2,standard,month-to-month,e_check,north,1
CUST100329,user329@example.com,50.0,6.1,54.27,54276.0,20653.0,665.0,1,basic,two-year,bank_transfer,east,0
CUST100330,user330@example.com,55.0,37.1,62.93,67894.0,13283.0,561.0,0,standard,one-year,e_check,south,0
CUST100331,user331@example.com,51.0,46.1,84.61,61469.0,8407.0,712.0,1,family,month-to-month,mailed_check,west,0
CUST100332,user332@example.com,41.0,26.4,48.48,19734.0,6748.0,680.0,1,premium,one-year,mailed_check,north,0
CUST100333,user333@example.com,47.0,3.3,111.68,40802.0,15878.0,650.0,1,premium,one-year,bank_transfer,east,1
CUST100334,user334@example.com,27.0,4.2,82.78,58058.0,7355.0,692.0,1,basic,one-year,bank_transfer,west,1
CUST100335,user335@example.com,31.0,5.8,58.29,70109.0,23375.0,526.0,2,premium,month-to-month,credit_card,south,1
CUST100336,user336@example.com,62.0,7.5,87.72,32959.0,18962.0,715.0,3,premium,one-year,bank_transfer,south,0
CUST100337,user337@example.com,54.0,17.2,47.72,82775.0,18310.0,589.0,4,family,one-year,bank_transfer,west,0
CUST100338,user338@example.com,24.0,7.7,73.83,73007.0,9227.0,786.0,4,premium,month-to-month,mailed_check,north,1
CUST100339,user339@example.com,33.0,5.2,80.76,35381.0,10774.0,646.0,1,standard,one-year,mailed_check,south,1
CUST100340,user340@example.com,64.0,0.3,86.22,54902.0,16256.0,547.0,1,premium,month-to-month,credit_card,west,0
CUST100341,user341@example.com,32.0,5.2,66.37,73092.0,23713.0,830.0,3,standard,month-to-month,e_check,north,1
CUST100342,user342@example.com,19.0,11.9,42.96,78806.0,15128.0,705.0,5,premium,month-to-month,e_check,south,1
CUST100343,user343@example.com,35.0,9.6,69.65,27964.0,12032.0,567.0,1,basic,month-to-month,credit_card,north,0
CUST100344,user344@example.com,36.0,4.8,100.45,41993.0,6681.0,671.0,1,premium,month-to-month,bank_transfer,west,0
CUST100345,user345@example.com,55.0,5.8,53.1,75734.0,37508.0,731.0,3,premium,one-year,e_check,south,1
CUST100346,user346@example.com,52.0,36.7,52.28,32304.0,3390.0,403.0,1,family,two-year,e_check,east,1
CUST100347,user347@example.com,36.0,3.2,63.92,67044.0,40219.0,664.0,2,premium,one-year,mailed_check,north,1
CUST100348,user348@example.com,41.0,21.9,84.09,54869.0,8232.0,651.0,1,standard,month-to-month,e_check,north,1
CUST100349,user349@example.com,45.0,13.2,42.5,50888.0,28859.0,654.0,1,family,one-year,mailed_check,west,0
CUST100350,user350@example.com,51.0,44.8,54.58,12000.0,3187.0,523.0,1,family,two-year,credit_card,west,0
CUST100351,user351@example.com,37.0,14.7,44.43,76333.0,20722.0,629.0,1,premium,one-year,bank_transfer,west,0
CUST100352,user352@example.com,45.0,12.9,104.04,40253.0,21244.0,529.0,1,standard,two-year,credit_card,south,0
CUST100353,user353@example.com,59.0,32.1,46.54,43083.0,2706.0,679.0,2,premium,month-to-month,bank_transfer,south,1
CUST100354,user354@example.com,40.0,5.6,72.85,64653.0,12174.0,604.0,3,premium,month-to-month,e_check,north,1
CUST100355,user355@example.com,44.0,18.8,53.22,55114.0,5260.0,664.0,2,basic,month-to-month,e_check,south,1
CUST100356,user356@example.com,49.0,19.9,79.49,55009.0,32160.0,650.0,3,premium,one-year,e_check,north,0
CUST100357,user357@example.com,35.0,1.7,93.62,52042.0,20428.0,666.0,1,family,month-to-month,bank_transfer,south,0
CUST100358,user358@example.com,31.0,120.0,65.56,43863.0,13738.0,611.0,1,standard,month-to-month,e_check,west,0
CUST100359,user359@example.com,47.0,31.9,88.8,42551.0,11233.0,650.0,0,premium,one-year,e_check,north,0
CUST100360,user360@example.com,49.0,17.1,84.29,66868.0,35293.0,664.0,1,premium,two-year,mailed_check,west,1
CUST100361,user361@example.com,41.0,2.8,75.84,36110.0,2251.0,759.0,2,family,month-to-month,mailed_check,north,1
CUST100362,user362@example.com,34.0,29.6,91.8,41952.0,11836.0,672.0,0,basic,one-year,mailed_check,east,1
CUST100363,user363@example.com,36.0,48.0,125.98,55989.0,16273.0,707.0,2,premium,two-year,mailed_check,north,1
CUST100364,user364@example.com,45.0,17.9,100.73,67450.0,6448.0,709.0,1,premium,two-year,e_check,north,0
CUST100365,user365@example.com,28.0,11.0,30.17,39898.0,13504.0,648.0,0,premium,one-year,e_check,east,0
CUST100366,user366@example.com,55.0,15.8,35.47,38621.0,16742.0,700.0,1,premium,month-to-month,bank_transfer,north,0
CUST100367,user367@example.com,61.0,10.0,67.62,49158.0,20596.0,687.0,0,premium,month-to-month,mailed_check,north,1
CUST100368,user368@example.com,24.0,19.6,19.22,37073.0,18205.0,514.0,0,premium,month-to-month,credit_card,west,0
CUST100369,user369@example.com,49.0,22.6,66.14,52486.0,12424.0,699.0,0,family,month-to-month,mailed_check,north,0
CUST100370,user370@example.com,52.0,5.2,31.93,12000.0,6709.0,734.0,2,premium,one-year,credit_card,north,0
CUST100371,user371@example.com,52.0,11.3,73.85,84998.0,50451.0,684.0,1,premium,two-year,credit_card,west,0
CUST100372,user372@example.com,22.0,4.1,79.47,53560.0,11012.0,569.0,1,premium,month-to-month,credit_card,south,0
CUST100373,user373@example.com,38.0,8.2,66.06,19123.0,10337.0,583.0,4,standard,month-to-month,mailed_check,south,1
CUST100374,user374@example.com,35.0,43.6,61.12,43341.0,15312.0,586.0,1,standard,month-to-month,bank_transfer,north,1
CUST100375,user375@example.com,39.0,6.2,52.12,56036.0,22713.0,676.0,1,premium,month-to-month,bank_transfer,east,1
CUST100376,user376@example.com,27.0,11.9,72.17,52387.0,31132.0,715.0,3,premium,two-year,bank_transfer,south,0
CUST100377,user377@example.com,63.0,26.5,39.49,28233.0,4769.0,486.0,1,standard,one-year,credit_card,east,1
CUST100378,user378@example.com,47.0,7.0,47.16,79541.0,42397.0,616.0,1,standard,month-to-month,bank_transfer,west,0
CUST100379,user379@example.com,30.0,15.9,80.32,71922.0,26892.0,648.0,1,premium,month-to-month,e_check,west,1
CUST100380,user380@example.com,35.0,8.3,61.01,28596.0,14674.0,666.0,2,premium,month-to-month,bank_transfer,north,0
CUST100381,user381@example.com,59.0,67.7,58.07,61264.0,31890.0,581.0,2,standard,two-year,e_check,south,0
CUST100382,user382@example.com,41.0,3.6,93.61,36293.0,3608.0,646.0,1,family,month-to-month,mailed_check,west,0
CUST100383,user383@example.com,57.0,23.5,68.64,27439.0,7655.0,659.0,1,premium,month-to-month,mailed_check,south,1
CUST100384,user384@example.com,50.0,31.5,57.91,36285.0,13865.0,641.0,2,premium,month-to-month,mailed_check,east,0
CUST100385,user385@example.com,26.0,51.0,86.62,69308.0,4919.0,673.0,3,premium,month-to-month,credit_card,east,0
CUST100386,user386@example.com,30.0,6.8,47.3,34289.0,4392.0,637.0,1,standard,two-year,mailed_check,north,1
CUST100387,user387@example.com,28.0,51.0,10.0,59804.0,19114.0,670.0,2,premium,one-year,mailed_check,east,0
CUST100388,user388@example.com,48.0,22.8,103.98,25822.0,7890.0,590.0,3,premium,two-year,credit_card,north,0
CUST100389,user389@example.com,65.0,0.5,40.18,68084.0,28797.0,646.0,0,family,month-to-month,credit_card,north,0
CUST100390,user390@example.com,44.0,39.7,111.38,48531.0,20065.0,610.0,1,premium,month-to-month,credit_card,west,0
CUST100391,user391@example.com,41.0,39.6,55.81,62739.0,34094.0,656.0,3,premium,two-year,credit_card,north,0
CUST100392,user392@example.com,48.0,11.8,22.68,29624.0,13811.0,649.0,0,premium,one-year,mailed_check,west,0
CUST100393,user393@example.com,41.0,2.2,46.47,97180.0,22232.0,606.0,5,standard,month-to-month,e_check,east,0
CUST100394,user394@example.com,38.0,1.5,79.1,92900.0,9666.0,621.0,3,family,month-to-month,e_check,north,1
CUST100395,user395@example.com,44.0,17.9,108.74,12000.0,3390.0,628.0,1,premium,month-to-month,bank_transfer,north,1
CUST100396,user396@example.com,51.0,17.8,92.22,79942.0,7076.0,625.0,2,premium,month-to-month,e_check,south,1
CUST100397,user397@example.com,36.0,19.0,95.16,57579.0,30515.0,492.0,0,basic,month-to-month,bank_transfer,east,0
CUST100398,user398@example.com,30.0,3.6,38.25,64155.0,28060.0,751.0,0,premium,two-year,bank_transfer,west,0
CUST100399,user399@example.com,53.0,11.9,90.37,62993.0,32997.0,628.0,0,premium,month-to-month,mailed_check,east,0
CUST100400,user400@example.com,18.0,26.6,63.94,72882.0,5349.0,694.0,1,standard,month-to-month,credit_card,east,0
CUST100401,user401@example.com,26.0,2.0,113.73,42709.0,3129.0,512.0,0,premium,month-to-month,credit_card,west,1
CUST100402,user402@example.com,42.0,14.5,81.31,24576.0,6961.0,663.0,1,standard,month-to-month,mailed_check,north,0
CUST100403,user403@example.com,53.0,3.9,79.6,41402.0,18196.0,634.0,3,standard,two-year,mailed_check,south,1
CUST100404,user404@example.com,44.0,21.1,35.22,38848.0,13853.0,521.0,1,family,month-to-month,bank_transfer,east,0
CUST100405,user405@example.com,35.0,21.5,85.74,55101.0,4367.0,773.0,1,standard,two-year,credit_card,west,0
CUST100406,user406@example.com,52.0,115.7,54.58,54481.0,15578.0,757.0,1,premium,month-to-month,credit_card,west,0
CUST100407,user407@example.com,33.0,12.8,86.82,44513.0,13874.0,682.0,2,premium,one-year,mailed_check,south,1
CUST100408,user408@example.com,50.0,15.3,65.18,40941.0,20550.0,716.0,2,family,two-year,e_check,west,0
CUST100409,user409@example.com,37.0,12.8,57.38,68275.0,27378.0,684.0,2,premium,two-year,bank_transfer,west,0
CUST100410,user410@example.com,28.0,3.8,82.69,33553.0,11476.0,618.0,1,standard,one-year,mailed_check,north,1
CUST100411,user411@example.com,51.0,4.0,73.86,70028.0,30042.0,509.0,4,basic,one-year,credit_card,north,1
CUST100412,user412@example.com,61.0,14.8,38.63,53842.0,19952.0,565.0,3,premium,month-to-month,bank_transfer,north,1
CUST100413,user413@example.com,37.0,6.0,107.84,43681.0,14727.0,606.0,2,family,two-year,bank_transfer,east,0
CUST100414,user414@example.com,54.0,19.9,64.77,34855.0,20818.0,815.0,2,premium,month-to-month,credit_card,west,1
CUST100415,user415@example.com,18.0,26.5,91.47,82783.0,8088.0,577.0,1,standard,month-to-month,bank_transfer,west,0
CUST100416,user416@example.com,26.0,15.9,67.03,20072.0,10537.0,623.0,1,standard,one-year,e_check,west,0
CUST100417,user417@example.com,30.0,34.8,48.02,63620.0,19291.0,655.0,2,family,month-to-month,credit_card,east,1
CUST100418,user418@example.com,40.0,9.5,65.05,52237.0,18139.0,688.0,0,premium,month-to-month,mailed_check,east,1
CUST100419,user419@example.com,48.0,0.6,83.82,49673.0,21792.0,633.0,0,premium,month-to-month,mailed_check,west,0
CUST100420,user420@example.com,27.0,21.0,130.32,29164.0,9026.0,616.0,5,premium,one-year,credit_card,south,0
CUST100421,user421@example.com,31.0,48.4,95.31,39523.0,11474.0,848.0,1,premium,month-to-month,bank_transfer,south,0
CUST100422,user422@example.com,51.0,13.9,56.38,101428.0,50064.0,610.0,1,standard,one-year,credit_card,west,0
CUST100423,user423@example.com,31.0,37.1,32.05,76818.0,26785.0,842.0,4,premium,month-to-month,credit_card,south,0
CUST100424,user424@example.com,58.0,59.2,70.7,75098.0,44276.0,617.0,2,premium,month-to-month,bank_transfer,north,0
CUST100425,user425@example.com,33.0,25.6,71.38,69201.0,37936.0,656.0,1,standard,month-to-month,mailed_check,east,0
CUST100426,user426@example.com,56.0,3.2,94.71,60268.0,21493.0,714.0,0,premium,month-to-month,credit_card,west,0
CUST100427,user427@example.com,51.0,43.5,103.01,83987.0,42962.0,620.0,3,family,one-year,bank_transfer,west,0
CUST100428,user428@example.com,43.0,19.3,85.71,59481.0,23485.0,543.0,1,premium,month-to-month,e_check,east,1
CUST100429,user429@example.com,44.0,7.1,93.75,102372.0,29795.0,671.0,0,family,one-year,mailed_check,west,0
CUST100430,user430@example.com,43.0,32.1,65.0,80711.0,15392.0,549.0,2,premium,month-to-month,bank_transfer,south,0
CUST100431,user431@example.com,55.0,1.8,91.55,62365.0,33712.0,461.0,2,basic,month-to-month,mailed_check,east,0
CUST100432,user432@example.com,18.0,39.1,77.93,68303.0,20020.0,684.0,2,premium,month-to-month,bank_transfer,south,0
CUST100433,user433@example.com,38.0,8.4,120.05,54115.0,17536.0,562.0,6,basic,month-to-month,bank_transfer,east,1
CUST100434,user434@example.com,44.0,21.4,75.7,90168.0,11863.0,720.0,2,standard,two-year,e_check,south,0
CUST100435,user435@example.com,56.0,37.0,65.33,43662.0,2470.0,669.0,0,standard,month-to-month,mailed_check,south,0
CUST100436,user436@example.com,35.0,0.7,89.21,68549.0,16085.0,707.0,2,standard,one-year,bank_transfer,north,1
CUST100437,user437@example.com,18.0,60.1,108.13,57871.0,12922.0,756.0,2,standard,month-to-month,bank_transfer,south,0
CUST100438,user438@example.com,18.0,70.0,90.38,39517.0,14387.0,707.0,0,family,month-to-month,credit_card,south,0
CUST100439,user439@example.com,42.0,16.4,80.87,63815.0,26275.0,735.0,2,premium,two-year,credit_card,west,1
CUST100440,user440@example.com,26.0,6.9,68.86,12000.0,1280.0,598.0,2,premium,one-year,mailed_check,south,1
CUST100441,user441@example.com,39.0,1.4,48.07,73234.0,29997.0,739.0,1,basic,month-to-month,credit_card,west,0
CUST100442,user442@example.com,26.0,5.8,99.6,86416.0,27110.0,693.0,2,standard,two-year,credit_card,west,0
CUST100443,user443@example.com,37.0,64.8,99.66,44842.0,7737.0,689.0,3,standard,one-year,bank_transfer,south,1
CUST100444,user444@example.com,65.0,24.8,17.34,48173.0,21513.0,732.0,1,standard,one-year,credit_card,north,0
CUST100445,user445@example.com,57.0,28.5,48.76,51574.0,29233.0,736.0,0,basic,one-year,mailed_check,west,0
CUST100446,user446@example.com,41.0,6.7,87.96,75860.0,23037.0,675.0,1,basic,month-to-month,credit_card,east,1
CUST100447,user447@example.com,38.0,15.5,57.52,85988.0,40171.0,502.0,2,premium,two-year,e_check,north,1
CUST100448,user448@example.com,31.0,27.3,83.94,81569.0,48933.0,760.0,2,family,month-to-month,mailed_check,east,0
CUST100449,user449@example.com,48.0,0.2,45.23,78935.0,45741.0,610.0,0,premium,one-year,e_check,north,0
CUST100450,user450@example.com,37.0,2.9,49.13,62918.0,18071.0,677.0,1,premium,two-year,e_check,north,1
CUST100451,user451@example.com,58.0,33.5,41.26,15017.0,797.0,704.0,3,basic,one-year,bank_transfer,east,1
CUST100452,user452@example.com,43.0,13.5,67.16,51260.0,13776.0,482.0,1,premium,month-to-month,credit_card,west,0
CUST100453,user453@example.com,43.0,7.1,69.95,73833.0,26717.0,623.0,1,premium,month-to-month,mailed_check,south,1
CUST100454,user454@example.com,22.0,22.9,39.73,73513.0,39846.0,664.0,1,premium,one-year,mailed_check,north,1
CUST100455,user455@example.com,35.0,2.8,44.2,51370.0,26443.0,850.0,1,premium,month-to-month,bank_transfer,south,0
CUST100456,user456@example.com,64.0,4.2,59.24,17905.0,9204.0,723.0,0,premium,two-year,bank_transfer,west,0
CUST100457,user457@example.com,23.0,24.9,61.35,72984.0,7937.0,577.0,0,basic,two-year,credit_card,south,1
CUST100458,user458@example.com,39.0,14.6,50.65,37716.0,16616.0,746.0,1,basic,month-to-month,bank_transfer,west,0
CUST100459,user459@example.com,39.0,30.3,84.9,37785.0,16164.0,768.0,2,basic,one-year,credit_card,south,0
CUST100460,user460@example.com,45.0,13.2,59.39,75879.0,33564.0,631.0,0,standard,month-to-month,mailed_check,south,1
CUST100461,user461@example.com,46.0,16.3,73.82,58514.0,10868.0,655.0,2,premium,one-year,mailed_check,east,1
CUST100462,user462@example.com,35.0,2.3,80.2,73311.0,36968.0,692.0,1,family,two-year,e_check,north,0
CUST100463,user463@example.com,52.0,38.2,47.52,27668.0,5614.0,692.0,1,basic,month-to-month,credit_card,north,1
CUST100464,user464@example.com,34.0,33.3,83.09,53470.0,7975.0,648.0,0,premium,month-to-month,mailed_check,north,1
CUST100465,user465@example.com,48.0,43.6,73.88,22112.0,13055.0,564.0,1,premium,one-year,mailed_check,east,0
CUST100466,user466@example.com,23.0,14.0,72.06,75703.0,38964.0,518.0,2,basic,month-to-month,mailed_check,east,1
CUST100467,user467@example.com,32.0,5.3,48.91,71516.0,21484.0,573.0,1,premium,one-year,mailed_check,east,0
CUST100468,user468@example.com,23.0,41.9,92.56,35893.0,10906.0,606.0,1,premium,two-year,mailed_check,east,0
CUST100469,user469@example.com,45.0,6.9,28.86,50359.0,5984.0,639.0,1,basic,month-to-month,credit_card,north,1
CUST100470,user470@example.com,45.0,65.2,66.37,67356.0,35038.0,707.0,3,standard,month-to-month,credit_card,east,1
CUST100471,user471@example.com,36.0,22.9,48.64,35260.0,12632.0,581.0,2,premium,month-to-month,mailed_check,east,1
CUST100472,user472@example.com,44.0,14.9,59.25,20621.0,6223.0,578.0,4,basic,month-to-month,e_check,north,1
CUST100473,user473@example.com,27.0,0.5,34.51,54241.0,19297.0,689.0,0,premium,two-year,bank_transfer,north,0
CUST100474,user474@example.com,56.0,4.8,51.93,70502.0,15135.0,587.0,1,standard,one-year,mailed_check,west,0
CUST100475,user475@example.com,52.0,11.8,41.96,35164.0,11566.0,597.0,2,basic,one-year,mailed_check,south,1
CUST100476,user476@example.com,30.0,35.6,32.24,81890.0,14129.0,639.0,1,basic,one-year,mailed_check,north,0
CUST100477,user477@example.com,27.0,14.2,82.87,63081.0,32763.0,632.0,0,standard,two-year,bank_transfer,south,0
CUST100478,user478@example.com,35.0,31.4,51.71,80963.0,11313.0,559.0,2,premium,two-year,mailed_check,north,0
CUST100479,user479@example.com,44.0,4.4,64.42,34065.0,13448.0,706.0,3,premium,month-to-month,e_check,east,1
CUST100480,user480@example.com,43.0,67.5,78.58,34907.0,13645.0,740.0,1,family,month-to-month,mailed_check,east,0
CUST100481,user481@example.com,29.0,8.2,76.65,41744.0,8706.0,614.0,2,family,one-year,e_check,south,0
CUST100482,user482@example.com,36.0,96.6,65.91,84267.0,48971.0,825.0,2,premium,one-year,bank_transfer,west,0
CUST100483,user483@example.com,45.0,20.4,52.37,56434.0,23684.0,592.0,2,premium,month-to-month,e_check,south,1
CUST100484,user484@example.com,36.0,5.9,59.73,51142.0,19219.0,651.0,2,basic,month-to-month,e_check,east,1
CUST100485,user485@example.com,43.0,23.3,74.28,82401.0,38099.0,546.0,2,basic,two-year,credit_card,south,1
CUST100486,user486@example.com,53.0,2.5,95.85,30633.0,14543.0,612.0,3,standard,month-to-month,bank_transfer,south,0
CUST100487,user487@example.com,34.0,2.0,11.45,60271.0,3119.0,797.0,1,basic,month-to-month,bank_transfer,west,0
CUST100488,user488@example.com,52.0,7.9,79.4,53050.0,17801.0,678.0,3,premium,one-year,credit_card,south,0
CUST100489,user489@example.com,41.0,3.3,39.86,87229.0,43790.0,654.0,2,premium,month-to-month,bank_transfer,south,0
CUST100490,user490@example.com,40.0,11.1,56.66,73974.0,7003.0,583.0,2,family,two-year,credit_card,east,0
CUST100491,user491@example.com,25.0,27.9,64.18,45219.0,15446.0,538.0,1,family,two-year,e_check,south,0
CUST100492,user492@example.com,51.0,17.0,66.78,89183.0,45937.0,749.0,0,standard,month-to-month,bank_transfer,west,1
CUST100493,user493@example.com,65.0,19.3,53.79,58689.0,26817.0,682.0,4,family,one-year,credit_card,west,1
CUST100494,user494@example.com,29.0,2.6,98.28,66661.0,19800.0,584.0,3,family,month-to-month,bank_transfer,north,1
CUST100495,user495@example.com,30.0,41.4,83.7,62985.0,11338.0,578.0,2,premium,one-year,mailed_check,east,0
CUST100496,user496@example.com,60.0,111.7,58.12,89184.0,7611.0,694.0,4,premium,month-to-month,mailed_check,west,1
CUST100497,user497@example.com,50.0,23.2,108.97,12000.0,6010.0,731.0,3,family,one-year,bank_transfer,north,0
CUST100498,user498@example.com,34.0,43.6,51.72,65762.0,38494.0,534.0,2,standard,one-year,credit_card,west,0
CUST100499,user499@example.com,62.0,17.3,50.09,100374.0,36949.0,646.0,2,basic,one-year,bank_transfer,west,0
CUST100500,user500@example.com,36.0,43.2,72.04,29755.0,16391.0,669.0,2,premium,two-year,mailed_check,west,0
CUST100501,user501@example.com,42.0,20.4,54.94,35500.0,11404.0,659.0,1,premium,month-to-month,mailed_check,east,0
CUST100502,user502@example.com,46.0,21.7,79.35,59747.0,10067.0,640.0,1,premium,month-to-month,bank_transfer,east,1
CUST100503,user503@example.com,51.0,18.3,61.96,80216.0,5769.0,534.0,6,premium,month-to-month,bank_transfer,east,0
CUST100504,user504@example.com,47.0,63.3,77.68,61783.0,27189.0,656.0,1,family,one-year,bank_transfer,west,0
CUST100505,user505@example.com,67.0,2.7,46.97,50715.0,16436.0,713.0,1,premium,month-to-month,e_check,east,0
CUST100506,user506@example.com,58.0,10.5,114.54,54807.0,29455.0,537.0,1,standard,month-to-month,mailed_check,west,0
CUST100507,user507@example.com,61.0,26.4,56.9,47732.0,7513.0,663.0,4,premium,month-to-month,e_check,east,1
CUST100508,user508@example.com,34.0,1.9,105.17,45751.0,24383.0,684.0,2,premium,two-year,mailed_check,west,1
CUST100509,user509@example.com,46.0,28.7,35.6,27812.0,13484.0,561.0,1,basic,month-to-month,bank_transfer,south,1
CUST100510,user510@example.com,62.0,60.5,114.29,97510.0,55676.0,601.0,0,premium,month-to-month,bank_transfer,north,0
CUST100511,user511@example.com,37.0,1.3,66.19,58560.0,29508.0,581.0,2,standard,one-year,mailed_check,north,0
CUST100512,user512@example.com,37.0,1.1,63.44,34767.0,9422.0,653.0,4,premium,month-to-month,e_check,east,1
CUST100513,user513@example.com,53.0,95.3,10.0,77501.0,37494.0,562.0,2,premium,month-to-month,mailed_check,south,0
CUST100514,user514@example.com,48.0,9.7,36.17,12000.0,4849.0,514.0,1,premium,month-to-month,bank_transfer,west,0
CUST100515,user515@example.com,42.0,39.5,45.15,29196.0,16301.0,685.0,2,premium,month-to-month,mailed_check,north,0
CUST100516,user516@example.com,45.0,14.8,41.18,61030.0,29009.0,734.0,2,premium,month-to-month,credit_card,south,1
CUST100517,user517@example.com,20.0,10.2,84.65,54059.0,16337.0,625.0,2,family,month-to-month,credit_card,west,1
CUST100518,user518@example.com,38.0,28.3,57.98,66350.0,37325.0,493.0,2,premium,two-year,e_check,north,1
CUST100519,user519@example.com,32.0,19.5,68.95,36744.0,12479.0,556.0,1,family,month-to-month,bank_transfer,west,0
CUST100520,user520@example.com,61.0,11.4,73.86,46370.0,8975.0,609.0,1,standard,two-year,credit_card,east,0
CUST100521,user521@example.com,40.0,19.9,10.0,51046.0,3443.0,664.0,1,family,month-to-month,bank_transfer,west,0
CUST100522,user522@example.com,43.0,12.7,61.39,38590.0,9888.0,587.0,0,premium,month-to-month,mailed_check,north,0
CUST100523,user523@example.com,55.0,46.0,120.34,32611.0,18450.0,668.0,0,standard,month-to-month,credit_card,west,0
CUST100524,user524@example.com,61.0,21.1,95.56,86200.0,43890.0,580.0,1,premium,month-to-month,credit_card,north,1
CUST100525,user525@example.com,45.0,14.6,80.6,33968.0,11404.0,743.0,5,family,month-to-month,e_check,north,1
CUST100526,user526@example.com,32.0,10.3,72.2,49804.0,4081.0,527.0,1,premium,one-year,credit_card,south,0
CUST100527,user527@example.com,35.0,14.0,104.38,35602.0,14302.0,631.0,2,premium,one-year,bank_transfer,south,0
CUST100528,user528@example.com,46.0,25.3,83.62,42693.0,22527.0,602.0,0,family,two-year,credit_card,south,0
CUST100529,user529@example.com,46.0,42.1,64.9,25986.0,3981.0,663.0,2,standard,two-year,bank_transfer,south,0
CUST100530,user530@example.com,32.0,19.0,77.84,29173.0,8022.0,541.0,3,family,two-year,e_check,east,0
CUST100531,user531@example.com,18.0,6.1,89.16,47682.0,27406.0,659.0,4,basic,month-to-month,e_check,east,0
CUST100532,user532@example.com,23.0,19.2,100.36,48282.0,13891.0,605.0,2,family,month-to-month,credit_card,south,0
CUST100533,user533@example.com,28.0,24.1,33.79,60283.0,29181.0,665.0,1,premium,month-to-month,e_check,east,0
CUST100534,user534@example.com,39.0,37.5,72.15,96899.0,14543.0,603.0,1,family,month-to-month,mailed_check,west,0
CUST100535,user535@example.com,38.0,70.6,93.18,59371.0,19577.0,739.0,1,standard,two-year,mailed_check,south,0
CUST100536,user536@example.com,22.0,9.7,54.33,44792.0,9247.0,648.0,2,family,one-year,mailed_check,south,1
CUST100537,user537@example.com,39.0,4.4,64.07,12000.0,2065.0,621.0,0,premium,two-year,mailed_check,east,0
CUST100538,user538@example.com,62.0,11.1,109.99,28834.0,14423.0,625.0,4,family,month-to-month,mailed_check,west,1
CUST100539,user539@example.com,46.0,2.9,74.79,90152.0,54064.0,627.0,3,basic,month-to-month,e_check,east,1
CUST100540,user540@example.com,66.0,62.0,50.19,69355.0,23249.0,699.0,0,premium,month-to-month,bank_transfer,west,0
CUST100541,user541@example.com,42.0,9.5,33.32,61234.0,15780.0,654.0,0,premium,month-to-month,mailed_check,north,1
CUST100542,user542@example.com,42.0,73.9,66.14,65918.0,33485.0,627.0,0,premium,one-year,bank_transfer,north,0
CUST100543,user543@example.com,45.0,34.7,54.25,31491.0,11073.0,708.0,2,family,two-year,e_check,west,0
CUST100544,user544@example.com,64.0,14.1,100.48,61862.0,20229.0,817.0,2,standard,month-to-month,mailed_check,south,0
CUST100545,user545@example.com,61.0,68.7,50.51,50174.0,6931.0,596.0,0,premium,one-year,credit_card,south,0
CUST100546,user546@example.com,51.0,6.1,91.35,77179.0,22788.0,669.0,0,premium,month-to-month,bank_transfer,north,1
CUST100547,user547@example.com,47.0,12.0,68.45,51864.0,26069.0,585.0,0,premium,month-to-month,credit_card,west,1
CUST100548,user548@example.com,32.0,6.7,57.56,38702.0,10787.0,691.0,0,standard,month-to-month,mailed_check,east,0
CUST100549,user549@example.com,26.0,44.9,61.76,61041.0,8984.0,753.0,1,premium,two-year,credit_card,south,0
CUST100550,user550@example.com,37.0,40.9,100.38,45953.0,3844.0,539.0,2,premium,month-to-month,e_check,north,1
CUST100551,user551@example.com,60.0,18.9,88.76,66620.0,31084.0,676.0,2,family,month-to-month,bank_transfer,south,1
CUST100552,user552@example.com,63.0,14.3,74.6,55341.0,21227.0,516.0,0,standard,month-to-month,mailed_check,east,1
CUST100553,user553@example.com,23.0,35.3,53.88,74520.0,16251.0,603.0,3,premium,month-to-month,bank_transfer,west,0
CUST100554,user554@example.com,58.0,1.3,87.54,36074.0,9527.0,642.0,3,standard,month-to-month,bank_transfer,east,1
CUST100555,user555@example.com,64.0,33.0,72.11,86112.0,19974.0,698.0,2,premium,month-to-month,e_check,south,1
CUST100556,user556@example.com,57.0,10.0,58.66,62851.0,13506.0,564.0,1,premium,month-to-month,mailed_check,east,0
CUST100557,user557@example.com,37.0,3.7,46.18,55516.0,3832.0,552.0,5,premium,one-year,bank_transfer,north,1
CUST100558,user558@example.com,52.0,24.1,54.97,74898.0,22174.0,590.0,1,standard,two-year,e_check,east,0
CUST100559,user559@example.com,23.0,26.4,42.33,68909.0,36034.0,663.0,1,premium,one-year,mailed_check,west,0
CUST100560,user560@example.com,25.0,12.1,48.65,67962.0,39976.0,531.0,1,premium,one-year,mailed_check,south,1
CUST100561,user561@example.com,72.0,14.4,136.76,63998.0,6936.0,842.0,0,standard,one-year,credit_card,east,0
CUST100562,user562@example.com,37.0,14.4,23.43,69268.0,10099.0,593.0,1,standard,month-to-month,credit_card,west,1
CUST100563,user563@example.com,28.0,39.6,91.49,50075.0,14186.0,579.0,2,premium,month-to-month,credit_card,south,0
CUST100564,user564@example.com,38.0,92.4,81.74,66770.0,8311.0,543.0,1,family,month-to-month,e_check,north,0
CUST100565,user565@example.com,64.0,82.6,29.86,44246.0,17351.0,690.0,1,premium,one-year,mailed_check,east,0
CUST100566,user566@example.com,56.0,8.1,90.11,39221.0,16970.0,606.0,2,premium,two-year,credit_card,east,1
CUST100567,user567@example.com,34.0,3.3,121.62,44846.0,19489.0,694.0,2,premium,month-to-month,credit_card,east,1
CUST100568,user568@example.com,41.0,2.4,69.41,20454.0,11512.0,677.0,0,premium,two-year,e_check,east,0
CUST100569,user569@example.com,48.0,24.5,92.93,30303.0,4138.0,801.0,0,premium,two-year,mailed_check,east,0
CUST100570,user570@example.com,50.0,5.3,66.07,48457.0,23317.0,554.0,3,basic,one-year,credit_card,north,1
CUST100571,user571@example.com,48.0,45.3,80.17,22756.0,8887.0,645.0,1,standard,two-year,bank_transfer,west,0
CUST100572,user572@example.com,31.0,24.4,22.9,47103.0,21746.0,629.0,2,family,month-to-month,bank_transfer,east,0
CUST100573,user573@example.com,39.0,12.7,69.97,71650.0,14416.0,485.0,1,standard,month-to-month,credit_card,south,1
CUST100574,user574@example.com,29.0,6.0,70.22,48443.0,7441.0,685.0,0,premium,month-to-month,bank_transfer,north,1
CUST100575,user575@example.com,54.0,16.1,58.9,47127.0,18820.0,625.0,1,family,two-year,credit_card,south,0
CUST100576,user576@example.com,41.0,7.8,106.49,51589.0,10478.0,708.0,1,premium,month-to-month,credit_card,west,0
CUST100577,user577@example.com,46.0,9.2,68.69,12000.0,6303.0,662.0,1,premium,two-year,mailed_check,north,1
CUST100578,user578@example.com,34.0,34.5,66.06,57053.0,34215.0,644.0,3,premium,one-year,credit_card,north,0
CUST100579,user579@example.com,50.0,2.1,60.67,68899.0,35650.0,755.0,0,premium,two-year,e_check,west,1
CUST100580,user580@example.com,50.0,8.2,59.06,73703.0,33344.0,590.0,0,premium,month-to-month,mailed_check,west,1
CUST100581,user581@example.com,25.0,18.7,66.31,45120.0,24682.0,714.0,3,standard,month-to-month,mailed_check,south,1
CUST100582,user582@example.com,52.0,55.3,62.76,84262.0,44933.0,677.0,1,premium,month-to-month,e_check,north,0
CUST100583,user583@example.com,28.0,46.8,80.94,59774.0,27816.0,779.0,1,premium,one-year,e_check,south,0
CUST100584,user584@example.com,34.0,21.4,83.78,74556.0,26603.0,630.0,3,premium,month-to-month,bank_transfer,south,1
CUST100585,user585@example.com,53.0,6.1,106.39,48352.0,26949.0,829.0,2,premium,month-to-month,credit_card,east,1
CUST100586,user586@example.com,34.0,8.8,58.85,83840.0,16579.0,613.0,3,premium,one-year,mailed_check,east,1
CUST100587,user587@example.com,44.0,12.6,44.95,44949.0,14520.0,684.0,0,standard,month-to-month,bank_transfer,east,1
CUST100588,user588@example.com,41.0,20.9,74.0,62085.0,11722.0,601.0,0,premium,two-year,mailed_check,east,1
CUST100589,user589@example.com,25.0,26.1,74.62,55397.0,15036.0,716.0,0,premium,month-to-month,e_check,north,1
CUST100590,user590@example.com,59.0,15.0,93.47,29974.0,14039.0,607.0,4,premium,month-to-month,mailed_check,north,1
CUST100591,user591@example.com,59.0,75.0,35.38,85855.0,24706.0,850.0,0,basic,month-to-month,e_check,west,0
CUST100592,user592@example.com,48.0,6.2,68.1,48154.0,4800.0,665.0,2,premium,two-year,bank_transfer,east,0
CUST100593,user593@example.com,39.0,18.7,98.85,30686.0,3760.0,643.0,4,premium,month-to-month,mailed_check,south,1
CUST100594,user594@example.com,43.0,30.2,92.16,38217.0,5749.0,575.0,1,standard,one-year,mailed_check,north,0
CUST100595,user595@example.com,58.0,3.0,99.46,70887.0,16462.0,489.0,0,premium,two-year,e_check,west,0
CUST100596,user596@example.com,36.0,38.7,61.1,87372.0,14716.0,676.0,0,standard,one-year,bank_transfer,west,1
CUST100597,user597@example.com,37.0,31.5,14.85,37031.0,12453.0,564.0,1,premium,month-to-month,e_check,south,0
CUST100598,user598@example.com,40.0,24.5,76.2,63904.0,12850.0,708.0,3,premium,month-to-month,mailed_check,west,1
CUST100599,user599@example.com,18.0,33.5,81.67,45016.0,12556.0,435.0,0,family,two-year,mailed_check,south,1
CUST100600,user600@example.com,51.0,25.7,53.44,12000.0,4238.0,563.0,1,basic,one-year,credit_card,north,0
CUST100601,user601@example.com,45.0,24.5,78.86,69139.0,38915.0,656.0,0,standard,month-to-month,mailed_check,west,1
CUST100602,user602@example.com,52.0,7.5,72.88,34125.0,11849.0,761.0,1,premium,one-year,e_check,south,0
CUST100603,user603@example.com,37.0,1.7,33.06,68824.0,25269.0,643.0,1,premium,month-to-month,credit_card,south,0
CUST100604,user604@example.com,25.0,15.0,95.78,66023.0,22635.0,663.0,2,family,two-year,bank_transfer,east,0
CUST100605,user605@example.com,44.0,13.9,32.19,46153.0,21768.0,559.0,1,premium,one-year,mailed_check,west,0
CUST100606,user606@example.com,28.0,9.4,87.67,62400.0,7837.0,648.0,1,premium,one-year,mailed_check,north,1
CUST100607,user607@example.com,49.0,32.0,47.6,72020.0,39898.0,616.0,1,standard,one-year,bank_transfer,west,0
CUST100608,user608@example.com,50.0,13.8,74.43,20858.0,2208.0,781.0,1,standard,month-to-month,e_check,west,1
CUST100609,user609@example.com,68.0,2.9,72.39,61256.0,18303.0,486.0,0,premium,two-year,mailed_check,south,0
CUST100610,user610@example.com,59.0,70.1,72.31,64662.0,27887.0,708.0,0,standard,two-year,credit_card,west,0
CUST100611,user611@example.com,46.0,7.3,97.13,50684.0,15923.0,592.0,4,premium,one-year,e_check,west,1
CUST100612,user612@example.com,39.0,43.8,91.12,86639.0,5635.0,633.0,1,premium,month-to-month,credit_card,south,0
CUST100613,user613@example.com,53.0,11.0,50.55,59344.0,20596.0,633.0,2,premium,month-to-month,bank_transfer,east,0
CUST100614,user614@example.com,46.0,7.7,71.32,99530.0,33413.0,609.0,0,standard,month-to-month,e_check,west,0
CUST100615,user615@example.com,37.0,28.4,85.01,84408.0,27476.0,562.0,1,family,month-to-month,mailed_check,north,1
CUST100616,user616@example.com,18.0,5.4,83.56,91807.0,8272.0,525.0,4,premium,two-year,mailed_check,south,0
CUST100617,user617@example.com,70.0,4.2,83.46,70227.0,19326.0,848.0,1,family,one-year,credit_card,east,0
CUST100618,user618@example.com,55.0,17.3,71.51,78435.0,4620.0,637.0,2,premium,month-to-month,bank_transfer,east,0
CUST100619,user619@example.com,50.0,4.1,91.52,50165.0,7620.0,567.0,0,standard,month-to-month,credit_card,east,1
CUST100620,user620@example.com,43.0,2.0,89.5,97408.0,36761.0,706.0,2,standard,month-to-month,mailed_check,west,1
CUST100621,user621@example.com,65.0,35.6,78.88,33395.0,6383.0,719.0,0,premium,month-to-month,mailed_check,north,1
CUST100622,user622@example.com,53.0,13.4,64.71,91619.0,9285.0,652.0,1,premium,one-year,credit_card,north,0
CUST100623,user623@example.com,26.0,28.7,111.27,52281.0,17557.0,568.0,1,family,two-year,e_check,west,1
CUST100624,user624@example.com,39.0,14.5,62.32,28113.0,5514.0,725.0,2,standard,month-to-month,e_check,west,0
CUST100625,user625@example.com,51.0,96.8,47.9,67655.0,15774.0,583.0,1,standard,month-to-month,credit_card,south,0
CUST100626,user626@example.com,57.0,10.8,62.39,53722.0,4535.0,577.0,2,premium,one-year,bank_transfer,south,0
CUST100627,user627@example.com,39.0,39.0,74.26,68174.0,21555.0,563.0,2,standard,month-to-month,e_check,west,1
CUST100628,user628@example.com,61.0,5.4,62.32,94599.0,39750.0,562.0,0,family,one-year,e_check,east,0
CUST100629,user629@example.com,26.0,2.6,49.16,32179.0,7220.0,708.0,0,standard,month-to-month,bank_transfer,south,0
CUST100630,user630@example.com,39.0,41.7,67.23,86478.0,26053.0,607.0,0,premium,two-year,mailed_check,north,0
CUST100631,user631@example.com,40.0,7.4,98.07,70543.0,13000.0,844.0,4,basic,month-to-month,credit_card,north,1
CUST100632,user632@example.com,54.0,30.6,35.98,72596.0,25089.0,670.0,1,basic,month-to-month,bank_transfer,north,0
CUST100633,user633@example.com,58.0,46.0,73.62,19644.0,4237.0,661.0,1,premium,month-to-month,credit_card,east,0
CUST100634,user634@example.com,58.0,24.6,41.86,65754.0,32781.0,670.0,0,family,month-to-month,e_check,west,1
CUST100635,user635@example.com,26.0,6.0,42.38,77775.0,13426.0,603.0,0,premium,one-year,credit_card,west,0
CUST100636,user636@example.com,44.0,18.8,28.45,96028.0,34691.0,717.0,2,family,month-to-month,bank_transfer,north,0
CUST100637,user637@example.com,24.0,0.3,70.04,24380.0,4126.0,581.0,4,basic,one-year,bank_transfer,east,1
CUST100638,user638@example.com,43.0,10.8,26.04,49254.0,3461.0,611.0,1,family,two-year,bank_transfer,north,0
CUST100639,user639@example.com,62.0,68.7,73.26,111026.0,58342.0,720.0,2,premium,two-year,e_check,north,0
CUST100640,user640@example.com,67.0,12.4,66.37,13962.0,6152.0,759.0,0,standard,month-to-month,credit_card,south,1
CUST100641,user641@example.com,48.0,24.7,81.15,79005.0,6366.0,816.0,1,standard,month-to-month,e_check,west,1
CUST100642,user642@example.com,46.0,64.2,16.56,61542.0,5309.0,614.0,0,standard,month-to-month,mailed_check,east,0
CUST100643,user643@example.com,40.0,26.6,27.38,42648.0,25238.0,694.0,2,family,month-to-month,e_check,east,1
CUST100644,user644@example.com,42.0,27.0,59.72,48028.0,21467.0,505.0,2,family,one-year,credit_card,south,1
CUST100645,user645@example.com,60.0,1.4,69.31,106958.0,10188.0,776.0,0,basic,month-to-month,credit_card,north,0
CUST100646,user646@example.com,32.0,19.7,94.45,73609.0,10670.0,637.0,2,standard,month-to-month,bank_transfer,south,1
CUST100647,user647@example.com,39.0,41.1,65.68,53122.0,16831.0,707.0,3,premium,month-to-month,mailed_check,west,1
CUST100648,user648@example.com,43.0,4.9,49.29,40435.0,10985.0,701.0,3,family,one-year,bank_transfer,south,0
CUST100649,user649@example.com,34.0,46.6,98.2,74225.0,39398.0,688.0,0,standard,month-to-month,mailed_check,north,0
CUST100650,user650@example.com,48.0,46.1,54.08,49905.0,20491.0,599.0,0,family,one-year,mailed_check,east,0
CUST100651,user651@example.com,61.0,32.2,32.39,38186.0,22540.0,591.0,0,standard,two-year,bank_transfer,east,0
CUST100652,user652@example.com,50.0,51.8,78.18,51721.0,10506.0,723.0,0,premium,month-to-month,mailed_check,north,0
CUST100653,user653@example.com,34.0,6.0,70.28,64859.0,13437.0,609.0,0,standard,two-year,mailed_check,south,0
CUST100654,user654@example.com,33.0,1.7,91.21,52437.0,21705.0,594.0,0,premium,month-to-month,e_check,west,0
CUST100655,user655@example.com,27.0,14.3,43.65,91935.0,49723.0,641.0,1,basic,two-year,credit_card,east,0
CUST100656,user656@example.com,41.0,1.1,71.11,72334.0,38260.0,639.0,1,family,one-year,e_check,north,1
CUST100657,user657@example.com,32.0,24.6,52.96,50009.0,16575.0,616.0,4,premium,month-to-month,credit_card,south,1
CUST100658,user658@example.com,45.0,21.0,76.18,71969.0,17842.0,638.0,1,standard,two-year,credit_card,east,1
CUST100659,user659@example.com,34.0,28.4,52.35,49811.0,6148.0,672.0,0,standard,month-to-month,bank_transfer,south,1
CUST100660,user660@example.com,25.0,11.9,70.32,52360.0,23261.0,569.0,1,standard,month-to-month,mailed_check,south,1
CUST100661,user661@example.com,19.0,16.3,98.78,55913.0,22855.0,557.0,2,premium,month-to-month,credit_card,east,1
CUST100662,user662@example.com,50.0,9.5,71.56,46231.0,19349.0,695.0,1,family,month-to-month,e_check,west,1
CUST100663,user663@example.com,25.0,3.0,61.72,78352.0,10297.0,683.0,0,standard,one-year,e_check,north,0
CUST100664,user664@example.com,48.0,18.1,105.3,77129.0,26703.0,623.0,1,family,month-to-month,bank_transfer,north,0
CUST100665,user665@example.com,34.0,11.4,66.58,36260.0,18683.0,605.0,3,standard,one-year,e_check,west,1
CUST100666,user666@example.com,45.0,19.1,75.82,89734.0,40083.0,714.0,0,standard,two-year,mailed_check,east,1
CUST100667,user667@example.com,41.0,94.3,91.11,65729.0,20462.0,556.0,2,family,month-to-month,credit_card,south,1
CUST100668,user668@example.com,44.0,43.4,65.47,13198.0,6437.0,559.0,1,premium,month-to-month,e_check,south,0
CUST100669,user669@example.com,53.0,35.0,66.91,59830.0,16868.0,589.0,2,standard,two-year,e_check,south,0
CUST100670,user670@example.com,33.0,16.8,66.69,67943.0,26818.0,454.0,3,premium,month-to-month,mailed_check,south,1
CUST100671,user671@example.com,60.0,37.6,77.8,41389.0,18201.0,809.0,4,premium,month-to-month,e_check,south,1
CUST100672,user672@example.com,51.0,11.3,130.39,103326.0,55634.0,546.0,2,basic,one-year,credit_card,south,0
CUST100673,user673@example.com,38.0,16.4,99.07,37347.0,7798.0,732.0,2,premium,month-to-month,credit_card,west,0
CUST100674,user674@example.com,39.0,19.3,95.38,66393.0,29133.0,673.0,1,premium,two-year,mailed_check,south,0
CUST100675,user675@example.com,43.0,8.6,47.63,41362.0,7017.0,680.0,0,premium,two-year,e_check,west,0
CUST100676,user676@example.com,37.0,25.7,59.38,42326.0,13904.0,783.0,2,premium,two-year,e_check,west,0
CUST100677,user677@example.com,21.0,120.0,84.42,57410.0,18823.0,686.0,2,basic,month-to-month,bank_transfer,west,0
CUST100678,user678@example.com,30.0,31.5,23.33,38790.0,22944.0,646.0,1,standard,one-year,mailed_check,west,0
CUST100679,user679@example.com,30.0,44.8,50.14,48115.0,9445.0,769.0,2,standard,one-year,e_check,south,1
CUST100680,user680@example.com,40.0,19.4,99.98,41731.0,9201.0,478.0,3,family,month-to-month,e_check,north,1
CUST100681,user681@example.com,27.0,1.8,96.33,23122.0,8741.0,752.0,0,standard,month-to-month,e_check,west,1
CUST100682,user682@example.com,52.0,35.6,77.03,48645.0,3911.0,658.0,2,premium,month-to-month,credit_card,east,0
CUST100683,user683@example.com,44.0,3.6,87.69,96805.0,9602.0,643.0,2,premium,two-year,bank_transfer,east,1
CUST100684,user684@example.com,37.0,7.6,124.95,43551.0,25509.0,630.0,2,premium,month-to-month,e_check,east,1
CUST100685,user685@example.com,32.0,8.8,63.69,53797.0,8475.0,678.0,2,premium,one-year,credit_card,west,0
CUST100686,user686@example.com,42.0,57.7,123.7,56951.0,21813.0,610.0,2,premium,two-year,mailed_check,west,0
CUST100687,user687@example.com,53.0,69.4,81.89,89987.0,32688.0,573.0,0,premium,two-year,e_check,north,0
CUST100688,user688@example.com,19.0,27.5,65.25,63873.0,25467.0,656.0,1,family,month-to-month,bank_transfer,east,0
CUST100689,user689@example.com,24.0,1.2,105.84,36971.0,11136.0,707.0,2,standard,month-to-month,mailed_check,west,1
CUST100690,user690@example.com,30.0,33.5,50.67,20851.0,10364.0,640.0,1,family,two-year,mailed_check,east,1
CUST100691,user691@example.com,26.0,104.6,71.43,36287.0,3617.0,689.0,1,premium,month-to-month,bank_transfer,north,0
CUST100692,user692@example.com,25.0,86.6,64.57,57448.0,27558.0,708.0,2,premium,one-year,e_check,west,0
CUST100693,user693@example.com,42.0,35.2,109.6,31368.0,5806.0,703.0,1,family,month-to-month,mailed_check,south,1
CUST100694,user694@example.com,41.0,9.3,60.56,81554.0,29832.0,696.0,1,standard,month-to-month,e_check,west,0
CUST100695,user695@example.com,37.0,41.5,63.82,48131.0,5969.0,700.0,4,premium,month-to-month,mailed_check,north,0
CUST100696,user696@example.com,44.0,11.1,68.43,81947.0,8500.0,673.0,1,family,month-to-month,credit_card,north,1
CUST100697,user697@example.com,41.0,34.9,22.93,47178.0,17867.0,480.0,3,basic,one-year,e_check,west,1
CUST100698,user698@example.com,33.0,2.4,101.31,38223.0,4271.0,592.0,0,premium,one-year,e_check,north,0
CUST100699,user699@example.com,37.0,1.8,69.22,35487.0,5945.0,628.0,1,standard,month-to-month,credit_card,north,1
CUST100700,user700@example.com,45.0,5.6,59.69,65035.0,9521.0,716.0,3,premium,one-year,mailed_check,east,0
CUST100701,user701@example.com,27.0,58.8,90.66,80488.0,35075.0,611.0,1,basic,one-year,e_check,south,0
CUST100702,user702@example.com,46.0,19.2,64.36,63959.0,31103.0,728.0,4,family,one-year,mailed_check,north,0
CUST100703,user703@example.com,18.0,9.9,79.01,30894.0,5140.0,765.0,1,standard,month-to-month,bank_transfer,north,0
CUST100704,user704@example.com,42.0,8.0,47.83,56656.0,25031.0,826.0,0,premium,month-to-month,e_check,west,0
CUST100705,user705@example.com,46.0,101.2,53.66,51442.0,19408.0,701.0,0,family,month-to-month,credit_card,west,0
CUST100706,user706@example.com,30.0,11.0,76.72,12000.0,2077.0,597.0,1,premium,month-to-month,e_check,north,1
CUST100707,user707@example.com,55.0,9.7,55.31,55780.0,29046.0,681.0,0,premium,one-year,e_check,west,1
CUST100708,user708@example.com,56.0,24.4,30.2,72710.0,23908.0,716.0,1,family,month-to-month,mailed_check,east,0
CUST100709,user709@example.com,45.0,4.2,105.7,87601.0,21089.0,530.0,1,standard,one-year,e_check,east,0
CUST100710,user710@example.com,61.0,19.0,34.51,71378.0,25624.0,746.0,3,premium,two-year,bank_transfer,east,0
CUST100711,user711@example.com,32.0,31.2,91.37,23125.0,11025.0,610.0,1,family,month-to-month,mailed_check,west,1
CUST100712,user712@example.com,53.0,3.3,65.16,37591.0,5249.0,666.0,2,standard,month-to-month,bank_transfer,north,1
CUST100713,user713@example.com,59.0,0.0,97.9,73856.0,7582.0,568.0,2,premium,two-year,e_check,north,0
CUST100714,user714@example.com,28.0,21.8,71.24,32175.0,2638.0,735.0,0,family,month-to-month,bank_transfer,east,1
CUST100715,user715@example.com,43.0,6.4,67.31,67092.0,7118.0,502.0,1,family,month-to-month,e_check,east,1
CUST100716,user716@example.com,24.0,1.7,81.83,45280.0,27002.0,645.0,0,premium,month-to-month,e_check,south,1
CUST100717,user717@example.com,52.0,6.9,70.99,53733.0,23452.0,610.0,5,premium,month-to-month,e_check,south,1
CUST100718,user718@example.com,62.0,15.0,75.59,32629.0,13614.0,713.0,2,standard,one-year,credit_card,south,0
CUST100719,user719@example.com,35.0,15.1,67.73,61999.0,22404.0,616.0,1,premium,month-to-month,mailed_check,south,0
CUST100720,user720@example.com,42.0,4.1,92.12,46494.0,11508.0,750.0,2,premium,month-to-month,bank_transfer,west,1
CUST100721,user721@example.com,36.0,7.0,53.58,90431.0,13946.0,627.0,2,premium,month-to-month,e_check,south,0
CUST100722,user722@example.com,72.0,11.6,105.33,45892.0,3494.0,699.0,2,family,month-to-month,mailed_check,east,1
CUST100723,user723@example.com,31.0,13.9,79.41,102083.0,39523.0,706.0,1,premium,one-year,bank_transfer,north,0
CUST100724,user724@example.com,31.0,14.4,97.58,65145.0,14941.0,681.0,0,premium,one-year,mailed_check,north,0
CUST100725,user725@example.com,49.0,13.3,53.1,51075.0,22554.0,693.0,0,standard,month-to-month,e_check,north,0
CUST100726,user726@example.com,41.0,2.4,120.07,41182.0,17726.0,523.0,2,basic,two-year,credit_card,west,0
CUST100727,user727@example.com,72.0,43.7,85.54,51259.0,29454.0,604.0,3,standard,month-to-month,e_check,east,0
CUST100728,user728@example.com,66.0,3.7,118.75,46233.0,7263.0,610.0,1,premium,month-to-month,bank_transfer,north,1
CUST100729,user729@example.com,49.0,103.6,61.7,55093.0,31638.0,703.0,0,family,month-to-month,mailed_check,south,0
CUST100730,user730@example.com,53.0,27.8,44.04,50140.0,16202.0,744.0,1,family,month-to-month,credit_card,east,0
CUST100731,user731@example.com,51.0,0.6,66.95,86430.0,40722.0,672.0,0,family,month-to-month,credit_card,north,1
CUST100732,user732@example.com,55.0,35.5,90.49,69629.0,3895.0,626.0,2,family,one-year,e_check,south,0
CUST100733,user733@example.com,48.0,63.4,101.88,74906.0,33110.0,652.0,4,premium,one-year,credit_card,east,1
CUST100734,user734@example.com,30.0,24.8,56.1,78680.0,18658.0,674.0,0,premium,two-year,e_check,north,0
CUST100735,user735@example.com,32.0,5.9,97.68,46489.0,6499.0,643.0,3,family,month-to-month,bank_transfer,south,1
CUST100736,user736@example.com,54.0,26.9,79.65,30246.0,9715.0,597.0,3,standard,one-year,e_check,west,0
CUST100737,user737@example.com,36.0,22.3,94.35,62953.0,15962.0,557.0,0,standard,month-to-month,mailed_check,north,0
CUST100738,user738@example.com,58.0,32.1,42.48,55368.0,23959.0,569.0,1,premium,two-year,bank_transfer,south,0
CUST100739,user739@example.com,51.0,33.4,51.31,52189.0,8812.0,558.0,1,premium,month-to-month,credit_card,west,1
CUST100740,user740@example.com,28.0,17.2,37.83,102402.0,39821.0,664.0,1,premium,one-year,mailed_check,east,0
CUST100741,user741@example.com,28.0,47.0,69.79,67031.0,22850.0,599.0,0,premium,two-year,mailed_check,east,0
CUST100742,user742@example.com,26.0,7.2,95.0,34455.0,11550.0,701.0,0,premium,month-to-month,bank_transfer,north,0
CUST100743,user743@example.com,51.0,47.7,102.21,60697.0,24397.0,472.0,2,premium,month-to-month,mailed_check,west,0
CUST100744,user744@example.com,56.0,10.3,53.47,64388.0,32773.0,585.0,1,premium,two-year,e_check,west,1
CUST100745,user745@example.com,37.0,75.5,81.18,40934.0,17551.0,636.0,2,standard,one-year,mailed_check,west,0
CUST100746,user746@example.com,42.0,23.7,80.91,70844.0,15199.0,664.0,2,premium,one-year,mailed_check,west,1
CUST100747,user747@example.com,46.0,45.1,26.71,32327.0,3252.0,656.0,1,basic,one-year,e_check,north,0
CUST100748,user748@example.com,53.0,14.3,77.7,38903.0,15779.0,728.0,1,family,month-to-month,e_check,west,0
CUST100749,user749@example.com,38.0,6.8,24.15,48975.0,12549.0,769.0,2,standard,two-year,e_check,west,0
CUST100750,user750@example.com,47.0,5.9,67.45,46757.0,17906.0,687.0,2,premium,month-to-month,credit_card,north,1
CUST100751,user751@example.com,41.0,29.2,53.77,57362.0,5066.0,660.0,4,premium,two-year,bank_transfer,east,0
CUST100752,user752@example.com,23.0,12.6,84.85,40055.0,5549.0,693.0,3,standard,month-to-month,bank_transfer,north,1
CUST100753,user753@example.com,58.0,37.7,87.87,63020.0,7139.0,642.0,3,premium,month-to-month,mailed_check,south,1
CUST100754,user754@example.com,46.0,15.4,104.48,61700.0,22466.0,746.0,3,family,two-year,credit_card,east,0
CUST100755,user755@example.com,40.0,37.7,71.84,12000.0,6919.0,647.0,0,standard,two-year,credit_card,west,0
CUST100756,user756@example.com,33.0,11.7,78.24,81727.0,18411.0,635.0,0,family,month-to-month,bank_transfer,west,0
CUST100757,user757@example.com,34.0,14.0,48.89,64975.0,17072.0,690.0,1,premium,two-year,bank_transfer,west,0
CUST100758,user758@example.com,25.0,97.0,54.85,51467.0,21311.0,597.0,3,basic,month-to-month,bank_transfer,west,0
CUST100759,user759@example.com,29.0,3.8,56.94,38423.0,21555.0,773.0,3,standard,month-to-month,mailed_check,east,0
CUST100760,user760@example.com,31.0,0.6,66.78,68903.0,7920.0,530.0,2,premium,month-to-month,credit_card,west,1
CUST100761,user761@example.com,35.0,23.3,120.79,42358.0,7045.0,567.0,0,standard,month-to-month,e_check,south,1
CUST100762,user762@example.com,58.0,14.8,73.42,46358.0,7181.0,738.0,5,premium,one-year,mailed_check,west,1
CUST100763,user763@example.com,49.0,43.9,103.85,48996.0,23929.0,781.0,3,family,one-year,e_check,south,0
CUST100764,user764@example.com,31.0,85.3,84.94,47307.0,27256.0,809.0,2,standard,month-to-month,e_check,south,0
CUST100765,user765@example.com,23.0,38.2,90.3,49805.0,5678.0,607.0,1,family,month-to-month,e_check,east,0
CUST100766,user766@example.com,31.0,15.1,74.77,21792.0,10538.0,643.0,1,standard,two-year,e_check,west,0
CUST100767,user767@example.com,59.0,18.6,67.15,63428.0,12740.0,676.0,3,family,month-to-month,credit_card,east,0
CUST100768,user768@example.com,50.0,59.8,74.31,38528.0,20647.0,686.0,3,premium,two-year,mailed_check,east,1
CUST100769,user769@example.com,40.0,2.3,50.39,51971.0,19242.0,736.0,2,standard,two-year,bank_transfer,south,0
CUST100770,user770@example.com,42.0,17.2,55.35,45126.0,23284.0,686.0,0,standard,month-to-month,mailed_check,west,1
CUST100771,user771@example.com,56.0,1.7,69.84,54589.0,25951.0,850.0,1,standard,month-to-month,credit_card,east,0
CUST100772,user772@example.com,42.0,31.4,72.7,51423.0,10461.0,740.0,0,family,month-to-month,mailed_check,south,1
CUST100773,user773@example.com,69.0,16.3,19.69,46563.0,17639.0,747.0,4,standard,month-to-month,credit_card,south,1
CUST100774,user774@example.com,43.0,29.2,44.59,57771.0,23530.0,581.0,0,premium,month-to-month,e_check,north,0
CUST100775,user775@example.com,31.0,8.6,85.14,72591.0,20029.0,723.0,2,basic,month-to-month,bank_transfer,west,1
CUST100776,user776@example.com,18.0,23.0,88.64,61114.0,4424.0,743.0,2,standard,month-to-month,mailed_check,east,1
CUST100777,user777@example.com,47.0,41.2,29.25,76217.0,28804.0,727.0,2,standard,month-to-month,mailed_check,east,0
CUST100778,user778@example.com,39.0,41.9,74.43,79584.0,19918.0,516.0,1,premium,two-year,credit_card,south,0
CUST100779,user779@example.com,31.0,1.2,155.68,45977.0,7851.0,591.0,2,premium,two-year,bank_transfer,south,1
CUST100780,user780@example.com,50.0,22.7,98.52,87443.0,6827.0,592.0,1,standard,one-year,credit_card,north,0
CUST100781,user781@example.com,45.0,0.5,40.75,47030.0,5042.0,638.0,1,family,month-to-month,mailed_check,west,1
CUST100782,user782@example.com,36.0,14.5,74.13,29145.0,4287.0,628.0,2,premium,month-to-month,e_check,east,0
CUST100783,user783@example.com,46.0,0.0,75.17,59372.0,4194.0,850.0,2,premium,month-to-month,bank_transfer,west,1
CUST100784,user784@example.com,40.0,39.0,65.0,66272.0,9336.0,613.0,2,standard,month-to-month,mailed_check,north,1
CUST100785,user785@example.com,53.0,14.3,95.0,94335.0,20538.0,657.0,0,premium,month-to-month,bank_transfer,east,0
CUST100786,user786@example.com,43.0,54.9,98.67,72141.0,10140.0,704.0,4,family,month-to-month,e_check,north,1
CUST100787,user787@example.com,37.0,3.2,56.56,80666.0,12218.0,662.0,1,premium,month-to-month,mailed_check,north,1
CUST100788,user788@example.com,57.0,0.2,85.91,80179.0,19387.0,808.0,0,premium,month-to-month,credit_card,west,1
CUST100789,user789@example.com,29.0,96.3,52.17,43440.0,9608.0,695.0,0,premium,two-year,e_check,south,0
CUST100790,user790@example.com,25.0,44.3,67.11,65642.0,30393.0,633.0,2,standard,one-year,credit_card,east,1
CUST100791,user791@example.com,35.0,8.2,110.16,42614.0,6239.0,630.0,1,standard,month-to-month,credit_card,south,1
CUST100792,user792@example.com,21.0,34.4,46.89,57175.0,16658.0,731.0,3,premium,one-year,bank_transfer,east,0
CUST100793,user793@example.com,24.0,1.8,90.76,56376.0,10476.0,760.0,1,premium,one-year,bank_transfer,north,1
CUST100794,user794@example.com,39.0,5.7,37.81,61827.0,26631.0,702.0,0,basic,two-year,bank_transfer,east,0
CUST100795,user795@example.com,43.0,16.4,55.03,87729.0,13978.0,613.0,1,premium,month-to-month,credit_card,north,0
CUST100796,user796@example.com,39.0,20.5,53.35,81932.0,26631.0,609.0,0,standard,month-to-month,e_check,west,0
CUST100797,user797@example.com,48.0,9.3,48.28,55221.0,32756.0,704.0,2,premium,one-year,mailed_check,south,0
CUST100798,user798@example.com,36.0,52.6,34.8,47898.0,23068.0,785.0,0,premium,one-year,mailed_check,south,0
CUST100799,user799@example.com,19.0,2.4,37.77,79370.0,9561.0,717.0,2,family,one-year,bank_transfer,south,0
CUST100800,user800@example.com,51.0,29.6,24.46,59804.0,15967.0,628.0,1,premium,month-to-month,mailed_check,south,0
CUST100801,user801@example.com,41.0,6.5,49.31,81585.0,32213.0,642.0,3,premium,month-to-month,e_check,south,1
CUST100802,user802@example.com,50.0,6.4,46.91,12000.0,5994.0,494.0,0,premium,one-year,e_check,east,1
CUST100803,user803@example.com,50.0,7.8,68.79,55736.0,12582.0,746.0,0,premium,one-year,bank_transfer,west,0
CUST100804,user804@example.com,55.0,9.1,103.45,80805.0,44470.0,562.0,3,family,month-to-month,mailed_check,west,1
CUST100805,user805@example.com,31.0,3.7,82.17,30812.0,3403.0,745.0,1,premium,month-to-month,credit_card,west,1
CUST100806,user806@example.com,28.0,16.6,77.88,25515.0,4033.0,664.0,2,premium,two-year,e_check,west,0
CUST100807,user807@example.com,41.0,1.5,52.24,26360.0,8292.0,821.0,1,premium,month-to-month,credit_card,west,1
CUST100808,user808@example.com,40.0,6.1,81.42,57599.0,34053.0,740.0,1,family,month-to-month,credit_card,south,1
CUST100809,user809@example.com,57.0,2.6,84.8,41433.0,21854.0,684.0,2,premium,month-to-month,credit_card,north,0
CUST100810,user810@example.com,48.0,0.1,54.16,63030.0,30244.0,657.0,1,family,one-year,mailed_check,west,0
CUST100811,user811@example.com,44.0,7.2,96.34,74451.0,16632.0,605.0,0,premium,two-year,credit_card,west,1
CUST100812,user812@example.com,27.0,34.5,61.1,42072.0,19118.0,661.0,0,premium,month-to-month,credit_card,east,0
CUST100813,user813@example.com,34.0,18.2,61.62,65606.0,6395.0,646.0,2,family,two-year,bank_transfer,west,0
CUST100814,user814@example.com,23.0,42.9,78.77,56778.0,26381.0,537.0,0,premium,one-year,credit_card,east,0
CUST100815,user815@example.com,32.0,34.3,37.34,14776.0,6539.0,757.0,3,standard,month-to-month,bank_transfer,south,1
CUST100816,user816@example.com,44.0,11.3,56.14,35760.0,11457.0,632.0,1,standard,month-to-month,e_check,north,1
CUST100817,user817@example.com,47.0,16.8,65.98,65454.0,13693.0,630.0,1,family,one-year,mailed_check,east,1
CUST100818,user818@example.com,50.0,65.8,53.83,67119.0,20217.0,510.0,1,standard,two-year,e_check,south,1
CUST100819,user819@example.com,51.0,51.4,81.81,26988.0,12969.0,621.0,1,premium,month-to-month,bank_transfer,south,0
CUST100820,user820@example.com,49.0,25.1,49.5,52355.0,31029.0,713.0,1,standard,one-year,mailed_check,south,0
CUST100821,user821@example.com,35.0,28.9,54.69,12000.0,6129.0,593.0,5,premium,two-year,mailed_check,north,0
CUST100822,user822@example.com,33.0,20.9,92.1,54523.0,21021.0,574.0,2,premium,one-year,credit_card,north,0
CUST100823,user823@example.com,58.0,3.0,68.96,67007.0,17928.0,633.0,2,premium,one-year,bank_transfer,north,0
CUST100824,user824@example.com,37.0,12.4,87.27,23532.0,10744.0,663.0,1,premium,month-to-month,credit_card,west,1
CUST100825,user825@example.com,38.0,24.7,83.39,34770.0,2985.0,734.0,3,standard,month-to-month,bank_transfer,south,1
CUST100826,user826@example.com,41.0,77.9,113.36,28070.0,13039.0,754.0,1,family,month-to-month,bank_transfer,west,0
CUST100827,user827@example.com,24.0,64.8,57.68,58580.0,13719.0,647.0,2,basic,month-to-month,credit_card,south,0
CUST100828,user828@example.com,40.0,32.1,37.67,70393.0,28655.0,547.0,2,standard,month-to-month,bank_transfer,north,1
CUST100829,user829@example.com,23.0,11.1,28.55,88158.0,42304.0,606.0,0,premium,one-year,e_check,north,0
CUST100830,user830@example.com,50.0,44.5,54.27,24688.0,1273.0,732.0,4,premium,month-to-month,mailed_check,south,0
CUST100831,user831@example.com,37.0,7.7,95.88,54187.0,30442.0,562.0,1,premium,month-to-month,credit_card,north,1
CUST100832,user832@example.com,35.0,36.2,85.53,75001.0,18100.0,704.0,0,family,one-year,e_check,west,0
CUST100833,user833@example.com,19.0,34.7,64.85,60863.0,15819.0,839.0,0,standard,month-to-month,bank_transfer,east,0
CUST100834,user834@example.com,46.0,20.6,123.45,27425.0,2899.0,727.0,0,premium,month-to-month,credit_card,south,1
CUST100835,user835@example.com,71.0,4.1,37.23,51308.0,20833.0,680.0,0,premium,month-to-month,mailed_check,east,0
CUST100836,user836@example.com,35.0,50.4,94.2,75188.0,21176.0,759.0,1,standard,month-to-month,bank_transfer,north,0
CUST100837,user837@example.com,41.0,26.4,55.82,55351.0,31527.0,685.0,2,premium,month-to-month,e_check,north,1
CUST100838,user838@example.com,61.0,8.3,113.57,68579.0,15363.0,621.0,2,family,month-to-month,mailed_check,east,1
CUST100839,user839@example.com,70.0,27.2,59.73,73865.0,3718.0,668.0,1,standard,two-year,bank_transfer,north,0
CUST100840,user840@example.com,27.0,7.3,96.75,26891.0,8518.0,565.0,2,standard,month-to-month,e_check,west,1
CUST100841,user841@example.com,57.0,17.3,64.84,38539.0,18880.0,548.0,3,standard,month-to-month,mailed_check,east,1
CUST100842,user842@example.com,18.0,14.3,133.0,40839.0,6577.0,640.0,1,premium,month-to-month,e_check,west,1
CUST100843,user843@example.com,18.0,23.5,75.57,52843.0,12242.0,594.0,4,premium,month-to-month,bank_transfer,east,1
CUST100844,user844@example.com,21.0,27.3,70.03,53455.0,29883.0,593.0,1,premium,one-year,mailed_check,east,0
CUST100845,user845@example.com,38.0,3.0,78.35,72863.0,10696.0,566.0,0,family,month-to-month,e_check,west,0
CUST100846,user846@example.com,18.0,2.7,87.3,39557.0,22687.0,628.0,1,premium,two-year,e_check,east,0
CUST100847,user847@example.com,58.0,5.9,110.11,84608.0,32213.0,593.0,3,premium,month-to-month,e_check,west,1
CUST100848,user848@example.com,43.0,25.0,106.8,83361.0,37254.0,653.0,3,standard,month-to-month,credit_card,north,1
CUST100849,user849@example.com,49.0,15.2,20.34,72908.0,41350.0,597.0,1,standard,one-year,mailed_check,south,0
CUST100850,user850@example.com,38.0,12.2,63.23,89118.0,46424.0,594.0,4,premium,two-year,mailed_check,north,0
CUST100851,user851@example.com,35.0,22.3,54.3,51362.0,6026.0,634.0,2,premium,month-to-month,bank_transfer,south,1
CUST100852,user852@example.com,41.0,16.7,89.02,25255.0,2931.0,518.0,1,basic,one-year,mailed_check,south,1
CUST100853,user853@example.com,65.0,27.9,55.47,29258.0,13879.0,579.0,1,premium,month-to-month,bank_transfer,south,1
CUST100854,user854@example.com,44.0,3.2,120.01,58853.0,16552.0,749.0,2,premium,month-to-month,e_check,west,1
CUST100855,user855@example.com,44.0,5.8,48.83,47262.0,15541.0,705.0,2,family,month-to-month,credit_card,west,0
CUST100856,user856@example.com,29.0,7.5,32.99,40387.0,17470.0,651.0,0,premium,one-year,e_check,east,1
CUST100857,user857@example.com,30.0,5.2,74.55,71188.0,33625.0,529.0,0,premium,one-year,credit_card,north,0
CUST100858,user858@example.com,34.0,7.1,88.9,52319.0,30357.0,566.0,4,premium,month-to-month,bank_transfer,south,1
CUST100859,user859@example.com,49.0,39.2,45.15,28595.0,12956.0,630.0,0,premium,two-year,bank_transfer,west,0
CUST100860,user860@example.com,46.0,25.7,101.68,31256.0,18359.0,681.0,1,family,month-to-month,e_check,north,0
CUST100861,user861@example.com,18.0,34.0,54.24,74989.0,4651.0,600.0,1,premium,one-year,bank_transfer,south,1
CUST100862,user862@example.com,47.0,27.0,61.24,26217.0,9915.0,695.0,0,family,month-to-month,credit_card,west,1
CUST100863,user863@example.com,51.0,13.7,72.89,28499.0,2530.0,637.0,0,family,month-to-month,credit_card,east,1
CUST100864,user864@example.com,49.0,8.6,55.65,78136.0,45643.0,719.0,0,premium,month-to-month,e_check,east,0
CUST100865,user865@example.com,49.0,46.2,118.98,70132.0,19820.0,684.0,3,basic,month-to-month,credit_card,south,1
CUST100866,user866@example.com,49.0,23.7,37.36,84353.0,22526.0,721.0,0,premium,month-to-month,credit_card,west,0
CUST100867,user867@example.com,46.0,13.0,32.76,71596.0,30615.0,651.0,2,premium,two-year,bank_transfer,east,0
CUST100868,user868@example.com,26.0,14.3,51.71,67062.0,33161.0,608.0,3,premium,one-year,credit_card,south,0
CUST100869,user869@example.com,54.0,2.1,41.11,60021.0,5903.0,718.0,0,premium,one-year,bank_transfer,east,0
CUST100870,user870@example.com,63.0,120.0,30.1,60325.0,22166.0,663.0,2,family,month-to-month,mailed_check,east,0
CUST100871,user871@example.com,57.0,2.1,76.35,76674.0,42144.0,665.0,2,premium,month-to-month,credit_card,east,1
CUST100872,user872@example.com,45.0,73.0,40.47,37641.0,15644.0,688.0,1,family,one-year,e_check,north,1
CUST100873,user873@example.com,41.0,16.4,66.5,49641.0,7083.0,743.0,2,premium,month-to-month,e_check,east,0
CUST100874,user874@example.com,34.0,4.3,57.56,33458.0,7560.0,684.0,2,basic,month-to-month,e_check,south,0
CUST100875,user875@example.com,20.0,24.2,104.16,59388.0,6197.0,735.0,3,premium,month-to-month,credit_card,east,0
CUST100876,user876@example.com,54.0,5.7,38.37,68683.0,16532.0,465.0,2,premium,one-year,e_check,west,1
CUST100877,user877@example.com,24.0,67.4,80.82,64650.0,24085.0,691.0,0,premium,month-to-month,bank_transfer,west,1
CUST100878,user878@example.com,38.0,16.2,68.36,34922.0,12118.0,764.0,3,premium,month-to-month,mailed_check,west,1
CUST100879,user879@example.com,37.0,6.1,52.88,77487.0,26782.0,735.0,4,premium,month-to-month,e_check,south,1
CUST100880,user880@example.com,57.0,26.7,67.37,42456.0,22840.0,571.0,1,premium,month-to-month,e_check,south,0
CUST100881,user881@example.com,50.0,5.6,79.99,49716.0,5245.0,597.0,3,family,month-to-month,credit_card,south,0
CUST100882,user882@example.com,35.0,45.6,31.89,74491.0,25378.0,789.0,2,premium,one-year,credit_card,north,0
CUST100883,user883@example.com,41.0,20.0,74.2,56274.0,6805.0,843.0,2,premium,month-to-month,e_check,east,0
CUST100884,user884@example.com,40.0,1.4,70.47,50465.0,5985.0,689.0,2,premium,one-year,bank_transfer,west,0
CUST100885,user885@example.com,49.0,58.3,90.27,105320.0,42101.0,850.0,2,premium,two-year,mailed_check,west,0
CUST100886,user886@example.com,30.0,9.0,80.76,61461.0,5180.0,634.0,3,standard,month-to-month,bank_transfer,north,1
CUST100887,user887@example.com,46.0,27.4,111.08,55768.0,10572.0,751.0,0,premium,month-to-month,mailed_check,west,1
CUST100888,user888@example.com,40.0,1.0,97.72,50009.0,28292.0,579.0,1,family,month-to-month,credit_card,north,1
CUST100889,user889@example.com,71.0,28.0,64.39,47396.0,21449.0,689.0,0,standard,month-to-month,e_check,west,0
CUST100890,user890@example.com,33.0,11.6,105.03,56302.0,30169.0,553.0,1,standard,one-year,mailed_check,north,1
CUST100891,user891@example.com,57.0,7.1,75.04,39543.0,9050.0,702.0,1,premium,month-to-month,bank_transfer,north,0
CUST100892,user892@example.com,37.0,4.6,96.68,38745.0,21452.0,602.0,2,family,month-to-month,credit_card,east,1
CUST100893,user893@example.com,41.0,88.1,68.31,46964.0,20623.0,575.0,1,premium,month-to-month,bank_transfer,east,1
CUST100894,user894@example.com,58.0,24.0,79.57,68991.0,5608.0,770.0,1,standard,one-year,e_check,north,1
CUST100895,user895@example.com,49.0,23.4,25.89,75384.0,29568.0,697.0,1,premium,month-to-month,bank_transfer,north,0
CUST100896,user896@example.com,41.0,5.5,75.21,19619.0,1334.0,588.0,0,family,two-year,mailed_check,east,0
CUST100897,user897@example.com,38.0,10.5,84.92,60857.0,19695.0,598.0,0,standard,month-to-month,bank_transfer,north,0
CUST100898,user898@example.com,59.0,15.5,85.12,51593.0,4940.0,529.0,1,premium,month-to-month,e_check,south,1
CUST100899,user899@example.com,38.0,4.2,27.18,106060.0,6186.0,600.0,2,premium,month-to-month,e_check,south,1
CUST100900,user900@example.com,38.0,14.0,60.65,50056.0,26972.0,596.0,1,premium,one-year,credit_card,north,0
CUST100901,user901@example.com,34.0,6.5,50.09,32295.0,14821.0,682.0,0,family,two-year,credit_card,west,0
CUST100902,user902@example.com,64.0,5.8,68.87,70432.0,12778.0,666.0,2,standard,month-to-month,e_check,north,0
CUST100903,user903@example.com,27.0,41.5,16.2,69780.0,32083.0,574.0,2,family,one-year,credit_card,west,0
CUST100904,user904@example.com,45.0,6.8,51.66,50534.0,2764.0,571.0,2,premium,month-to-month,mailed_check,west,0
CUST100905,user905@example.com,46.0,1.3,71.89,63969.0,37178.0,795.0,0,standard,two-year,credit_card,north,0
CUST100906,user906@example.com,28.0,22.6,58.33,77648.0,19178.0,720.0,1,premium,one-year,mailed_check,west,0
CUST100907,user907@example.com,39.0,17.5,112.14,80898.0,34968.0,724.0,1,premium,month-to-month,e_check,north,1
CUST100908,user908@example.com,38.0,4.0,60.71,66096.0,16940.0,647.0,0,premium,month-to-month,credit_card,east,0
CUST100909,user909@example.com,35.0,5.4,68.13,42096.0,14653.0,556.0,1,premium,two-year,e_check,west,1
CUST100910,user910@example.com,43.0,8.3,27.22,29328.0,5013.0,681.0,1,premium,two-year,e_check,east,0
CUST100911,user911@example.com,46.0,1.3,44.84,41911.0,23248.0,601.0,2,family,month-to-month,e_check,east,1
CUST100912,user912@example.com,39.0,2.0,90.94,74508.0,31950.0,850.0,1,premium,month-to-month,mailed_check,east,0
CUST100913,user913@example.com,66.0,26.1,54.95,66128.0,5875.0,589.0,1,standard,one-year,mailed_check,east,1
CUST100914,user914@example.com,34.0,40.1,67.01,18560.0,3178.0,763.0,1,family,month-to-month,mailed_check,west,0
CUST100915,user915@example.com,45.0,1.7,56.27,15760.0,1502.0,628.0,0,family,two-year,e_check,north,0
CUST100916,user916@example.com,43.0,22.1,87.02,12000.0,1546.0,650.0,2,standard,two-year,mailed_check,north,0
CUST100917,user917@example.com,49.0,29.1,39.89,64289.0,5180.0,765.0,1,standard,month-to-month,bank_transfer,west,1
CUST100918,user918@example.com,45.0,17.5,55.12,47905.0,28087.0,562.0,3,family,one-year,credit_card,north,0
CUST100919,user919@example.com,32.0,32.6,80.54,47731.0,19713.0,750.0,0,standard,month-to-month,credit_card,west,0
CUST100920,user920@example.com,50.0,21.8,61.65,53977.0,19422.0,613.0,0,premium,one-year,credit_card,north,0
CUST100921,user921@example.com,42.0,19.6,21.37,46398.0,19207.0,704.0,1,family,month-to-month,credit_card,south,0
CUST100922,user922@example.com,54.0,19.5,67.71,43989.0,19126.0,727.0,3,standard,one-year,mailed_check,north,0
CUST100923,user923@example.com,51.0,2.7,27.38,83555.0,30191.0,714.0,3,premium,one-year,e_check,east,1
CUST100924,user924@example.com,49.0,48.0,68.2,71293.0,34640.0,551.0,1,premium,month-to-month,credit_card,east,1
CUST100925,user925@example.com,53.0,18.0,90.76,73810.0,27257.0,612.0,2,premium,month-to-month,credit_card,west,0
CUST100926,user926@example.com,35.0,13.3,54.57,85969.0,11072.0,663.0,1,premium,month-to-month,credit_card,west,1
CUST100927,user927@example.com,43.0,3.6,94.84,77247.0,9904.0,571.0,3,family,month-to-month,e_check,west,1
CUST100928,user928@example.com,55.0,4.7,86.2,34964.0,3400.0,681.0,4,family,two-year,bank_transfer,south,0
CUST100929,user929@example.com,45.0,47.5,90.15,66744.0,10574.0,734.0,0,standard,month-to-month,bank_transfer,east,1
CUST100930,user930@example.com,33.0,43.9,27.35,18418.0,1343.0,610.0,4,family,month-to-month,bank_transfer,east,0
CUST100931,user931@example.com,30.0,18.0,62.41,39523.0,11359.0,724.0,2,premium,one-year,credit_card,north,0
CUST100932,user932@example.com,51.0,51.1,85.24,74536.0,11902.0,651.0,1,premium,one-year,mailed_check,north,0
CUST100933,user933@example.com,35.0,17.7,55.58,42587.0,16645.0,672.0,1,standard,two-year,e_check,north,0
CUST100934,user934@example.com,41.0,51.5,24.68,63930.0,37281.0,705.0,3,premium,month-to-month,e_check,west,1
CUST100935,user935@example.com,59.0,32.7,94.29,87740.0,18031.0,745.0,1,premium,month-to-month,e_check,south,1
CUST100936,user936@example.com,32.0,10.1,91.88,53706.0,5005.0,571.0,2,family,month-to-month,mailed_check,south,1
CUST100937,user937@example.com,56.0,74.1,102.87,49673.0,18907.0,725.0,4,premium,month-to-month,bank_transfer,north,1
CUST100938,user938@example.com,30.0,27.2,21.58,49377.0,10774.0,722.0,1,premium,month-to-month,bank_transfer,east,0
CUST100939,user939@example.com,56.0,29.1,63.8,47305.0,11522.0,663.0,0,family,two-year,bank_transfer,east,1
CUST100940,user940@example.com,44.0,22.7,58.04,45761.0,27229.0,567.0,3,standard,month-to-month,mailed_check,west,1
CUST100941,user941@example.com,22.0,37.1,44.02,52650.0,12776.0,692.0,3,standard,one-year,bank_transfer,north,0
CUST100942,user942@example.com,27.0,11.6,73.08,62075.0,14372.0,685.0,5,premium,month-to-month,e_check,north,1
CUST100943,user943@example.com,32.0,4.9,76.69,49724.0,8099.0,635.0,2,premium,two-year,credit_card,north,0
CUST100944,user944@example.com,44.0,18.5,61.84,49598.0,23212.0,712.0,3,premium,month-to-month,mailed_check,south,1
CUST100945,user945@example.com,56.0,85.0,110.0,56514.0,21388.0,597.0,3,premium,month-to-month,mailed_check,south,1
CUST100946,user946@example.com,47.0,12.8,19.02,32297.0,3604.0,702.0,3,premium,month-to-month,credit_card,south,1
CUST100947,user947@example.com,32.0,22.7,79.77,51007.0,24839.0,655.0,1,premium,two-year,credit_card,north,0
CUST100948,user948@example.com,59.0,29.5,36.2,68412.0,35126.0,714.0,2,premium,one-year,credit_card,east,0
CUST100949,user949@example.com,41.0,30.9,71.8,31634.0,10200.0,545.0,2,standard,two-year,credit_card,west,1
CUST100950,user950@example.com,31.0,30.3,80.02,65023.0,8482.0,429.0,4,premium,month-to-month,bank_transfer,north,1
CUST100951,user951@example.com,41.0,13.7,102.1,69157.0,28489.0,547.0,1,family,month-to-month,credit_card,west,1
CUST100952,user952@example.com,42.0,1.0,61.85,91198.0,42036.0,656.0,1,basic,month-to-month,mailed_check,south,1
CUST100953,user953@example.com,32.0,13.2,73.19,61701.0,34456.0,811.0,2,family,one-year,mailed_check,east,0
CUST100954,user954@example.com,53.0,5.1,12.76,40177.0,10989.0,679.0,1,premium,one-year,credit_card,west,0
CUST100955,user955@example.com,38.0,5.9,97.9,53956.0,13954.0,769.0,2,premium,month-to-month,bank_transfer,north,1
CUST100956,user956@example.com,32.0,31.8,84.01,44598.0,14087.0,713.0,2,premium,one-year,credit_card,south,1
CUST100957,user957@example.com,49.0,11.8,73.26,51258.0,19745.0,487.0,2,standard,two-year,credit_card,north,0
CUST100958,user958@example.com,47.0,46.5,73.35,28897.0,9186.0,659.0,1,standard,two-year,credit_card,east,0
CUST100959,user959@example.com,51.0,28.7,52.85,53622.0,23691.0,600.0,3,basic,month-to-month,credit_card,west,1
CUST100960,user960@example.com,51.0,54.1,57.86,80479.0,29697.0,578.0,0,premium,month-to-month,credit_card,north,1
CUST100961,user961@example.com,34.0,36.4,51.1,81464.0,46235.0,654.0,0,premium,month-to-month,bank_transfer,east,1
CUST100962,user962@example.com,41.0,17.2,47.21,68510.0,8787.0,681.0,2,standard,month-to-month,e_check,south,1
CUST100963,user963@example.com,18.0,12.8,74.02,39279.0,10553.0,511.0,1,standard,month-to-month,credit_card,south,0
CUST100964,user964@example.com,44.0,10.8,104.94,65530.0,3501.0,582.0,0,premium,month-to-month,e_check,west,0
CUST100965,user965@example.com,45.0,10.6,57.89,51424.0,25755.0,603.0,0,standard,month-to-month,bank_transfer,east,1
CUST100966,user966@example.com,40.0,30.0,72.91,49141.0,22140.0,639.0,1,premium,month-to-month,credit_card,east,0
CUST100967,user967@example.com,30.0,34.8,65.15,78937.0,42663.0,709.0,2,basic,month-to-month,mailed_check,north,1
CUST100968,user968@example.com,55.0,52.0,64.84,48823.0,21768.0,593.0,1,standard,one-year,e_check,west,0
CUST100969,user969@example.com,27.0,7.2,62.47,48063.0,17074.0,688.0,0,standard,month-to-month,credit_card,east,1
CUST100970,user970@example.com,60.0,0.6,109.09,64637.0,30041.0,813.0,0,family,two-year,credit_card,east,0
CUST100971,user971@example.com,24.0,73.7,67.31,28096.0,7380.0,653.0,1,premium,one-year,credit_card,west,0
CUST100972,user972@example.com,39.0,18.4,92.35,51637.0,11782.0,679.0,0,premium,month-to-month,bank_transfer,east,0
CUST100973,user973@example.com,18.0,35.8,68.61,80704.0,46007.0,631.0,0,standard,month-to-month,bank_transfer,north,1
CUST100974,user974@example.com,33.0,18.3,112.95,84967.0,14742.0,591.0,2,premium,two-year,mailed_check,north,0
CUST100975,user975@example.com,45.0,17.1,102.2,37581.0,5190.0,608.0,2,premium,two-year,bank_transfer,south,1
CUST100976,user976@example.com,46.0,23.9,89.98,35638.0,10312.0,711.0,1,standard,month-to-month,e_check,west,0
CUST100977,user977@example.com,39.0,83.2,87.9,43584.0,3816.0,562.0,1,premium,two-year,credit_card,south,0
CUST100978,user978@example.com,36.0,47.8,85.73,12000.0,3453.0,596.0,0,premium,month-to-month,credit_card,east,0
CUST100979,user979@example.com,70.0,20.9,57.88,89437.0,41989.0,601.0,2,premium,month-to-month,bank_transfer,north,1
CUST100980,user980@example.com,41.0,34.3,76.16,69427.0,16583.0,687.0,1,premium,one-year,mailed_check,east,0
CUST100981,user981@example.com,76.0,84.7,128.54,33116.0,7361.0,625.0,0,standard,two-year,bank_transfer,east,0
CUST100982,user982@example.com,60.0,5.3,80.84,27855.0,7177.0,621.0,2,premium,month-to-month,bank_transfer,north,0
CUST100983,user983@example.com,34.0,20.8,55.02,55448.0,19625.0,624.0,0,premium,month-to-month,mailed_check,west,0
CUST100984,user984@example.com,36.0,25.9,33.44,62462.0,36399.0,667.0,0,standard,one-year,mailed_check,east,0
CUST100985,user985@example.com,61.0,3.7,57.94,96434.0,16728.0,754.0,1,premium,two-year,credit_card,east,0
CUST100986,user986@example.com,25.0,35.5,41.1,45451.0,17953.0,762.0,1,standard,one-year,credit_card,north,1
CUST100987,user987@example.com,59.0,0.3,79.17,59757.0,23684.0,556.0,0,premium,two-year,mailed_check,north,1
CUST100988,user988@example.com,41.0,21.2,35.82,45744.0,18461.0,659.0,3,premium,month-to-month,e_check,north,1
CUST100989,user989@example.com,18.0,3.1,32.4,51742.0,25925.0,714.0,1,family,month-to-month,e_check,west,1
CUST100990,user990@example.com,28.0,1.4,74.82,92878.0,20295.0,799.0,1,standard,two-year,bank_transfer,east,0
CUST100991,user991@example.com,39.0,4.1,31.89,110057.0,14158.0,560.0,2,basic,month-to-month,credit_card,east,1
CUST100992,user992@example.com,36.0,16.6,74.93,69229.0,21281.0,665.0,1,standard,one-year,bank_transfer,north,0
CUST100993,user993@example.com,33.0,91.1,109.83,28798.0,15881.0,727.0,2,standard,month-to-month,bank_transfer,east,0
CUST100994,user994@example.com,24.0,23.5,79.97,73897.0,22045.0,604.0,1,standard,month-to-month,e_check,south,0
CUST100995,user995@example.com,42.0,5.2,87.55,55960.0,18074.0,608.0,0,premium,two-year,mailed_check,west,0
CUST100996,user996@example.com,60.0,119.7,84.86,60740.0,14018.0,614.0,1,basic,one-year,credit_card,east,0
CUST100997,user997@example.com,60.0,28.6,21.88,52370.0,30069.0,680.0,3,premium,two-year,credit_card,west,0
CUST100998,user998@example.com,56.0,15.1,14.76,43902.0,14164.0,628.0,1,standard,month-to-month,bank_transfer,south,1
CUST100999,user999@example.com,40.0,8.3,80.95,65691.0,38683.0,688.0,4,family,month-to-month,e_check,south,1
CUST101000,user1000@example.com,57.0,26.2,86.93,43989.0,15002.0,602.0,0,basic,two-year,bank_transfer,north,0
CUST101001,user1001@example.com,23.0,19.1,81.54,49821.0,28564.0,747.0,0,family,month-to-month,mailed_check,south,0
CUST101002,user1002@example.com,49.0,0.7,77.4,56027.0,17055.0,689.0,0,premium,two-year,mailed_check,south,0
CUST101003,user1003@example.com,61.0,61.1,52.78,61272.0,3618.0,508.0,3,premium,month-to-month,credit_card,north,0
CUST101004,user1004@example.com,51.0,9.9,79.82,25861.0,6358.0,700.0,1,basic,two-year,bank_transfer,south,0
CUST101005,user1005@example.com,23.0,16.0,92.05,62674.0,15206.0,529.0,1,premium,month-to-month,e_check,east,1
CUST101006,user1006@example.com,31.0,15.2,57.81,46079.0,23356.0,605.0,0,premium,month-to-month,mailed_check,east,1
CUST101007,user1007@example.com,34.0,21.3,49.69,65935.0,33996.0,644.0,1,premium,month-to-month,credit_card,south,1
CUST101008,user1008@example.com,29.0,16.2,35.83,99415.0,54047.0,610.0,3,standard,month-to-month,mailed_check,west,1
CUST101009,user1009@example.com,38.0,13.8,37.0,38186.0,6548.0,706.0,1,standard,two-year,credit_card,east,0
CUST101010,user1010@example.com,41.0,12.5,59.16,53883.0,24165.0,811.0,1,standard,month-to-month,bank_transfer,west,0
CUST101011,user1011@example.com,39.0,3.1,74.32,47824.0,14875.0,485.0,1,premium,month-to-month,mailed_check,east,0
CUST101012,user1012@example.com,31.0,63.9,104.92,44446.0,4919.0,604.0,1,standard,month-to-month,mailed_check,west,1
CUST101013,user1013@example.com,55.0,64.6,55.02,31907.0,11131.0,665.0,0,standard,month-to-month,e_check,south,0
CUST101014,user1014@example.com,40.0,22.7,39.68,57935.0,3523.0,638.0,3,premium,two-year,bank_transfer,south,0
CUST101015,user1015@example.com,25.0,109.8,76.49,36769.0,15704.0,497.0,1,family,month-to-month,mailed_check,east,0
CUST101016,user1016@example.com,37.0,3.9,56.44,88328.0,42670.0,749.0,1,family,two-year,bank_transfer,north,0
CUST101017,user1017@example.com,35.0,2.3,100.73,61527.0,27302.0,662.0,0,family,month-to-month,mailed_check,south,1
CUST101018,user1018@example.com,20.0,25.5,87.99,30006.0,7533.0,711.0,0,premium,two-year,e_check,west,1
CUST101019,user1019@example.com,37.0,51.5,84.23,62491.0,17651.0,695.0,1,premium,month-to-month,credit_card,south,0
CUST101020,user1020@example.com,57.0,42.8,35.03,57192.0,24763.0,627.0,2,premium,month-to-month,e_check,west,0
CUST101021,user1021@example.com,39.0,37.1,54.7,32624.0,4240.0,547.0,1,premium,one-year,bank_transfer,south,1
CUST101022,user1022@example.com,40.0,25.2,95.2,54370.0,8551.0,657.0,0,premium,month-to-month,credit_card,south,0
CUST101023,user1023@example.com,49.0,17.5,64.1,59449.0,26509.0,542.0,1,premium,one-year,credit_card,west,1
CUST101024,user1024@example.com,35.0,14.0,14.45,98165.0,13333.0,736.0,4,family,two-year,bank_transfer,west,0
CUST101025,user1025@example.com,29.0,60.0,111.61,33197.0,12209.0,744.0,0,basic,one-year,e_check,north,1
CUST101026,user1026@example.com,50.0,11.4,62.11,62377.0,7681.0,683.0,2,premium,one-year,bank_transfer,north,0
CUST101027,user1027@example.com,42.0,11.5,77.72,31741.0,8395.0,636.0,1,premium,month-to-month,bank_transfer,east,1
CUST101028,user1028@example.com,21.0,9.0,80.31,48247.0,14585.0,734.0,1,family,month-to-month,bank_transfer,north,1
CUST101029,user1029@example.com,47.0,54.1,66.73,35095.0,18220.0,750.0,3,premium,month-to-month,credit_card,north,1
CUST101030,user1030@example.com,46.0,73.0,99.59,84165.0,23202.0,698.0,3,basic,month-to-month,e_check,north,0
CUST101031,user1031@example.com,21.0,0.7,65.79,80835.0,29883.0,755.0,0,basic,one-year,bank_transfer,south,0
CUST101032,user1032@example.com,18.0,2.7,61.9,77505.0,12290.0,758.0,2,premium,month-to-month,bank_transfer,south,0
CUST101033,user1033@example.com,34.0,3.6,131.29,42583.0,14938.0,773.0,1,basic,one-year,e_check,south,0
CUST101034,user1034@example.com,72.0,0.8,29.27,38369.0,12087.0,755.0,2,premium,month-to-month,mailed_check,north,0
CUST101035,user1035@example.com,70.0,21.9,74.01,55465.0,17625.0,441.0,3,premium,one-year,bank_transfer,west,0
CUST101036,user1036@example.com,60.0,69.0,79.48,92433.0,49065.0,689.0,2,standard,month-to-month,credit_card,north,1
CUST101037,user1037@example.com,33.0,41.4,85.26,75263.0,37653.0,662.0,1,standard,two-year,bank_transfer,east,0
CUST101038,user1038@example.com,32.0,32.6,118.75,104296.0,43111.0,716.0,0,premium,month-to-month,e_check,west,0
CUST101039,user1039@example.com,26.0,34.6,73.46,48805.0,28249.0,530.0,2,family,one-year,credit_card,east,0
CUST101040,user1040@example.com,27.0,37.3,42.38,54922.0,23994.0,556.0,1,family,one-year,bank_transfer,west,0
CUST101041,user1041@example.com,49.0,0.5,76.16,69504.0,41109.0,797.0,3,family,month-to-month,credit_card,east,1
CUST101042,user1042@example.com,63.0,8.7,68.7,53877.0,26199.0,702.0,1,basic,month-to-month,bank_transfer,east,0
CUST101043,user1043@example.com,39.0,64.9,99.35,53902.0,30176.0,676.0,1,premium,one-year,bank_transfer,east,0
CUST101044,user1044@example.com,35.0,29.2,87.58,34650.0,7864.0,607.0,1,family,month-to-month,e_check,south,1
CUST101045,user1045@example.com,31.0,18.9,64.86,37747.0,7046.0,569.0,1,family,two-year,e_check,north,0
CUST101046,user1046@example.com,39.0,6.0,58.36,101226.0,50405.0,593.0,2,standard,month-to-month,bank_transfer,north,0
CUST101047,user1047@example.com,32.0,18.6,80.13,44212.0,11256.0,594.0,3,premium,month-to-month,credit_card,east,1
CUST101048,user1048@example.com,25.0,14.1,76.93,77269.0,17435.0,705.0,1,standard,one-year,bank_transfer,south,0
CUST101049,user1049@example.com,44.0,2.4,30.24,21812.0,8423.0,676.0,0,premium,two-year,mailed_check,west,0
CUST101050,user1050@example.com,32.0,90.1,34.81,56142.0,4767.0,579.0,1,premium,month-to-month,e_check,west,0
CUST101051,user1051@example.com,36.0,6.3,81.79,34211.0,15797.0,724.0,2,family,two-year,mailed_check,west,0
CUST101052,user1052@example.com,42.0,22.0,45.51,50766.0,4895.0,425.0,0,basic,month-to-month,credit_card,north,1
CUST101053,user1053@example.com,18.0,48.3,35.3,73609.0,8358.0,425.0,3,standard,month-to-month,mailed_check,north,1
CUST101054,user1054@example.com,24.0,110.5,77.94,49239.0,6361.0,712.0,3,premium,month-to-month,credit_card,east,0
CUST101055,user1055@example.com,44.0,11.1,39.77,93439.0,54453.0,788.0,1,premium,two-year,credit_card,north,1
CUST101056,user1056@example.com,28.0,43.8,63.08,61678.0,3740.0,428.0,2,family,month-to-month,e_check,east,1
CUST101057,user1057@example.com,43.0,10.8,88.51,59039.0,6394.0,611.0,2,basic,month-to-month,bank_transfer,west,0
CUST101058,user1058@example.com,33.0,5.7,40.95,47888.0,9204.0,793.0,0,premium,two-year,bank_transfer,west,1
CUST101059,user1059@example.com,45.0,83.6,82.98,37572.0,20561.0,522.0,1,family,two-year,credit_card,north,0
CUST101060,user1060@example.com,23.0,1.5,89.91,40570.0,10026.0,725.0,1,standard,month-to-month,mailed_check,north,0
CUST101061,user1061@example.com,32.0,0.6,44.31,64787.0,36723.0,623.0,0,premium,month-to-month,e_check,north,0
CUST101062,user1062@example.com,61.0,36.2,107.62,39896.0,5740.0,728.0,2,standard,one-year,e_check,south,0
CUST101063,user1063@example.com,46.0,3.7,50.28,49627.0,7640.0,747.0,0,standard,two-year,credit_card,east,0
CUST101064,user1064@example.com,53.0,29.9,77.56,48374.0,3793.0,680.0,0,standard,month-to-month,bank_transfer,north,0
CUST101065,user1065@example.com,42.0,24.4,43.4,88742.0,12673.0,581.0,1,basic,month-to-month,credit_card,south,0
CUST101066,user1066@example.com,27.0,12.9,49.32,58250.0,31273.0,571.0,0,standard,month-to-month,e_check,west,0
CUST101067,user1067@example.com,33.0,17.2,105.87,60538.0,17430.0,610.0,4,family,two-year,credit_card,west,1
CUST101068,user1068@example.com,34.0,19.1,112.6,37864.0,14772.0,516.0,1,premium,two-year,e_check,east,0
CUST101069,user1069@example.com,34.0,8.1,93.21,38067.0,7751.0,710.0,0,standard,one-year,e_check,north,0
CUST101070,user1070@example.com,58.0,9.8,57.53,34320.0,5218.0,497.0,3,premium,month-to-month,mailed_check,north,1
CUST101071,user1071@example.com,39.0,1.9,43.71,52812.0,17163.0,769.0,2,premium,one-year,credit_card,south,0
CUST101072,user1072@example.com,25.0,10.2,24.11,21758.0,1816.0,586.0,1,standard,one-year,mailed_check,east,0
CUST101073,user1073@example.com,34.0,0.8,74.5,70032.0,39048.0,630.0,3,basic,month-to-month,e_check,north,1
CUST101074,user1074@example.com,47.0,41.9,25.43,64150.0,21238.0,603.0,2,premium,month-to-month,e_check,east,1
CUST101075,user1075@example.com,24.0,37.2,60.53,30620.0,6372.0,786.0,1,family,two-year,credit_card,east,0
CUST101076,user1076@example.com,55.0,3.2,81.81,50242.0,2775.0,692.0,0,standard,one-year,credit_card,south,0
CUST101077,user1077@example.com,59.0,35.9,45.87,78128.0,6794.0,734.0,0,premium,month-to-month,bank_transfer,west,1
CUST101078,user1078@example.com,32.0,67.4,67.17,54215.0,10968.0,608.0,1,standard,month-to-month,mailed_check,south,0
CUST101079,user1079@example.com,48.0,28.7,57.6,30035.0,4357.0,707.0,1,standard,one-year,mailed_check,east,0
CUST101080,user1080@example.com,53.0,11.9,81.43,79051.0,25269.0,711.0,2,premium,two-year,e_check,south,1
CUST101081,user1081@example.com,30.0,13.5,69.16,75196.0,24570.0,655.0,2,standard,two-year,bank_transfer,south,0
CUST101082,user1082@example.com,37.0,16.2,52.21,79389.0,9689.0,669.0,6,standard,two-year,mailed_check,south,0
CUST101083,user1083@example.com,39.0,38.4,35.04,35344.0,14399.0,674.0,0,family,month-to-month,e_check,north,0
CUST101084,user1084@example.com,46.0,1.8,117.98,117366.0,65643.0,671.0,4,premium,month-to-month,credit_card,east,1
CUST101085,user1085@example.com,59.0,46.3,53.19,62048.0,25050.0,714.0,0,premium,two-year,e_check,north,0
CUST101086,user1086@example.com,39.0,59.1,46.9,53560.0,16845.0,581.0,1,premium,month-to-month,e_check,east,0
CUST101087,user1087@example.com,24.0,17.6,99.08,61065.0,9215.0,412.0,2,standard,month-to-month,e_check,east,1
CUST101088,user1088@example.com,21.0,16.9,65.81,72061.0,24535.0,594.0,3,premium,month-to-month,mailed_check,east,1
CUST101089,user1089@example.com,33.0,2.2,93.25,86178.0,46354.0,597.0,1,premium,two-year,bank_transfer,east,1
CUST101090,user1090@example.com,38.0,44.4,69.47,38052.0,18168.0,670.0,5,premium,two-year,e_check,east,0
CUST101091,user1091@example.com,56.0,24.2,75.75,48362.0,15040.0,657.0,2,premium,month-to-month,credit_card,east,1
CUST101092,user1092@example.com,21.0,0.4,81.62,39423.0,12684.0,603.0,2,premium,month-to-month,credit_card,east,0
CUST101093,user1093@example.com,40.0,10.3,68.45,22091.0,11764.0,499.0,1,standard,month-to-month,mailed_check,west,0
CUST101094,user1094@example.com,60.0,11.4,44.38,60087.0,7049.0,600.0,1,premium,one-year,mailed_check,west,0
CUST101095,user1095@example.com,47.0,15.2,58.29,73832.0,13927.0,677.0,1,premium,month-to-month,mailed_check,north,1
CUST101096,user1096@example.com,27.0,19.0,15.49,39229.0,4598.0,748.0,2,standard,month-to-month,e_check,south,0
CUST101097,user1097@example.com,44.0,10.5,86.21,41829.0,19321.0,593.0,1,premium,two-year,mailed_check,west,0
CUST101098,user1098@example.com,41.0,15.8,50.93,41915.0,17655.0,642.0,1,family,two-year,credit_card,north,1
CUST101099,user1099@example.com,57.0,13.1,38.63,74733.0,34426.0,627.0,1,family,month-to-month,credit_card,east,0
CUST101100,user1100@example.com,50.0,21.1,85.51,44503.0,16992.0,563.0,1,premium,month-to-month,credit_card,north,0
CUST101101,user1101@example.com,45.0,5.5,69.19,12000.0,5796.0,716.0,1,premium,month-to-month,credit_card,south,1
CUST101102,user1102@example.com,48.0,33.7,98.0,56597.0,27390.0,680.0,1,family,one-year,bank_transfer,north,0
CUST101103,user1103@example.com,42.0,12.4,16.61,46268.0,24234.0,850.0,1,standard,two-year,e_check,north,0
CUST101104,user1104@example.com,32.0,25.9,60.76,33655.0,3143.0,556.0,6,standard,month-to-month,bank_transfer,east,1
CUST101105,user1105@example.com,50.0,26.9,54.82,55227.0,4635.0,637.0,2,family,month-to-month,credit_card,south,0
CUST101106,user1106@example.com,33.0,22.1,89.25,58589.0,18701.0,655.0,2,premium,two-year,e_check,north,0
CUST101107,user1107@example.com,46.0,54.3,74.38,48857.0,4728.0,584.0,1,family,month-to-month,mailed_check,north,1
CUST101108,user1108@example.com,50.0,4.4,110.22,51546.0,7834.0,743.0,0,family,one-year,mailed_check,south,1
CUST101109,user1109@example.com,26.0,35.9,112.39,20863.0,6299.0,619.0,2,standard,month-to-month,mailed_check,west,1
CUST101110,user1110@example.com,39.0,32.9,87.12,35425.0,19467.0,594.0,0,standard,month-to-month,e_check,east,0
CUST101111,user1111@example.com,60.0,46.6,76.99,60742.0,13105.0,720.0,2,standard,two-year,credit_card,east,0
CUST101112,user1112@example.com,57.0,21.0,35.0,69273.0,40431.0,570.0,3,standard,one-year,credit_card,north,0
CUST101113,user1113@example.com,46.0,9.8,84.48,39358.0,21064.0,671.0,2,standard,two-year,e_check,south,0
CUST101114,user1114@example.com,39.0,0.0,122.98,91809.0,31743.0,580.0,0,premium,month-to-month,bank_transfer,west,1
CUST101115,user1115@example.com,38.0,3.3,102.56,50508.0,16526.0,622.0,3,premium,month-to-month,bank_transfer,east,1
CUST101116,user1116@example.com,33.0,14.1,56.24,40467.0,19831.0,649.0,2,premium,month-to-month,e_check,south,1
CUST101117,user1117@example.com,40.0,7.2,62.85,58141.0,4269.0,698.0,2,family,month-to-month,e_check,south,1
CUST101118,user1118@example.com,57.0,4.0,114.65,61796.0,12623.0,651.0,1,basic,two-year,mailed_check,north,0
CUST101119,user1119@example.com,34.0,2.1,41.77,55787.0,11238.0,605.0,2,basic,month-to-month,e_check,east,0
CUST101120,user1120@example.com,26.0,8.7,76.56,54085.0,5835.0,681.0,1,family,two-year,e_check,south,1
CUST101121,user1121@example.com,53.0,82.8,53.47,65890.0,4953.0,577.0,3,standard,month-to-month,credit_card,north,0
CUST101122,user1122@example.com,37.0,4.6,58.26,81741.0,39316.0,736.0,4,standard,one-year,e_check,north,0
CUST101123,user1123@example.com,29.0,59.9,80.08,35393.0,3427.0,850.0,1,standard,month-to-month,e_check,east,0
CUST101124,user1124@example.com,42.0,5.4,84.71,38449.0,12116.0,656.0,0,premium,month-to-month,e_check,north,0
CUST101125,user1125@example.com,37.0,21.0,57.93,56630.0,22124.0,692.0,2,premium,month-to-month,bank_transfer,west,1
CUST101126,user1126@example.com,42.0,60.4,91.77,71935.0,23528.0,553.0,3,premium,month-to-month,mailed_check,east,1
CUST101127,user1127@example.com,47.0,32.8,88.3,18153.0,8444.0,644.0,0,premium,month-to-month,bank_transfer,west,0
CUST101128,user1128@example.com,45.0,8.0,89.35,57731.0,9456.0,704.0,1,basic,one-year,mailed_check,south,0
CUST101129,user1129@example.com,47.0,45.1,75.4,88091.0,50977.0,682.0,1,premium,month-to-month,bank_transfer,south,1
CUST101130,user1130@example.com,43.0,11.9,107.45,60008.0,7211.0,593.0,3,standard,two-year,e_check,south,0
CUST101131,user1131@example.com,20.0,17.7,45.04,66321.0,34770.0,609.0,2,premium,month-to-month,credit_card,south,1
CUST101132,user1132@example.com,42.0,4.1,74.41,57075.0,17248.0,627.0,0,premium,one-year,mailed_check,east,1
CUST101133,user1133@example.com,26.0,1.7,61.1,60777.0,8710.0,627.0,2,premium,two-year,bank_transfer,north,0
CUST101134,user1134@example.com,32.0,28.1,78.75,68714.0,31313.0,586.0,3,premium,month-to-month,mailed_check,west,0
CUST101135,user1135@example.com,33.0,63.5,97.85,39176.0,10253.0,742.0,1,premium,two-year,credit_card,west,0
CUST101136,user1136@example.com,48.0,8.2,37.51,28312.0,4336.0,722.0,0,premium,month-to-month,e_check,south,0
CUST101137,user1137@example.com,20.0,2.8,70.15,66572.0,34856.0,549.0,1,premium,month-to-month,credit_card,north,0
CUST101138,user1138@example.com,39.0,64.8,56.35,55855.0,6993.0,814.0,2,family,one-year,credit_card,east,0
CUST101139,user1139@example.com,40.0,67.6,99.92,92475.0,54436.0,716.0,0,standard,month-to-month,mailed_check,west,1
CUST101140,user1140@example.com,50.0,19.6,109.44,26918.0,14808.0,606.0,0,basic,one-year,e_check,south,0
CUST101141,user1141@example.com,42.0,15.9,41.26,73443.0,6149.0,632.0,1,family,month-to-month,mailed_check,east,0
CUST101142,user1142@example.com,48.0,7.8,85.03,35355.0,11417.0,638.0,2,family,month-to-month,credit_card,south,1
CUST101143,user1143@example.com,42.0,8.9,153.4,59169.0,24687.0,557.0,0,premium,month-to-month,e_check,south,1
CUST101144,user1144@example.com,61.0,1.1,75.37,68235.0,33492.0,510.0,0,premium,one-year,credit_card,south,1
CUST101145,user1145@example.com,36.0,14.4,69.32,54976.0,27514.0,601.0,1,premium,two-year,e_check,east,0
CUST101146,user1146@example.com,69.0,21.6,80.42,57019.0,3883.0,724.0,1,standard,one-year,bank_transfer,west,0
CUST101147,user1147@example.com,34.0,54.9,93.01,52347.0,23653.0,519.0,2,premium,month-to-month,e_check,west,1
CUST101148,user1148@example.com,50.0,3.0,105.05,55794.0,3093.0,637.0,1,family,month-to-month,mailed_check,south,0
CUST101149,user1149@example.com,59.0,5.5,109.3,30473.0,16538.0,621.0,3,premium,month-to-month,mailed_check,west,0
CUST101150,user1150@example.com,39.0,49.7,45.31,36508.0,18708.0,609.0,2,family,month-to-month,bank_transfer,north,0
CUST101151,user1151@example.com,40.0,43.3,99.59,54316.0,16005.0,621.0,1,family,month-to-month,e_check,north,0
CUST101152,user1152@example.com,25.0,40.5,68.75,56125.0,29946.0,706.0,1,premium,month-to-month,credit_card,west,0
CUST101153,user1153@example.com,82.0,13.4,65.67,52948.0,18852.0,579.0,1,premium,one-year,e_check,east,1
CUST101154,user1154@example.com,39.0,11.1,63.48,33432.0,17647.0,616.0,2,standard,two-year,mailed_check,east,1
CUST101155,user1155@example.com,58.0,15.2,88.7,74439.0,25878.0,687.0,2,basic,two-year,e_check,east,0
CUST101156,user1156@example.com,33.0,58.5,57.17,61155.0,3547.0,580.0,1,premium,two-year,mailed_check,south,0
CUST101157,user1157@example.com,25.0,0.6,104.07,60443.0,19568.0,708.0,4,family,month-to-month,bank_transfer,east,1
CUST101158,user1158@example.com,34.0,47.5,66.28,55673.0,12574.0,751.0,1,basic,two-year,mailed_check,north,0
CUST101159,user1159@example.com,44.0,24.4,90.39,34234.0,3169.0,604.0,0,standard,two-year,e_check,north,0
CUST101160,user1160@example.com,43.0,16.8,84.15,22155.0,12686.0,741.0,3,family,month-to-month,bank_transfer,north,0
CUST101161,user1161@example.com,34.0,0.1,44.95,56236.0,32943.0,588.0,2,premium,month-to-month,mailed_check,north,1
CUST101162,user1162@example.com,36.0,36.8,47.53,41858.0,12794.0,524.0,1,basic,one-year,credit_card,east,0
CUST101163,user1163@example.com,43.0,2.5,86.71,43282.0,10379.0,783.0,1,premium,one-year,bank_transfer,west,0
CUST101164,user1164@example.com,32.0,0.3,35.87,68656.0,38430.0,653.0,2,premium,one-year,credit_card,north,0
CUST101165,user1165@example.com,36.0,29.3,73.61,51241.0,9385.0,666.0,3,standard,month-to-month,mailed_check,north,1
CUST101166,user1166@example.com,29.0,12.7,58.29,67998.0,40412.0,602.0,4,premium,one-year,mailed_check,north,1
CUST101167,user1167@example.com,51.0,11.1,59.7,41864.0,13212.0,573.0,0,premium,month-to-month,e_check,north,0
CUST101168,user1168@example.com,26.0,20.8,79.5,48309.0,12092.0,648.0,2,standard,one-year,mailed_check,south,0
CUST101169,user1169@example.com,38.0,17.6,103.02,52255.0,24592.0,819.0,2,premium,two-year,bank_transfer,south,0
CUST101170,user1170@example.com,48.0,2.5,83.51,18835.0,10591.0,618.0,4,basic,two-year,e_check,east,1
CUST101171,user1171@example.com,49.0,24.0,35.91,39302.0,19482.0,735.0,1,basic,two-year,credit_card,west,0
CUST101172,user1172@example.com,28.0,20.0,71.23,82055.0,36469.0,818.0,1,premium,one-year,bank_transfer,north,0
CUST101173,user1173@example.com,51.0,47.6,91.12,41587.0,4523.0,638.0,2,family,month-to-month,mailed_check,south,0
CUST101174,user1174@example.com,47.0,12.6,61.82,58099.0,7036.0,656.0,0,basic,month-to-month,e_check,east,0
CUST101175,user1175@example.com,50.0,19.9,67.44,40101.0,20994.0,626.0,4,premium,month-to-month,bank_transfer,north,1
CUST101176,user1176@example.com,41.0,17.6,56.3,40400.0,16127.0,605.0,0,premium,one-year,mailed_check,north,0
CUST101177,user1177@example.com,47.0,5.6,97.82,59295.0,25367.0,607.0,5,standard,two-year,mailed_check,west,1
CUST101178,user1178@example.com,49.0,8.2,44.76,31142.0,13981.0,458.0,0,standard,one-year,mailed_check,east,0
CUST101179,user1179@example.com,72.0,3.2,59.62,70676.0,7755.0,613.0,1,family,month-to-month,e_check,west,1
CUST101180,user1180@example.com,21.0,10.4,43.65,69358.0,14436.0,590.0,0,premium,month-to-month,mailed_check,west,1
CUST101181,user1181@example.com,47.0,21.9,89.74,66731.0,30842.0,656.0,0,premium,month-to-month,credit_card,north,1
CUST101182,user1182@example.com,51.0,20.6,44.22,12546.0,7317.0,846.0,1,basic,one-year,bank_transfer,south,0
CUST101183,user1183@example.com,46.0,16.2,51.38,55433.0,31769.0,686.0,2,premium,month-to-month,credit_card,east,0
CUST101184,user1184@example.com,54.0,44.4,62.05,92476.0,11323.0,672.0,3,basic,one-year,credit_card,south,0
CUST101185,user1185@example.com,54.0,4.3,73.03,17654.0,6200.0,616.0,2,premium,month-to-month,e_check,east,0
CUST101186,user1186@example.com,46.0,67.9,60.28,87014.0,9614.0,699.0,2,premium,month-to-month,mailed_check,south,1
CUST101187,user1187@example.com,41.0,1.5,70.1,12000.0,4484.0,651.0,2,standard,one-year,e_check,south,1
CUST101188,user1188@example.com,18.0,3.5,21.97,66266.0,25110.0,583.0,0,standard,month-to-month,e_check,west,0
CUST101189,user1189@example.com,68.0,2.6,86.96,21931.0,3448.0,685.0,4,premium,two-year,bank_transfer,south,1
CUST101190,user1190@example.com,18.0,2.4,77.97,58686.0,34667.0,574.0,0,premium,month-to-month,credit_card,south,1
CUST101191,user1191@example.com,50.0,6.0,71.68,77252.0,14716.0,621.0,2,standard,one-year,credit_card,east,0
CUST101192,user1192@example.com,47.0,2.8,10.0,29138.0,15458.0,635.0,2,standard,month-to-month,mailed_check,south,0
CUST101193,user1193@example.com,27.0,25.8,70.78,97439.0,57147.0,628.0,2,family,month-to-month,mailed_check,south,1
CUST101194,user1194@example.com,70.0,5.0,52.82,32369.0,18957.0,779.0,2,premium,month-to-month,e_check,south,1
CUST101195,user1195@example.com,54.0,78.7,53.86,61957.0,27830.0,729.0,0,premium,month-to-month,credit_card,west,0
CUST101196,user1196@example.com,46.0,21.1,69.42,33918.0,16030.0,557.0,0,basic,one-year,credit_card,north,1
CUST101197,user1197@example.com,27.0,7.9,99.91,79684.0,18707.0,574.0,1,premium,two-year,mailed_check,north,1
CUST101198,user1198@example.com,61.0,3.3,115.99,89390.0,23585.0,669.0,1,premium,two-year,mailed_check,south,0
CUST101199,user1199@example.com,62.0,0.0,100.08,47123.0,27395.0,765.0,0,premium,month-to-month,e_check,south,1
CUST101200,user1200@example.com,45.0,36.3,66.7,86021.0,7928.0,623.0,1,standard,month-to-month,mailed_check,west,1
CUST101201,user1201@example.com,65.0,13.3,110.48,60297.0,19605.0,543.0,2,premium,one-year,bank_transfer,south,0
CUST101202,user1202@example.com,45.0,13.1,107.01,49057.0,9051.0,670.0,1,premium,two-year,bank_transfer,west,0
CUST101203,user1203@example.com,48.0,20.1,71.82,33130.0,4809.0,624.0,2,standard,month-to-month,e_check,north,1
CUST101204,user1204@example.com,42.0,6.8,23.68,39586.0,8360.0,812.0,3,premium,one-year,bank_transfer,south,0
CUST101205,user1205@example.com,52.0,27.5,48.71,73184.0,35396.0,584.0,1,premium,one-year,e_check,north,0
CUST101206,user1206@example.com,49.0,10.7,15.6,39516.0,16763.0,570.0,1,standard,month-to-month,bank_transfer,north,1
CUST101207,user1207@example.com,36.0,18.8,58.26,68528.0,21121.0,614.0,0,premium,one-year,bank_transfer,east,0
CUST101208,user1208@example.com,29.0,45.0,71.81,48458.0,14050.0,571.0,2,standard,two-year,credit_card,south,0
CUST101209,user1209@example.com,40.0,27.2,27.26,86453.0,19842.0,680.0,2,premium,month-to-month,e_check,north,1
CUST101210,user1210@example.com,51.0,27.4,92.3,41571.0,19453.0,630.0,4,family,month-to-month,bank_transfer,west,1
CUST101211,user1211@example.com,40.0,7.9,74.6,22081.0,2858.0,731.0,1,family,one-year,bank_transfer,east,0
CUST101212,user1212@example.com,31.0,4.4,24.2,29533.0,5176.0,850.0,2,standard,month-to-month,bank_transfer,west,0
CUST101213,user1213@example.com,41.0,28.3,75.45,64499.0,18808.0,627.0,1,standard,month-to-month,credit_card,west,1
CUST101214,user1214@example.com,28.0,7.1,25.42,53940.0,7794.0,543.0,4,basic,month-to-month,mailed_check,west,0
CUST101215,user1215@example.com,36.0,16.7,122.08,55295.0,19825.0,612.0,1,basic,one-year,mailed_check,east,0
CUST101216,user1216@example.com,20.0,44.6,37.96,68342.0,14870.0,589.0,1,premium,one-year,e_check,east,0
CUST101217,user1217@example.com,44.0,16.4,46.42,31001.0,13297.0,705.0,1,family,month-to-month,credit_card,north,0
CUST101218,user1218@example.com,52.0,3.2,58.78,41644.0,2324.0,695.0,2,premium,two-year,credit_card,west,0
CUST101219,user1219@example.com,43.0,68.8,72.81,46278.0,15452.0,696.0,4,premium,two-year,e_check,east,0
CUST101220,user1220@example.com,47.0,8.4,59.61,57972.0,34311.0,642.0,0,basic,month-to-month,bank_transfer,east,1
CUST101221,user1221@example.com,44.0,2.1,30.49,37584.0,18575.0,624.0,0,standard,one-year,bank_transfer,south,0
CUST101222,user1222@example.com,48.0,1.3,71.91,45618.0,5337.0,726.0,3,family,one-year,credit_card,south,0
CUST101223,user1223@example.com,49.0,40.2,55.25,44231.0,10167.0,739.0,5,premium,month-to-month,bank_transfer,north,0
CUST101224,user1224@example.com,50.0,8.9,54.77,23765.0,12527.0,797.0,1,premium,one-year,credit_card,east,0
CUST101225,user1225@example.com,56.0,27.6,109.68,44610.0,3942.0,737.0,2,standard,month-to-month,credit_card,east,1
CUST101226,user1226@example.com,23.0,3.5,59.71,63138.0,27695.0,668.0,4,basic,month-to-month,bank_transfer,west,1
CUST101227,user1227@example.com,51.0,12.4,61.38,31798.0,2909.0,579.0,1,basic,month-to-month,e_check,east,1
CUST101228,user1228@example.com,39.0,77.7,73.55,25577.0,4803.0,730.0,1,premium,month-to-month,mailed_check,west,0
CUST101229,user1229@example.com,36.0,23.7,82.16,47759.0,28222.0,651.0,2,premium,month-to-month,e_check,north,1
CUST101230,user1230@example.com,19.0,2.6,76.57,40923.0,21973.0,673.0,2,premium,month-to-month,credit_card,north,1
CUST101231,user1231@example.com,23.0,8.3,10.64,16838.0,4493.0,652.0,1,family,month-to-month,mailed_check,south,0
CUST101232,user1232@example.com,36.0,0.7,62.12,16334.0,6885.0,480.0,0,family,month-to-month,e_check,north,1
CUST101233,user1233@example.com,32.0,15.6,60.0,73791.0,22438.0,722.0,1,standard,month-to-month,mailed_check,east,1
CUST101234,user1234@example.com,54.0,9.9,39.71,39263.0,2866.0,596.0,1,premium,one-year,e_check,north,0
CUST101235,user1235@example.com,51.0,10.7,37.68,71897.0,36731.0,676.0,0,standard,two-year,credit_card,south,0
CUST101236,user1236@example.com,60.0,6.5,97.44,66840.0,32341.0,685.0,2,premium,month-to-month,bank_transfer,east,0
CUST101237,user1237@example.com,40.0,16.6,72.94,87651.0,50654.0,618.0,2,premium,month-to-month,e_check,east,0
CUST101238,user1238@example.com,50.0,1.4,56.22,59839.0,5717.0,723.0,3,family,month-to-month,e_check,east,1
CUST101239,user1239@example.com,23.0,8.1,78.06,41869.0,6763.0,810.0,1,standard,month-to-month,credit_card,north,0
CUST101240,user1240@example.com,71.0,74.5,100.17,67674.0,14155.0,632.0,3,standard,month-to-month,mailed_check,west,1
CUST101241,user1241@example.com,64.0,2.7,82.78,12000.0,4669.0,621.0,1,standard,month-to-month,mailed_check,south,1
CUST101242,user1242@example.com,32.0,13.4,103.74,73328.0,42389.0,648.0,2,family,month-to-month,e_check,south,1
CUST101243,user1243@example.com,61.0,39.5,76.42,91174.0,46084.0,695.0,4,premium,month-to-month,e_check,west,1
CUST101244,user1244@example.com,28.0,4.6,86.97,30941.0,16522.0,599.0,2,premium,two-year,credit_card,south,0
CUST101245,user1245@example.com,34.0,5.9,64.17,49733.0,29364.0,609.0,0,basic,one-year,credit_card,west,0
CUST101246,user1246@example.com,42.0,45.9,99.94,56747.0,25955.0,645.0,1,family,two-year,bank_transfer,west,0
CUST101247,user1247@example.com,31.0,45.9,112.15,47205.0,15468.0,594.0,0,premium,two-year,credit_card,west,0
CUST101248,user1248@example.com,49.0,31.2,74.7,52421.0,8752.0,599.0,3,family,month-to-month,credit_card,west,1
CUST101249,user1249@example.com,56.0,71.9,37.85,38715.0,8623.0,692.0,2,premium,month-to-month,mailed_check,north,0
CUST101250,user1250@example.com,25.0,18.1,73.09,42283.0,16490.0,592.0,2,family,month-to-month,mailed_check,north,1
CUST101251,user1251@example.com,43.0,23.2,67.71,113108.0,64104.0,672.0,0,standard,two-year,credit_card,north,0
CUST101252,user1252@example.com,30.0,18.0,86.84,57290.0,17702.0,570.0,3,family,one-year,e_check,west,0
CUST101253,user1253@example.com,45.0,10.3,61.16,12000.0,3896.0,662.0,2,premium,one-year,bank_transfer,east,0
CUST101254,user1254@example.com,46.0,39.5,72.58,43296.0,14718.0,586.0,2,standard,two-year,e_check,west,0
CUST101255,user1255@example.com,34.0,30.3,84.97,46131.0,23230.0,643.0,2,premium,month-to-month,mailed_check,west,0
CUST101256,user1256@example.com,40.0,31.3,53.62,87411.0,35670.0,761.0,0,premium,two-year,credit_card,north,0
CUST101257,user1257@example.com,43.0,26.5,77.94,84141.0,27363.0,588.0,2,premium,month-to-month,e_check,north,1
CUST101258,user1258@example.com,34.0,29.1,75.88,56931.0,21914.0,577.0,1,basic,two-year,mailed_check,north,1
CUST101259,user1259@example.com,22.0,14.5,14.59,31968.0,4302.0,671.0,5,standard,two-year,credit_card,south,0
CUST101260,user1260@example.com,51.0,40.6,66.5,59326.0,3821.0,625.0,1,premium,month-to-month,credit_card,west,0
CUST101261,user1261@example.com,51.0,10.2,33.16,37122.0,8697.0,850.0,1,premium,month-to-month,mailed_check,west,1
CUST101262,user1262@example.com,51.0,4.1,104.61,60876.0,35806.0,527.0,2,standard,month-to-month,credit_card,north,1
CUST101263,user1263@example.com,30.0,51.3,54.94,74563.0,30680.0,650.0,2,basic,one-year,e_check,south,1
CUST101264,user1264@example.com,39.0,1.5,58.51,42999.0,4125.0,850.0,2,basic,month-to-month,credit_card,east,1
CUST101265,user1265@example.com,22.0,22.6,89.92,58719.0,19805.0,674.0,0,premium,one-year,bank_transfer,east,0
CUST101266,user1266@example.com,67.0,3.8,10.08,69984.0,8855.0,673.0,4,premium,month-to-month,bank_transfer,north,0
CUST101267,user1267@example.com,26.0,8.5,40.52,64973.0,28420.0,527.0,0,premium,month-to-month,mailed_check,south,1
CUST101268,user1268@example.com,57.0,8.9,101.88,21769.0,8007.0,622.0,1,standard,month-to-month,e_check,east,0
CUST101269,user1269@example.com,33.0,5.6,68.4,53671.0,22699.0,656.0,1,standard,month-to-month,mailed_check,west,1
CUST101270,user1270@example.com,46.0,19.1,32.97,12000.0,5596.0,482.0,1,premium,one-year,mailed_check,east,0
CUST101271,user1271@example.com,39.0,51.0,50.51,61075.0,16855.0,724.0,1,premium,one-year,bank_transfer,west,0
CUST101272,user1272@example.com,37.0,13.2,36.18,71824.0,13515.0,567.0,0,basic,month-to-month,bank_transfer,east,1
CUST101273,user1273@example.com,47.0,107.9,53.06,63675.0,6045.0,749.0,0,family,two-year,e_check,east,0
CUST101274,user1274@example.com,35.0,57.4,60.21,61427.0,34649.0,498.0,1,basic,month-to-month,bank_transfer,north,0
CUST101275,user1275@example.com,23.0,16.2,113.58,60876.0,3519.0,698.0,1,family,month-to-month,bank_transfer,north,1
CUST101276,user1276@example.com,40.0,3.8,42.54,66546.0,30366.0,725.0,4,premium,month-to-month,e_check,south,0
CUST101277,user1277@example.com,55.0,5.5,35.0,36970.0,20226.0,561.0,1,premium,month-to-month,credit_card,west,1
CUST101278,user1278@example.com,42.0,2.7,62.48,42027.0,13325.0,716.0,3,premium,one-year,e_check,east,1
CUST101279,user1279@example.com,31.0,27.6,70.54,57406.0,3193.0,635.0,2,premium,month-to-month,credit_card,east,0
CUST101280,user1280@example.com,75.0,40.9,61.29,79938.0,33809.0,561.0,2,family,month-to-month,bank_transfer,north,1
CUST101281,user1281@example.com,42.0,8.1,68.21,65484.0,11589.0,564.0,0,standard,one-year,mailed_check,north,1
CUST101282,user1282@example.com,32.0,98.4,110.23,69238.0,14745.0,640.0,2,premium,two-year,credit_card,south,0
CUST101283,user1283@example.com,68.0,21.6,42.05,48932.0,17336.0,661.0,2,standard,one-year,credit_card,east,0
CUST101284,user1284@example.com,21.0,19.4,64.77,56960.0,7858.0,704.0,2,family,one-year,credit_card,south,1
CUST101285,user1285@example.com,31.0,1.2,105.12,53434.0,12608.0,640.0,1,standard,month-to-month,credit_card,east,1
CUST101286,user1286@example.com,54.0,38.9,113.04,29852.0,12390.0,705.0,0,standard,month-to-month,mailed_check,north,1
CUST101287,user1287@example.com,31.0,28.1,78.45,61026.0,26307.0,667.0,2,premium,one-year,e_check,west,0
CUST101288,user1288@example.com,51.0,19.8,24.76,51475.0,28119.0,652.0,0,family,one-year,bank_transfer,north,1
CUST101289,user1289@example.com,52.0,2.2,89.66,72527.0,30086.0,547.0,1,premium,month-to-month,credit_card,south,1
CUST101290,user1290@example.com,67.0,3.4,91.14,24782.0,2251.0,571.0,2,standard,month-to-month,credit_card,south,1
CUST101291,user1291@example.com,55.0,16.9,78.91,45360.0,5024.0,658.0,3,standard,two-year,bank_transfer,south,1
CUST101292,user1292@example.com,37.0,17.8,59.47,17959.0,8710.0,697.0,1,family,two-year,credit_card,west,0
CUST101293,user1293@example.com,33.0,23.7,52.1,62835.0,22107.0,749.0,1,premium,two-year,mailed_check,east,0
CUST101294,user1294@example.com,29.0,38.3,93.32,71247.0,9301.0,696.0,1,standard,month-to-month,mailed_check,north,1
CUST101295,user1295@example.com,29.0,10.8,80.58,62622.0,23898.0,709.0,1,family,month-to-month,e_check,west,0
CUST101296,user1296@example.com,47.0,4.7,97.77,94334.0,16710.0,729.0,1,premium,month-to-month,bank_transfer,north,0
CUST101297,user1297@example.com,21.0,9.4,63.56,66020.0,5447.0,634.0,2,premium,one-year,credit_card,west,1
CUST101298,user1298@example.com,44.0,1.6,82.03,37444.0,7457.0,728.0,1,premium,two-year,e_check,south,0
CUST101299,user1299@example.com,19.0,39.4,43.94,79342.0,17326.0,707.0,2,premium,month-to-month,mailed_check,east,0
CUST101300,user1300@example.com,45.0,13.3,109.01,96169.0,28700.0,712.0,3,family,one-year,credit_card,east,1
CUST101301,user1301@example.com,35.0,18.0,114.97,68667.0,39603.0,669.0,0,family,month-to-month,credit_card,south,0
CUST101302,user1302@example.com,50.0,21.7,69.61,40270.0,13821.0,691.0,3,premium,month-to-month,bank_transfer,south,1
CUST101303,user1303@example.com,18.0,22.0,25.29,42066.0,24704.0,666.0,2,premium,month-to-month,bank_transfer,north,0
CUST101304,user1304@example.com,53.0,14.5,100.69,62086.0,19550.0,528.0,1,premium,two-year,credit_card,east,0
CUST101305,user1305@example.com,42.0,0.6,121.96,46964.0,18288.0,766.0,1,premium,month-to-month,e_check,north,1
CUST101306,user1306@example.com,36.0,53.6,61.71,76744.0,34365.0,732.0,1,premium,two-year,credit_card,west,0
CUST101307,user1307@example.com,48.0,20.6,61.41,50404.0,9001.0,667.0,2,standard,one-year,e_check,west,0
CUST101308,user1308@example.com,47.0,4.3,61.51,72041.0,37597.0,713.0,0,family,month-to-month,e_check,north,0
CUST101309,user1309@example.com,25.0,20.6,63.01,68950.0,3570.0,609.0,2,family,month-to-month,mailed_check,west,1
CUST101310,user1310@example.com,44.0,6.0,97.8,27276.0,12084.0,595.0,0,premium,month-to-month,mailed_check,north,0
CUST101311,user1311@example.com,51.0,0.4,82.76,53302.0,19560.0,619.0,1,standard,one-year,bank_transfer,west,1
CUST101312,user1312@example.com,23.0,28.4,43.27,75806.0,36660.0,637.0,2,standard,month-to-month,mailed_check,east,1
CUST101313,user1313@example.com,44.0,0.6,63.15,52173.0,30020.0,654.0,2,standard,month-to-month,bank_transfer,west,0
CUST101314,user1314@example.com,56.0,21.7,77.54,61863.0,27893.0,544.0,0,standard,month-to-month,credit_card,west,1
CUST101315,user1315@example.com,44.0,18.5,54.2,58395.0,13237.0,494.0,1,premium,one-year,e_check,east,0
CUST101316,user1316@example.com,36.0,50.6,80.99,38307.0,21740.0,549.0,0,standard,month-to-month,mailed_check,south,0
CUST101317,user1317@example.com,26.0,32.7,73.09,89555.0,12540.0,585.0,1,standard,one-year,credit_card,west,0
CUST101318,user1318@example.com,29.0,26.3,97.92,39964.0,12260.0,751.0,4,premium,month-to-month,mailed_check,east,1
CUST101319,user1319@example.com,37.0,17.3,88.82,36442.0,2620.0,497.0,4,family,two-year,e_check,south,1
CUST101320,user1320@example.com,51.0,18.7,58.74,76073.0,24985.0,704.0,2,standard,month-to-month,credit_card,west,1
CUST101321,user1321@example.com,49.0,6.9,71.07,44092.0,17318.0,567.0,1,premium,one-year,bank_transfer,east,0
CUST101322,user1322@example.com,37.0,57.9,50.85,56500.0,26529.0,619.0,1,standard,month-to-month,credit_card,south,1
CUST101323,user1323@example.com,32.0,23.3,121.6,63499.0,9949.0,666.0,1,premium,month-to-month,credit_card,north,1
CUST101324,user1324@example.com,35.0,15.6,86.99,75388.0,45080.0,655.0,5,premium,month-to-month,credit_card,west,1
CUST101325,user1325@example.com,56.0,12.1,35.16,13029.0,2945.0,703.0,0,standard,month-to-month,credit_card,west,1
CUST101326,user1326@example.com,24.0,25.4,64.11,52095.0,18095.0,428.0,1,basic,month-to-month,mailed_check,east,0
CUST101327,user1327@example.com,42.0,6.0,29.35,49064.0,27530.0,813.0,0,premium,two-year,credit_card,west,0
CUST101328,user1328@example.com,35.0,41.1,59.36,54154.0,19392.0,723.0,0,premium,one-year,bank_transfer,south,0
CUST101329,user1329@example.com,50.0,6.7,71.92,70457.0,15002.0,595.0,2,standard,one-year,bank_transfer,north,0
CUST101330,user1330@example.com,39.0,10.0,91.55,84569.0,23631.0,708.0,1,premium,month-to-month,bank_transfer,east,0
CUST101331,user1331@example.com,26.0,14.5,95.1,59036.0,11180.0,753.0,1,standard,one-year,e_check,north,0
CUST101332,user1332@example.com,60.0,20.5,35.76,39528.0,2308.0,850.0,0,basic,month-to-month,bank_transfer,south,0
CUST101333,user1333@example.com,44.0,20.3,74.39,59594.0,10985.0,721.0,3,premium,one-year,mailed_check,east,1
CUST101334,user1334@example.com,43.0,22.9,78.01,66574.0,30050.0,637.0,1,premium,month-to-month,bank_transfer,south,0
CUST101335,user1335@example.com,25.0,22.6,72.14,60634.0,4973.0,632.0,5,standard,month-to-month,bank_transfer,north,1
CUST101336,user1336@example.com,37.0,69.3,32.39,76175.0,35651.0,558.0,0,premium,two-year,e_check,north,0
CUST101337,user1337@example.com,33.0,2.6,49.64,41466.0,17139.0,743.0,4,premium,two-year,bank_transfer,south,0
CUST101338,user1338@example.com,40.0,14.2,65.35,42588.0,20064.0,691.0,0,premium,month-to-month,bank_transfer,east,1
CUST101339,user1339@example.com,19.0,66.0,89.35,58528.0,14729.0,699.0,0,family,two-year,e_check,north,0
CUST101340,user1340@example.com,43.0,3.6,46.76,78071.0,29021.0,679.0,0,standard,month-to-month,bank_transfer,west,0
CUST101341,user1341@example.com,51.0,74.1,56.08,89532.0,47305.0,447.0,1,standard,month-to-month,e_check,south,1
CUST101342,user1342@example.com,35.0,0.0,63.4,65812.0,19361.0,573.0,1,premium,month-to-month,credit_card,north,1
CUST101343,user1343@example.com,45.0,5.6,29.12,61532.0,29552.0,426.0,2,premium,month-to-month,mailed_check,west,1
CUST101344,user1344@example.com,29.0,64.0,60.12,36083.0,18505.0,685.0,2,premium,month-to-month,bank_transfer,north,0
CUST101345,user1345@example.com,62.0,5.8,79.48,69581.0,29826.0,595.0,1,premium,month-to-month,e_check,south,0
CUST101346,user1346@example.com,29.0,1.7,45.56,32450.0,12188.0,643.0,1,basic,month-to-month,e_check,west,1
CUST101347,user1347@example.com,39.0,20.9,57.87,76602.0,7725.0,632.0,1,standard,month-to-month,mailed_check,south,1
CUST101348,user1348@example.com,32.0,10.0,55.19,58460.0,24910.0,800.0,1,basic,month-to-month,mailed_check,east,1
CUST101349,user1349@example.com,30.0,20.1,85.91,57872.0,20864.0,606.0,1,premium,month-to-month,mailed_check,west,0
CUST101350,user1350@example.com,60.0,20.6,28.38,81138.0,15493.0,615.0,1,family,month-to-month,mailed_check,north,1
CUST101351,user1351@example.com,59.0,42.0,55.91,57871.0,19497.0,572.0,3,premium,month-to-month,credit_card,east,1
CUST101352,user1352@example.com,36.0,12.0,107.96,47832.0,17819.0,567.0,1,premium,two-year,bank_transfer,east,0
CUST101353,user1353@example.com,83.0,40.9,97.88,60662.0,14819.0,620.0,4,family,month-to-month,credit_card,north,0
CUST101354,user1354@example.com,55.0,37.9,96.08,38100.0,7064.0,611.0,2,basic,one-year,mailed_check,north,0
CUST101355,user1355@example.com,54.0,8.2,103.98,59983.0,31519.0,672.0,2,premium,one-year,mailed_check,west,0
CUST101356,user1356@example.com,42.0,21.2,45.73,51856.0,11543.0,518.0,0,basic,one-year,e_check,west,1
CUST101357,user1357@example.com,56.0,9.4,101.73,41605.0,18774.0,554.0,0,standard,month-to-month,mailed_check,east,1
CUST101358,user1358@example.com,43.0,13.2,17.51,102997.0,41289.0,672.0,2,premium,one-year,credit_card,north,0
CUST101359,user1359@example.com,30.0,82.5,56.02,51353.0,4966.0,547.0,1,premium,one-year,e_check,east,0
CUST101360,user1360@example.com,42.0,16.0,85.58,43376.0,25997.0,641.0,4,basic,month-to-month,bank_transfer,east,0
CUST101361,user1361@example.com,36.0,51.1,74.75,21257.0,5260.0,668.0,4,basic,one-year,bank_transfer,east,0
CUST101362,user1362@example.com,27.0,15.3,75.5,40264.0,13577.0,633.0,4,premium,month-to-month,mailed_check,south,1
CUST101363,user1363@example.com,54.0,41.7,45.72,70177.0,15712.0,626.0,3,premium,one-year,bank_transfer,south,0
CUST101364,user1364@example.com,44.0,120.0,10.0,24286.0,7776.0,662.0,3,premium,one-year,e_check,west,0
CUST101365,user1365@example.com,41.0,3.4,79.48,32058.0,15690.0,579.0,2,basic,one-year,bank_transfer,west,1
CUST101366,user1366@example.com,63.0,6.3,95.12,74576.0,40176.0,800.0,0,premium,one-year,credit_card,north,0
CUST101367,user1367@example.com,44.0,43.9,72.56,47716.0,14699.0,592.0,2,premium,month-to-month,bank_transfer,west,0
CUST101368,user1368@example.com,57.0,54.6,75.97,45500.0,23148.0,727.0,0,family,one-year,credit_card,east,0
CUST101369,user1369@example.com,29.0,61.0,79.06,56530.0,18862.0,709.0,0,standard,one-year,mailed_check,north,0
CUST101370,user1370@example.com,32.0,16.4,48.68,78912.0,25951.0,485.0,2,premium,two-year,credit_card,west,0
CUST101371,user1371@example.com,42.0,13.5,65.92,35988.0,8689.0,554.0,1,premium,two-year,mailed_check,east,0
CUST101372,user1372@example.com,43.0,7.4,40.06,94156.0,34583.0,678.0,0,basic,two-year,bank_transfer,north,1
CUST101373,user1373@example.com,46.0,6.8,95.39,56729.0,30252.0,824.0,0,family,month-to-month,bank_transfer,north,0
CUST101374,user1374@example.com,54.0,32.7,11.74,54040.0,3304.0,712.0,1,premium,one-year,credit_card,north,1
CUST101375,user1375@example.com,85.0,6.4,62.98,67691.0,5964.0,755.0,3,family,two-year,credit_card,north,1
CUST101376,user1376@example.com,23.0,19.9,113.14,12000.0,1127.0,630.0,0,basic,two-year,e_check,north,0
CUST101377,user1377@example.com,35.0,27.7,81.55,60691.0,36279.0,778.0,3,basic,month-to-month,credit_card,east,0
CUST101378,user1378@example.com,47.0,16.6,41.28,58755.0,9930.0,746.0,2,basic,month-to-month,credit_card,east,0
CUST101379,user1379@example.com,65.0,32.4,80.46,91437.0,53499.0,390.0,0,premium,month-to-month,bank_transfer,south,0
CUST101380,user1380@example.com,39.0,3.7,89.86,100914.0,57787.0,613.0,1,premium,one-year,mailed_check,north,0
CUST101381,user1381@example.com,42.0,6.4,73.91,58565.0,30320.0,597.0,0,standard,month-to-month,e_check,south,0
CUST101382,user1382@example.com,37.0,14.2,84.07,57338.0,17360.0,563.0,1,premium,one-year,mailed_check,north,1
CUST101383,user1383@example.com,48.0,45.1,39.04,51516.0,20202.0,667.0,2,basic,one-year,bank_transfer,west,0
CUST101384,user1384@example.com,42.0,18.7,52.47,54227.0,8419.0,775.0,1,premium,one-year,mailed_check,south,0
CUST101385,user1385@example.com,52.0,31.3,78.21,47186.0,11914.0,636.0,5,family,one-year,mailed_check,south,0
CUST101386,user1386@example.com,57.0,3.6,61.73,74983.0,19377.0,593.0,1,premium,month-to-month,bank_transfer,west,1
CUST101387,user1387@example.com,37.0,5.6,58.81,82618.0,15267.0,672.0,1,premium,month-to-month,credit_card,east,0
CUST101388,user1388@example.com,53.0,74.7,44.42,79524.0,25194.0,681.0,2,basic,month-to-month,credit_card,north,0
CUST101389,user1389@example.com,33.0,8.0,104.76,81063.0,22161.0,677.0,2,premium,month-to-month,bank_transfer,east,1
CUST101390,user1390@example.com,45.0,31.4,72.31,64923.0,28831.0,546.0,1,premium,month-to-month,mailed_check,west,1
CUST101391,user1391@example.com,34.0,29.2,94.27,70477.0,40435.0,752.0,2,premium,month-to-month,e_check,east,0
CUST101392,user1392@example.com,22.0,13.0,15.23,69337.0,23441.0,523.0,2,premium,month-to-month,credit_card,west,0
CUST101393,user1393@example.com,53.0,70.1,93.31,25419.0,3518.0,561.0,1,premium,month-to-month,bank_transfer,south,0
CUST101394,user1394@example.com,30.0,45.1,41.51,49504.0,7775.0,712.0,1,standard,two-year,e_check,west,0
CUST101395,user1395@example.com,33.0,1.6,63.06,43332.0,21942.0,753.0,2,family,month-to-month,e_check,south,1
CUST101396,user1396@example.com,38.0,2.3,74.66,52794.0,2994.0,611.0,2,standard,month-to-month,credit_card,west,0
CUST101397,user1397@example.com,65.0,53.4,119.37,51916.0,5642.0,600.0,2,premium,month-to-month,bank_transfer,south,1
CUST101398,user1398@example.com,61.0,0.8,115.32,67339.0,25941.0,600.0,1,standard,month-to-month,e_check,west,1
CUST101399,user1399@example.com,22.0,13.7,68.21,46308.0,23927.0,560.0,0,premium,month-to-month,mailed_check,south,1
CUST101400,user1400@example.com,27.0,34.2,80.5,12000.0,5308.0,603.0,4,premium,two-year,e_check,west,1
CUST101401,user1401@example.com,65.0,48.1,54.94,61422.0,8579.0,576.0,0,premium,month-to-month,bank_transfer,north,1
CUST101402,user1402@example.com,68.0,86.8,71.0,49747.0,27916.0,576.0,3,premium,one-year,e_check,north,1
CUST101403,user1403@example.com,48.0,70.4,69.46,64384.0,22888.0,623.0,1,premium,month-to-month,mailed_check,north,1
CUST101404,user1404@example.com,44.0,20.2,78.05,31459.0,11816.0,658.0,1,premium,month-to-month,credit_card,west,1
CUST101405,user1405@example.com,41.0,104.5,55.98,63876.0,29305.0,710.0,4,premium,month-to-month,credit_card,north,0
CUST101406,user1406@example.com,39.0,36.0,82.29,37947.0,13612.0,645.0,2,premium,month-to-month,e_check,west,0
CUST101407,user1407@example.com,27.0,9.8,79.16,21499.0,11035.0,648.0,0,premium,one-year,credit_card,south,0
CUST101408,user1408@example.com,52.0,55.0,43.19,48112.0,9703.0,628.0,1,premium,month-to-month,e_check,south,0
CUST101409,user1409@example.com,31.0,1.5,67.29,20027.0,2084.0,578.0,3,premium,month-to-month,credit_card,east,0
CUST101410,user1410@example.com,50.0,12.1,56.73,41601.0,7443.0,639.0,3,premium,two-year,mailed_check,east,0
CUST101411,user1411@example.com,42.0,23.8,120.94,57106.0,19503.0,691.0,1,premium,month-to-month,credit_card,east,0
CUST101412,user1412@example.com,55.0,1.9,102.0,27539.0,12247.0,687.0,1,premium,month-to-month,mailed_check,north,1
CUST101413,user1413@example.com,34.0,16.3,94.6,61012.0,34960.0,595.0,0,premium,two-year,bank_transfer,north,0
CUST101414,user1414@example.com,27.0,10.5,57.57,27351.0,4069.0,640.0,0,premium,month-to-month,credit_card,west,1
CUST101415,user1415@example.com,30.0,2.4,116.09,35572.0,11259.0,713.0,2,family,two-year,mailed_check,south,1
CUST101416,user1416@example.com,42.0,11.7,61.41,33455.0,17649.0,675.0,2,premium,one-year,e_check,east,0
CUST101417,user1417@example.com,40.0,17.1,52.26,66995.0,32196.0,593.0,2,premium,one-year,e_check,west,0
CUST101418,user1418@example.com,27.0,0.4,126.67,58694.0,24192.0,546.0,1,standard,month-to-month,credit_card,south,0
CUST101419,user1419@example.com,36.0,31.6,86.69,45065.0,5821.0,449.0,1,premium,two-year,mailed_check,south,0
CUST101420,user1420@example.com,43.0,13.9,50.37,12000.0,4296.0,756.0,1,premium,month-to-month,mailed_check,north,1
CUST101421,user1421@example.com,50.0,5.3,60.35,53192.0,10284.0,834.0,1,premium,month-to-month,bank_transfer,south,1
CUST101422,user1422@example.com,42.0,47.6,89.51,30585.0,8770.0,709.0,0,premium,one-year,e_check,south,0
CUST101423,user1423@example.com,50.0,4.4,62.48,29221.0,3978.0,581.0,2,standard,month-to-month,e_check,east,1
CUST101424,user1424@example.com,43.0,10.0,67.79,66902.0,23047.0,625.0,2,standard,one-year,credit_card,south,1
CUST101425,user1425@example.com,43.0,24.9,112.05,37374.0,12228.0,599.0,1,premium,month-to-month,credit_card,west,1
CUST101426,user1426@example.com,48.0,16.7,53.51,55799.0,7973.0,624.0,3,family,month-to-month,mailed_check,west,1
CUST101427,user1427@example.com,28.0,8.2,58.38,36262.0,2218.0,675.0,3,premium,month-to-month,credit_card,south,1
CUST101428,user1428@example.com,65.0,6.0,139.94,72327.0,20593.0,686.0,3,standard,month-to-month,credit_card,north,1
CUST101429,user1429@example.com,43.0,5.9,81.96,65234.0,12947.0,574.0,3,premium,month-to-month,mailed_check,south,0
CUST101430,user1430@example.com,41.0,3.9,82.64,74756.0,17394.0,676.0,4,family,two-year,mailed_check,north,0
CUST101431,user1431@example.com,45.0,31.6,108.6,78402.0,37424.0,436.0,1,standard,month-to-month,mailed_check,south,1
CUST101432,user1432@example.com,56.0,4.1,84.5,24884.0,3733.0,766.0,1,family,month-to-month,credit_card,west,1
CUST101433,user1433@example.com,47.0,38.2,103.2,94259.0,13686.0,540.0,2,premium,month-to-month,e_check,east,1
CUST101434,user1434@example.com,50.0,75.5,34.95,12000.0,3801.0,655.0,2,family,two-year,mailed_check,east,0
CUST101435,user1435@example.com,43.0,22.4,82.43,42944.0,19825.0,690.0,1,premium,one-year,bank_transfer,west,1
CUST101436,user1436@example.com,29.0,14.2,66.03,45924.0,16798.0,667.0,0,family,month-to-month,bank_transfer,east,0
CUST101437,user1437@example.com,18.0,90.1,82.99,19804.0,10845.0,691.0,0,premium,month-to-month,mailed_check,north,0
CUST101438,user1438@example.com,52.0,3.8,15.13,44507.0,20556.0,754.0,1,standard,month-to-month,e_check,west,0
CUST101439,user1439@example.com,54.0,8.4,34.32,73660.0,21144.0,601.0,2,premium,month-to-month,e_check,west,1
CUST101440,user1440@example.com,28.0,14.8,68.98,57243.0,13937.0,668.0,1,premium,month-to-month,e_check,west,0
CUST101441,user1441@example.com,26.0,19.4,88.86,22558.0,12099.0,599.0,1,family,month-to-month,credit_card,east,1
CUST101442,user1442@example.com,28.0,7.5,37.51,48134.0,28532.0,741.0,0,family,month-to-month,bank_transfer,north,1
CUST101443,user1443@example.com,34.0,11.7,56.39,73162.0,29115.0,638.0,3,premium,month-to-month,bank_transfer,west,1
CUST101444,user1444@example.com,31.0,10.0,79.08,38710.0,16901.0,640.0,2,premium,one-year,mailed_check,north,1
CUST101445,user1445@example.com,43.0,42.6,67.72,46910.0,13623.0,632.0,1,standard,one-year,bank_transfer,east,0
CUST101446,user1446@example.com,43.0,17.3,96.0,63891.0,24047.0,677.0,0,standard,month-to-month,e_check,north,1
CUST101447,user1447@example.com,42.0,13.8,98.65,70247.0,28866.0,642.0,2,standard,two-year,mailed_check,east,0
CUST101448,user1448@example.com,35.0,7.0,43.79,67758.0,40455.0,642.0,1,standard,month-to-month,mailed_check,east,1
CUST101449,user1449@example.com,30.0,92.3,68.0,47664.0,11906.0,619.0,2,basic,one-year,credit_card,west,0
CUST101450,user1450@example.com,23.0,12.1,57.03,21524.0,8035.0,629.0,0,premium,two-year,credit_card,north,0
CUST101451,user1451@example.com,34.0,0.6,101.81,60086.0,3647.0,657.0,1,family,month-to-month,credit_card,south,1
CUST101452,user1452@example.com,49.0,47.6,92.64,24513.0,13401.0,731.0,3,premium,one-year,e_check,north,0
CUST101453,user1453@example.com,22.0,1.7,46.77,52016.0,30638.0,678.0,1,family,two-year,credit_card,west,0
CUST101454,user1454@example.com,40.0,10.0,104.56,37886.0,14156.0,611.0,1,premium,month-to-month,e_check,south,0
CUST101455,user1455@example.com,28.0,10.4,37.07,50941.0,13760.0,618.0,2,premium,month-to-month,mailed_check,east,1
CUST101456,user1456@example.com,25.0,0.2,58.62,79545.0,39501.0,777.0,1,standard,month-to-month,e_check,south,0
CUST101457,user1457@example.com,53.0,12.1,42.99,60275.0,5134.0,527.0,2,basic,two-year,credit_card,east,0
CUST101458,user1458@example.com,56.0,6.0,58.85,76472.0,29092.0,542.0,1,basic,month-to-month,mailed_check,west,1
CUST101459,user1459@example.com,47.0,26.4,14.22,39679.0,9753.0,589.0,1,premium,one-year,credit_card,east,0
CUST101460,user1460@example.com,27.0,12.0,69.96,60903.0,9556.0,701.0,3,family,month-to-month,bank_transfer,south,1
CUST101461,user1461@example.com,51.0,30.9,27.15,33103.0,4124.0,579.0,2,premium,two-year,bank_transfer,south,0
CUST101462,user1462@example.com,50.0,57.7,57.97,50165.0,23185.0,576.0,1,basic,month-to-month,e_check,north,1
CUST101463,user1463@example.com,65.0,5.9,98.92,64842.0,22290.0,726.0,1,standard,one-year,credit_card,west,0
CUST101464,user1464@example.com,35.0,10.7,74.05,15642.0,8713.0,533.0,2,premium,one-year,e_check,west,1
CUST101465,user1465@example.com,46.0,19.9,125.83,51831.0,18580.0,705.0,1,premium,month-to-month,mailed_check,west,1
CUST101466,user1466@example.com,30.0,24.2,97.02,64649.0,7471.0,749.0,2,family,month-to-month,credit_card,east,0
CUST101467,user1467@example.com,18.0,7.9,96.36,45460.0,11336.0,708.0,2,family,month-to-month,mailed_check,north,0
CUST101468,user1468@example.com,19.0,5.4,56.28,70953.0,16787.0,667.0,2,premium,two-year,bank_transfer,east,1
CUST101469,user1469@example.com,42.0,34.9,63.12,52569.0,15904.0,707.0,0,premium,two-year,bank_transfer,south,0
CUST101470,user1470@example.com,32.0,67.2,83.27,26328.0,7480.0,850.0,2,premium,month-to-month,bank_transfer,west,1
CUST101471,user1471@example.com,47.0,4.5,57.5,60807.0,6135.0,653.0,1,premium,month-to-month,e_check,north,1
CUST101472,user1472@example.com,49.0,22.7,70.37,55960.0,17682.0,653.0,0,premium,month-to-month,mailed_check,west,1
CUST101473,user1473@example.com,41.0,36.7,98.3,51426.0,21311.0,820.0,2,standard,month-to-month,bank_transfer,north,1
CUST101474,user1474@example.com,23.0,14.2,73.57,53639.0,3217.0,604.0,0,standard,month-to-month,e_check,north,1
CUST101475,user1475@example.com,29.0,41.2,33.8,69375.0,4530.0,630.0,0,standard,month-to-month,mailed_check,north,1
CUST101476,user1476@example.com,44.0,23.8,87.33,54374.0,21173.0,797.0,1,standard,month-to-month,e_check,south,1
CUST101477,user1477@example.com,45.0,27.7,59.46,66707.0,24441.0,727.0,3,family,month-to-month,bank_transfer,south,0
CUST101478,user1478@example.com,45.0,26.1,56.85,84240.0,35000.0,550.0,2,family,month-to-month,credit_card,south,0
CUST101479,user1479@example.com,52.0,43.0,130.69,69218.0,29719.0,659.0,2,standard,month-to-month,mailed_check,west,0
CUST101480,user1480@example.com,38.0,46.7,73.76,54815.0,28155.0,708.0,3,basic,two-year,credit_card,north,0
CUST101481,user1481@example.com,44.0,6.1,122.49,53754.0,15637.0,644.0,1,premium,two-year,credit_card,north,0
CUST101482,user1482@example.com,48.0,23.9,51.33,48998.0,22506.0,641.0,1,premium,two-year,e_check,north,0
CUST101483,user1483@example.com,53.0,8.5,53.32,55909.0,7876.0,545.0,4,premium,one-year,bank_transfer,west,1
CUST101484,user1484@example.com,41.0,4.7,58.19,57125.0,2937.0,702.0,1,premium,two-year,credit_card,west,0
CUST101485,user1485@example.com,41.0,12.7,67.55,40945.0,5998.0,818.0,3,standard,month-to-month,credit_card,east,1
CUST101486,user1486@example.com,45.0,25.0,62.53,44734.0,20105.0,683.0,4,premium,one-year,credit_card,east,1
CUST101487,user1487@example.com,42.0,27.8,45.26,37089.0,20170.0,727.0,2,family,one-year,bank_transfer,east,0
CUST101488,user1488@example.com,38.0,23.3,93.59,69522.0,7341.0,580.0,1,premium,month-to-month,bank_transfer,east,1
CUST101489,user1489@example.com,34.0,0.9,72.54,59333.0,17505.0,565.0,0,premium,one-year,credit_card,north,0
CUST101490,user1490@example.com,21.0,4.4,91.16,54257.0,19798.0,587.0,1,standard,month-to-month,mailed_check,east,0
CUST101491,user1491@example.com,48.0,11.1,78.13,41539.0,22398.0,674.0,1,family,one-year,credit_card,south,1
CUST101492,user1492@example.com,47.0,10.9,134.01,66803.0,11329.0,660.0,1,premium,one-year,credit_card,west,1
CUST101493,user1493@example.com,44.0,53.5,73.83,41841.0,17184.0,521.0,2,premium,one-year,bank_transfer,east,0
CUST101494,user1494@example.com,46.0,8.7,94.64,40800.0,20785.0,622.0,1,premium,two-year,bank_transfer,west,0
CUST101495,user1495@example.com,39.0,2.7,102.54,69377.0,5997.0,654.0,3,family,month-to-month,mailed_check,south,1
CUST101496,user1496@example.com,64.0,8.7,41.0,46767.0,7916.0,678.0,0,family,month-to-month,credit_card,south,0
CUST101497,user1497@example.com,52.0,72.0,43.87,60170.0,7486.0,656.0,2,standard,month-to-month,credit_card,east,1
CUST101498,user1498@example.com,65.0,23.6,45.27,44206.0,19467.0,721.0,3,premium,month-to-month,e_check,north,1
CUST101499,user1499@example.com,33.0,10.8,60.98,50021.0,10471.0,541.0,2,premium,month-to-month,credit_card,south,0
CUST101500,user1500@example.com,41.0,19.3,62.6,53966.0,4749.0,797.0,2,premium,two-year,e_check,east,1
CUST101501,user1501@example.com,41.0,17.4,76.13,75560.0,7655.0,489.0,0,standard,month-to-month,mailed_check,south,0
CUST101502,user1502@example.com,59.0,7.4,110.1,62336.0,26610.0,737.0,1,premium,month-to-month,credit_card,south,0
CUST101503,user1503@example.com,18.0,8.5,30.27,64624.0,23871.0,758.0,3,premium,month-to-month,e_check,north,0
CUST101504,user1504@example.com,49.0,53.6,31.62,64586.0,15049.0,572.0,1,standard,month-to-month,e_check,north,0
CUST101505,user1505@example.com,44.0,19.1,55.73,75236.0,41593.0,804.0,1,premium,month-to-month,mailed_check,north,0
CUST101506,user1506@example.com,55.0,3.9,45.82,87441.0,5627.0,639.0,0,basic,one-year,credit_card,west,1
CUST101507,user1507@example.com,35.0,1.7,32.51,65708.0,11703.0,637.0,1,basic,two-year,mailed_check,south,0
CUST101508,user1508@example.com,21.0,1.6,61.73,36672.0,12911.0,723.0,1,premium,month-to-month,credit_card,north,1
CUST101509,user1509@example.com,65.0,36.7,75.96,60719.0,34760.0,661.0,3,family,month-to-month,mailed_check,west,1
CUST101510,user1510@example.com,42.0,8.2,68.27,81193.0,43548.0,613.0,2,basic,one-year,e_check,south,0
CUST101511,user1511@example.com,53.0,65.1,56.17,29505.0,13299.0,624.0,0,premium,one-year,e_check,west,1
CUST101512,user1512@example.com,38.0,5.1,70.41,88209.0,27688.0,667.0,3,premium,month-to-month,mailed_check,west,1
CUST101513,user1513@example.com,56.0,20.0,26.97,69147.0,20037.0,603.0,1,premium,two-year,mailed_check,east,0
CUST101514,user1514@example.com,51.0,30.6,87.72,61321.0,26994.0,694.0,0,premium,month-to-month,mailed_check,west,0
CUST101515,user1515@example.com,57.0,7.1,70.16,49236.0,20820.0,610.0,4,premium,one-year,e_check,east,0
CUST101516,user1516@example.com,38.0,0.5,79.17,44381.0,11867.0,615.0,1,family,month-to-month,e_check,north,0
CUST101517,user1517@example.com,58.0,12.2,71.94,75327.0,40165.0,616.0,3,family,two-year,e_check,north,0
CUST101518,user1518@example.com,48.0,44.6,30.02,29025.0,14394.0,492.0,1,basic,month-to-month,e_check,east,1
CUST101519,user1519@example.com,20.0,11.3,59.16,99021.0,58602.0,628.0,0,standard,two-year,credit_card,east,0
CUST101520,user1520@example.com,58.0,25.8,104.58,73320.0,19610.0,684.0,1,premium,month-to-month,e_check,south,1
CUST101521,user1521@example.com,49.0,22.9,85.22,65782.0,10946.0,784.0,2,premium,two-year,bank_transfer,east,1
CUST101522,user1522@example.com,38.0,0.5,65.09,62696.0,10110.0,772.0,1,premium,one-year,bank_transfer,west,0
CUST101523,user1523@example.com,40.0,10.2,90.72,41330.0,16664.0,651.0,0,family,two-year,e_check,east,0
CUST101524,user1524@example.com,30.0,13.3,95.78,59175.0,9480.0,649.0,2,family,month-to-month,mailed_check,north,1
CUST101525,user1525@example.com,44.0,88.8,105.05,25885.0,11821.0,596.0,1,premium,month-to-month,bank_transfer,east,0
CUST101526,user1526@example.com,49.0,84.6,90.23,33875.0,19350.0,711.0,2,family,month-to-month,bank_transfer,south,0
CUST101527,user1527@example.com,43.0,36.5,107.3,23255.0,1513.0,550.0,1,premium,month-to-month,mailed_check,west,1
CUST101528,user1528@example.com,45.0,86.9,71.82,56575.0,30097.0,580.0,0,family,month-to-month,credit_card,east,0
CUST101529,user1529@example.com,35.0,70.5,93.69,46141.0,8125.0,530.0,2,premium,two-year,mailed_check,south,0
CUST101530,user1530@example.com,31.0,55.9,45.14,51150.0,18078.0,641.0,4,standard,one-year,bank_transfer,east,0
CUST101531,user1531@example.com,42.0,18.8,90.09,59329.0,11674.0,666.0,1,premium,month-to-month,bank_transfer,east,0
CUST101532,user1532@example.com,45.0,66.0,75.35,79924.0,17402.0,558.0,3,standard,two-year,e_check,west,0
CUST101533,user1533@example.com,37.0,6.5,85.55,24727.0,12442.0,574.0,2,family,month-to-month,e_check,south,1
CUST101534,user1534@example.com,48.0,19.4,101.66,83482.0,17541.0,696.0,2,family,one-year,bank_transfer,north,0
CUST101535,user1535@example.com,52.0,5.8,47.65,57161.0,29127.0,631.0,2,premium,one-year,bank_transfer,south,0
CUST101536,user1536@example.com,54.0,42.3,106.59,45667.0,10276.0,575.0,0,premium,month-to-month,credit_card,south,1
CUST101537,user1537@example.com,36.0,31.3,87.27,60162.0,10666.0,601.0,0,premium,two-year,e_check,west,1
CUST101538,user1538@example.com,22.0,3.0,77.65,63069.0,29481.0,706.0,2,family,month-to-month,credit_card,north,0
CUST101539,user1539@example.com,47.0,55.6,40.29,78287.0,16752.0,697.0,3,standard,month-to-month,credit_card,north,0
CUST101540,user1540@example.com,39.0,1.3,55.21,51415.0,3269.0,639.0,1,standard,month-to-month,e_check,west,1
CUST101541,user1541@example.com,42.0,12.9,93.81,29246.0,5296.0,565.0,1,family,month-to-month,e_check,west,1
CUST101542,user1542@example.com,36.0,17.8,70.35,27568.0,13697.0,548.0,1,premium,month-to-month,bank_transfer,west,1
CUST101543,user1543@example.com,62.0,0.2,99.69,69244.0,27061.0,507.0,1,standard,month-to-month,mailed_check,north,1
CUST101544,user1544@example.com,37.0,10.4,90.99,65183.0,17678.0,578.0,1,premium,one-year,bank_transfer,east,1
CUST101545,user1545@example.com,65.0,6.5,51.69,91156.0,30869.0,700.0,1,standard,month-to-month,bank_transfer,west,1
CUST101546,user1546@example.com,51.0,18.6,69.54,26598.0,4086.0,588.0,1,family,month-to-month,credit_card,west,1
CUST101547,user1547@example.com,55.0,9.4,67.82,64286.0,12544.0,568.0,4,premium,one-year,credit_card,south,0
CUST101548,user1548@example.com,40.0,13.5,92.79,72352.0,6977.0,576.0,1,premium,two-year,bank_transfer,north,0
CUST101549,user1549@example.com,32.0,17.7,72.38,61212.0,12463.0,614.0,3,premium,month-to-month,credit_card,north,1
CUST101550,user1550@example.com,50.0,22.3,69.08,51652.0,9976.0,734.0,3,premium,month-to-month,mailed_check,south,1
CUST101551,user1551@example.com,46.0,8.4,81.7,48891.0,14188.0,576.0,0,family,month-to-month,e_check,east,0
CUST101552,user1552@example.com,36.0,2.7,63.94,48880.0,19778.0,602.0,2,standard,two-year,e_check,west,0
CUST101553,user1553@example.com,51.0,37.6,90.88,60068.0,21710.0,555.0,0,premium,month-to-month,mailed_check,west,1
CUST101554,user1554@example.com,49.0,3.5,74.87,78980.0,36914.0,724.0,2,premium,month-to-month,mailed_check,north,0
CUST101555,user1555@example.com,21.0,47.6,101.69,29939.0,5915.0,646.0,1,family,one-year,credit_card,east,1
CUST101556,user1556@example.com,49.0,54.7,90.28,47547.0,6980.0,537.0,2,standard,month-to-month,e_check,north,1
CUST101557,user1557@example.com,54.0,21.7,75.68,85147.0,36659.0,565.0,4,standard,one-year,e_check,north,1
CUST101558,user1558@example.com,24.0,2.6,107.31,29210.0,2666.0,682.0,2,family,month-to-month,bank_transfer,south,1
CUST101559,user1559@example.com,65.0,2.5,56.33,63911.0,6703.0,736.0,1,premium,month-to-month,e_check,south,1
CUST101560,user1560@example.com,59.0,28.1,74.96,12000.0,5490.0,600.0,3,family,month-to-month,e_check,south,1
CUST101561,user1561@example.com,21.0,30.8,74.06,45412.0,23477.0,703.0,4,family,month-to-month,mailed_check,north,0
CUST101562,user1562@example.com,38.0,108.3,80.99,36745.0,2739.0,680.0,1,standard,one-year,bank_transfer,west,0
CUST101563,user1563@example.com,31.0,21.5,57.06,77531.0,16393.0,800.0,1,family,two-year,e_check,west,0
CUST101564,user1564@example.com,28.0,50.0,74.11,31672.0,8446.0,571.0,0,family,month-to-month,bank_transfer,east,1
CUST101565,user1565@example.com,46.0,3.7,56.26,32796.0,8588.0,793.0,2,basic,month-to-month,mailed_check,north,1
CUST101566,user1566@example.com,44.0,14.0,35.31,37335.0,20394.0,712.0,1,premium,two-year,credit_card,south,0
CUST101567,user1567@example.com,31.0,6.7,67.01,44390.0,8507.0,577.0,1,premium,month-to-month,mailed_check,west,1
CUST101568,user1568@example.com,32.0,6.4,77.43,46320.0,27493.0,703.0,1,standard,month-to-month,e_check,north,1
CUST101569,user1569@example.com,42.0,12.2,44.99,43145.0,9487.0,588.0,1,premium,month-to-month,bank_transfer,north,1
CUST101570,user1570@example.com,47.0,5.5,61.85,60643.0,4731.0,668.0,1,standard,month-to-month,e_check,east,0
CUST101571,user1571@example.com,32.0,82.4,84.12,33034.0,7796.0,697.0,4,family,month-to-month,bank_transfer,north,0
CUST101572,user1572@example.com,43.0,11.3,87.37,63826.0,20230.0,600.0,1,basic,month-to-month,bank_transfer,east,1
CUST101573,user1573@example.com,49.0,12.1,89.6,39712.0,16047.0,796.0,0,premium,month-to-month,credit_card,west,1
CUST101574,user1574@example.com,53.0,17.9,45.28,12898.0,5202.0,649.0,2,standard,two-year,credit_card,east,0
CUST101575,user1575@example.com,46.0,15.0,126.81,51713.0,10710.0,654.0,2,premium,month-to-month,mailed_check,south,1
CUST101576,user1576@example.com,44.0,15.3,32.28,64000.0,36992.0,715.0,0,family,month-to-month,mailed_check,west,0
CUST101577,user1577@example.com,39.0,73.3,65.71,35798.0,2883.0,709.0,0,family,month-to-month,e_check,east,0
CUST101578,user1578@example.com,37.0,55.3,12.65,56641.0,21293.0,721.0,1,premium,two-year,credit_card,south,0
CUST101579,user1579@example.com,44.0,5.2,45.47,45245.0,17511.0,707.0,2,standard,two-year,mailed_check,east,0
CUST101580,user1580@example.com,43.0,12.1,48.2,43260.0,10075.0,822.0,1,family,month-to-month,e_check,south,0
CUST101581,user1581@example.com,47.0,3.5,101.79,66926.0,31445.0,670.0,1,standard,month-to-month,credit_card,north,1
CUST101582,user1582@example.com,33.0,31.8,112.36,67767.0,13483.0,666.0,1,family,one-year,credit_card,south,0
CUST101583,user1583@example.com,50.0,13.3,75.99,31845.0,5693.0,757.0,3,standard,two-year,bank_transfer,south,0
CUST101584,user1584@example.com,24.0,28.8,58.26,35208.0,14553.0,651.0,0,standard,month-to-month,e_check,east,1
CUST101585,user1585@example.com,50.0,3.1,10.0,69097.0,25367.0,557.0,2,premium,one-year,mailed_check,north,1
CUST101586,user1586@example.com,39.0,1.7,49.97,33521.0,15316.0,611.0,0,premium,two-year,e_check,north,0
CUST101587,user1587@example.com,28.0,6.4,24.39,36674.0,12017.0,611.0,1,premium,one-year,e_check,north,0
CUST101588,user1588@example.com,29.0,83.5,53.33,48996.0,3542.0,786.0,1,premium,month-to-month,credit_card,west,0
CUST101589,user1589@example.com,49.0,1.5,62.01,42846.0,11008.0,588.0,2,premium,two-year,e_check,east,1
CUST101590,user1590@example.com,43.0,23.5,75.34,44420.0,14891.0,555.0,0,family,two-year,e_check,north,0
CUST101591,user1591@example.com,44.0,60.0,65.24,49428.0,27443.0,719.0,0,premium,month-to-month,mailed_check,east,0
CUST101592,user1592@example.com,40.0,36.8,58.58,50065.0,13746.0,814.0,0,basic,month-to-month,mailed_check,north,0
CUST101593,user1593@example.com,37.0,11.7,57.47,59062.0,3890.0,536.0,1,family,month-to-month,bank_transfer,north,1
CUST101594,user1594@example.com,43.0,10.1,66.51,56623.0,31510.0,818.0,2,basic,month-to-month,mailed_check,west,0
CUST101595,user1595@example.com,42.0,65.4,97.27,89437.0,47285.0,574.0,3,family,one-year,bank_transfer,south,0
CUST101596,user1596@example.com,33.0,49.8,87.03,67325.0,25204.0,504.0,5,basic,month-to-month,credit_card,south,1
CUST101597,user1597@example.com,22.0,9.0,53.4,53409.0,19873.0,531.0,1,premium,one-year,mailed_check,north,1
CUST101598,user1598@example.com,34.0,2.0,61.7,87771.0,50913.0,655.0,1,premium,one-year,e_check,south,0
CUST101599,user1599@example.com,44.0,23.4,119.01,37144.0,4927.0,616.0,1,premium,two-year,e_check,east,0
CUST101600,user1600@example.com,52.0,7.0,55.01,93413.0,41351.0,643.0,1,standard,one-year,e_check,east,0
CUST101601,user1601@example.com,18.0,9.7,86.3,106076.0,15875.0,606.0,1,standard,month-to-month,bank_transfer,south,1
CUST101602,user1602@example.com,36.0,28.3,94.66,72254.0,4850.0,544.0,4,premium,one-year,e_check,north,0
CUST101603,user1603@example.com,45.0,80.6,70.61,51900.0,6344.0,704.0,1,standard,month-to-month,credit_card,north,0
CUST101604,user1604@example.com,43.0,93.4,53.8,74354.0,8862.0,607.0,0,premium,month-to-month,e_check,south,0
CUST101605,user1605@example.com,43.0,3.1,23.14,79425.0,4474.0,740.0,1,premium,one-year,e_check,east,0
CUST101606,user1606@example.com,36.0,8.4,85.15,36119.0,13531.0,704.0,3,standard,one-year,e_check,east,1
CUST101607,user1607@example.com,33.0,4.1,75.72,70936.0,30967.0,621.0,2,family,month-to-month,mailed_check,north,1
CUST101608,user1608@example.com,47.0,18.1,51.9,50406.0,24577.0,608.0,0,family,month-to-month,e_check,north,0
CUST101609,user1609@example.com,45.0,0.1,83.59,38632.0,6620.0,479.0,2,family,month-to-month,credit_card,north,1
CUST101610,user1610@example.com,41.0,7.9,73.51,61479.0,16709.0,716.0,1,standard,month-to-month,e_check,east,1
CUST101611,user1611@example.com,66.0,18.8,50.7,56781.0,13084.0,664.0,2,family,month-to-month,bank_transfer,south,0
CUST101612,user1612@example.com,57.0,12.2,34.35,28134.0,7653.0,688.0,2,standard,two-year,e_check,north,0
CUST101613,user1613@example.com,48.0,3.2,59.28,83070.0,48270.0,576.0,3,standard,two-year,bank_transfer,north,0
CUST101614,user1614@example.com,53.0,80.4,105.79,58830.0,16224.0,650.0,1,premium,month-to-month,credit_card,north,0
CUST101615,user1615@example.com,50.0,28.6,86.93,71691.0,21119.0,550.0,1,premium,month-to-month,e_check,west,1
CUST101616,user1616@example.com,39.0,44.8,79.63,73614.0,38224.0,567.0,1,basic,month-to-month,credit_card,north,1
CUST101617,user1617@example.com,29.0,18.4,80.75,41196.0,13812.0,755.0,0,family,two-year,mailed_check,south,0
CUST101618,user1618@example.com,54.0,46.3,48.82,98738.0,28275.0,621.0,2,basic,month-to-month,credit_card,south,1
CUST101619,user1619@example.com,42.0,18.9,58.0,97133.0,13305.0,638.0,5,basic,two-year,credit_card,north,0
CUST101620,user1620@example.com,53.0,4.0,71.64,35910.0,15935.0,531.0,0,premium,month-to-month,mailed_check,north,0
CUST101621,user1621@example.com,52.0,47.8,68.49,56056.0,23997.0,571.0,0,standard,month-to-month,credit_card,west,0
CUST101622,user1622@example.com,24.0,10.9,43.52,59306.0,32190.0,558.0,6,premium,month-to-month,bank_transfer,east,1
CUST101623,user1623@example.com,50.0,7.5,42.14,42583.0,15345.0,625.0,1,premium,month-to-month,credit_card,north,1
CUST101624,user1624@example.com,63.0,55.3,67.98,47826.0,5933.0,599.0,4,premium,month-to-month,e_check,south,1
CUST101625,user1625@example.com,40.0,21.4,57.68,103354.0,52663.0,622.0,3,basic,two-year,mailed_check,north,1
CUST101626,user1626@example.com,46.0,7.3,63.06,45714.0,4498.0,692.0,1,basic,one-year,bank_transfer,north,0
CUST101627,user1627@example.com,54.0,42.7,65.11,94215.0,21067.0,764.0,3,premium,one-year,e_check,west,0
CUST101628,user1628@example.com,24.0,33.1,104.99,79873.0,30137.0,686.0,0,premium,two-year,bank_transfer,east,1
CUST101629,user1629@example.com,18.0,75.6,58.66,64641.0,21745.0,566.0,3,premium,one-year,e_check,north,0
CUST101630,user1630@example.com,40.0,77.9,82.18,82175.0,35007.0,544.0,2,premium,one-year,bank_transfer,west,0
CUST101631,user1631@example.com,23.0,12.8,43.55,73955.0,27248.0,568.0,0,premium,one-year,e_check,north,0
CUST101632,user1632@example.com,58.0,2.4,104.61,67645.0,24552.0,662.0,0,premium,one-year,e_check,north,1
CUST101633,user1633@example.com,52.0,37.0,113.94,76297.0,28167.0,730.0,2,family,month-to-month,bank_transfer,east,1
CUST101634,user1634@example.com,58.0,30.5,60.22,45774.0,10530.0,726.0,2,premium,month-to-month,e_check,north,1
CUST101635,user1635@example.com,41.0,13.6,38.67,51937.0,28606.0,816.0,1,family,two-year,mailed_check,west,1
CUST101636,user1636@example.com,55.0,97.1,26.79,27932.0,5964.0,641.0,4,family,two-year,bank_transfer,north,0
CUST101637,user1637@example.com,43.0,55.6,74.59,70613.0,21222.0,607.0,2,standard,one-year,e_check,south,1
CUST101638,user1638@example.com,47.0,13.1,62.5,43235.0,23728.0,645.0,2,premium,month-to-month,mailed_check,east,1
CUST101639,user1639@example.com,68.0,52.9,105.08,26218.0,2721.0,504.0,1,premium,month-to-month,e_check,east,1
CUST101640,user1640@example.com,27.0,3.6,77.39,67900.0,22691.0,648.0,0,premium,month-to-month,mailed_check,south,1
CUST101641,user1641@example.com,63.0,4.0,53.0,50560.0,8305.0,621.0,1,standard,one-year,credit_card,west,0
CUST101642,user1642@example.com,19.0,19.0,92.79,88862.0,42033.0,553.0,0,premium,month-to-month,e_check,west,1
CUST101643,user1643@example.com,42.0,20.8,17.75,73499.0,21222.0,752.0,1,premium,month-to-month,mailed_check,east,0
CUST101644,user1644@example.com,49.0,35.3,69.33,83738.0,46230.0,590.0,4,family,one-year,credit_card,west,1
CUST101645,user1645@example.com,36.0,27.2,72.06,54325.0,13941.0,610.0,2,family,month-to-month,bank_transfer,west,1
CUST101646,user1646@example.com,45.0,11.4,82.39,62131.0,35112.0,525.0,4,standard,one-year,credit_card,north,1
CUST101647,user1647@example.com,46.0,3.6,56.52,75112.0,21213.0,662.0,4,standard,one-year,credit_card,north,0
CUST101648,user1648@example.com,49.0,4.3,66.25,12000.0,7190.0,806.0,1,premium,one-year,e_check,south,0
CUST101649,user1649@example.com,40.0,27.1,57.03,24345.0,4816.0,666.0,1,family,month-to-month,mailed_check,north,1
CUST101650,user1650@example.com,34.0,11.8,82.69,54565.0,18088.0,737.0,1,family,two-year,e_check,north,0
CUST101651,user1651@example.com,44.0,4.7,88.63,22096.0,8274.0,597.0,1,premium,two-year,e_check,east,1
CUST101652,user1652@example.com,38.0,12.1,48.89,39768.0,19182.0,702.0,2,family,month-to-month,credit_card,north,1
CUST101653,user1653@example.com,42.0,44.0,88.11,67706.0,7119.0,589.0,3,premium,one-year,e_check,north,1
CUST101654,user1654@example.com,38.0,2.7,40.0,63028.0,27822.0,565.0,2,standard,one-year,bank_transfer,east,0
CUST101655,user1655@example.com,44.0,39.0,63.73,69588.0,17684.0,684.0,2,standard,month-to-month,bank_transfer,north,0
CUST101656,user1656@example.com,35.0,13.0,92.3,33874.0,8878.0,762.0,1,standard,month-to-month,bank_transfer,east,0
CUST101657,user1657@example.com,36.0,5.7,58.31,73899.0,9010.0,580.0,2,premium,one-year,e_check,north,1
CUST101658,user1658@example.com,29.0,10.1,57.9,39641.0,6118.0,675.0,0,standard,two-year,credit_card,east,0
CUST101659,user1659@example.com,44.0,33.0,74.83,67304.0,26744.0,492.0,1,standard,month-to-month,e_check,west,1
CUST101660,user1660@example.com,31.0,3.6,10.0,70104.0,4745.0,563.0,0,family,two-year,e_check,north,0
CUST101661,user1661@example.com,46.0,37.5,52.37,98397.0,5205.0,850.0,1,premium,month-to-month,credit_card,south,0
CUST101662,user1662@example.com,54.0,19.8,60.24,90671.0,50051.0,612.0,2,standard,one-year,mailed_check,west,1
CUST101663,user1663@example.com,61.0,4.8,64.4,70235.0,3536.0,600.0,2,basic,month-to-month,bank_transfer,west,1
CUST101664,user1664@example.com,41.0,38.7,75.25,49506.0,6174.0,700.0,1,premium,one-year,bank_transfer,north,0
CUST101665,user1665@example.com,75.0,37.0,68.95,58793.0,19063.0,564.0,1,standard,one-year,mailed_check,north,1
CUST101666,user1666@example.com,49.0,53.7,100.53,63470.0,10864.0,699.0,2,basic,two-year,mailed_check,west,0
CUST101667,user1667@example.com,44.0,81.5,113.71,43772.0,11936.0,700.0,3,family,two-year,credit_card,south,1
CUST101668,user1668@example.com,65.0,14.9,67.35,69329.0,27593.0,623.0,0,family,month-to-month,bank_transfer,west,0
CUST101669,user1669@example.com,31.0,55.8,53.53,71350.0,14330.0,766.0,1,premium,month-to-month,bank_transfer,north,0
CUST101670,user1670@example.com,42.0,16.4,101.2,71322.0,7867.0,523.0,0,family,month-to-month,credit_card,east,1
CUST101671,user1671@example.com,38.0,3.3,63.5,33779.0,4765.0,620.0,3,premium,one-year,credit_card,south,1
CUST101672,user1672@example.com,27.0,79.8,54.06,55141.0,6363.0,756.0,1,family,month-to-month,bank_transfer,east,1
CUST101673,user1673@example.com,54.0,67.8,90.21,75030.0,24705.0,725.0,4,premium,one-year,bank_transfer,west,0
CUST101674,user1674@example.com,46.0,25.7,70.42,71062.0,7461.0,613.0,1,family,two-year,bank_transfer,south,0
CUST101675,user1675@example.com,50.0,10.6,91.23,52565.0,13958.0,596.0,2,standard,one-year,bank_transfer,east,1
CUST101676,user1676@example.com,50.0,25.6,52.27,54735.0,7462.0,668.0,0,premium,month-to-month,bank_transfer,north,0
CUST101677,user1677@example.com,22.0,4.6,62.95,47520.0,28289.0,492.0,1,family,month-to-month,mailed_check,west,0
CUST101678,user1678@example.com,56.0,8.4,91.1,67549.0,35041.0,651.0,1,family,month-to-month,credit_card,west,1
CUST101679,user1679@example.com,33.0,17.7,14.74,22868.0,11082.0,672.0,3,family,month-to-month,e_check,west,1
CUST101680,user1680@example.com,54.0,11.4,58.3,36403.0,16149.0,589.0,2,family,two-year,bank_transfer,north,1
CUST101681,user1681@example.com,27.0,7.2,95.29,44086.0,25126.0,649.0,0,premium,one-year,e_check,east,1
CUST101682,user1682@example.com,46.0,18.7,63.74,66634.0,12499.0,650.0,3,standard,two-year,e_check,east,0
CUST101683,user1683@example.com,34.0,23.0,96.8,84579.0,47005.0,531.0,1,standard,two-year,mailed_check,west,0
CUST101684,user1684@example.com,45.0,30.6,51.52,62916.0,19034.0,644.0,1,premium,one-year,mailed_check,south,1
CUST101685,user1685@example.com,40.0,33.1,76.14,31778.0,3625.0,537.0,1,premium,month-to-month,e_check,north,1
CUST101686,user1686@example.com,45.0,7.9,62.62,51100.0,18455.0,597.0,1,premium,month-to-month,credit_card,south,1
CUST101687,user1687@example.com,39.0,50.7,29.09,36657.0,17203.0,608.0,3,standard,month-to-month,credit_card,east,0
CUST101688,user1688@example.com,36.0,52.1,61.69,50184.0,22802.0,771.0,3,basic,two-year,bank_transfer,west,0
CUST101689,user1689@example.com,57.0,2.3,58.42,36771.0,10216.0,719.0,1,standard,one-year,e_check,east,0
CUST101690,user1690@example.com,57.0,6.9,53.92,47882.0,14061.0,772.0,1,standard,month-to-month,e_check,north,1
CUST101691,user1691@example.com,65.0,27.3,48.01,38599.0,16162.0,602.0,0,family,month-to-month,mailed_check,south,0
CUST101692,user1692@example.com,43.0,24.5,105.05,96152.0,23760.0,627.0,1,family,one-year,e_check,south,1
CUST101693,user1693@example.com,41.0,12.5,52.98,63318.0,31745.0,671.0,0,standard,one-year,mailed_check,east,0
CUST101694,user1694@example.com,43.0,18.3,78.19,37774.0,10333.0,658.0,3,premium,one-year,mailed_check,east,0
CUST101695,user1695@example.com,34.0,4.0,66.86,54353.0,8996.0,739.0,5,standard,month-to-month,credit_card,east,1
CUST101696,user1696@example.com,28.0,27.6,90.78,90383.0,8384.0,704.0,1,standard,month-to-month,bank_transfer,west,1
CUST101697,user1697@example.com,36.0,3.5,113.34,72492.0,10025.0,723.0,0,premium,two-year,e_check,west,1
CUST101698,user1698@example.com,34.0,5.1,108.66,51930.0,18790.0,627.0,0,standard,one-year,credit_card,north,1
CUST101699,user1699@example.com,49.0,75.7,56.75,43975.0,5240.0,711.0,1,basic,month-to-month,credit_card,west,0
CUST101700,user1700@example.com,52.0,32.2,84.02,61759.0,16245.0,611.0,2,premium,month-to-month,credit_card,south,0
CUST101701,user1701@example.com,19.0,10.7,99.53,44750.0,13275.0,841.0,1,standard,two-year,credit_card,east,0
CUST101702,user1702@example.com,33.0,2.8,62.75,78363.0,9077.0,625.0,2,family,month-to-month,credit_card,north,0
CUST101703,user1703@example.com,47.0,21.5,95.29,106132.0,34467.0,661.0,3,family,month-to-month,credit_card,south,0
CUST101704,user1704@example.com,44.0,6.1,70.78,59016.0,27240.0,712.0,1,premium,two-year,e_check,north,0
CUST101705,user1705@example.com,40.0,7.3,37.96,57349.0,24682.0,842.0,1,premium,one-year,e_check,north,0
CUST101706,user1706@example.com,40.0,3.9,119.67,31660.0,3607.0,736.0,1,standard,one-year,e_check,north,0
CUST101707,user1707@example.com,47.0,20.4,26.81,86422.0,23089.0,582.0,0,premium,month-to-month,credit_card,east,1
CUST101708,user1708@example.com,47.0,4.6,35.63,66366.0,11073.0,736.0,3,premium,one-year,mailed_check,east,0
CUST101709,user1709@example.com,27.0,8.8,58.23,20867.0,1318.0,523.0,0,family,one-year,credit_card,south,1
CUST101710,user1710@example.com,21.0,8.9,92.95,62550.0,29027.0,608.0,2,premium,month-to-month,credit_card,north,0
CUST101711,user1711@example.com,42.0,77.4,84.67,55149.0,27848.0,588.0,0,standard,month-to-month,bank_transfer,west,0
CUST101712,user1712@example.com,51.0,12.3,117.36,58322.0,11583.0,616.0,0,family,month-to-month,e_check,south,1
CUST101713,user1713@example.com,37.0,4.0,95.22,47347.0,8702.0,712.0,2,premium,two-year,mailed_check,south,0
CUST101714,user1714@example.com,69.0,4.5,74.28,57663.0,12738.0,738.0,1,premium,month-to-month,mailed_check,east,0
CUST101715,user1715@example.com,52.0,52.9,100.33,34017.0,14063.0,750.0,1,premium,two-year,mailed_check,west,0
CUST101716,user1716@example.com,37.0,68.0,62.98,57489.0,33398.0,610.0,1,premium,one-year,mailed_check,west,0
CUST101717,user1717@example.com,22.0,39.0,73.01,71777.0,27639.0,534.0,0,premium,month-to-month,bank_transfer,south,0
CUST101718,user1718@example.com,51.0,6.3,57.78,51750.0,30904.0,689.0,2,standard,month-to-month,credit_card,north,0
CUST101719,user1719@example.com,32.0,24.1,96.83,41337.0,10752.0,668.0,2,standard,month-to-month,credit_card,south,1
CUST101720,user1720@example.com,36.0,23.3,61.06,84104.0,8367.0,505.0,1,family,one-year,e_check,west,0
CUST101721,user1721@example.com,33.0,34.8,36.87,78349.0,30395.0,621.0,1,premium,month-to-month,e_check,north,1
CUST101722,user1722@example.com,27.0,46.8,36.66,34811.0,7670.0,568.0,3,premium,month-to-month,mailed_check,west,1
CUST101723,user1723@example.com,36.0,17.2,42.04,47330.0,22243.0,479.0,1,family,one-year,credit_card,west,0
CUST101724,user1724@example.com,36.0,2.2,81.91,56270.0,12757.0,662.0,3,standard,two-year,e_check,south,0
CUST101725,user1725@example.com,32.0,31.8,65.8,61429.0,19760.0,598.0,2,family,month-to-month,credit_card,south,0
CUST101726,user1726@example.com,35.0,5.7,70.48,68189.0,19187.0,600.0,0,standard,two-year,credit_card,east,0
CUST101727,user1727@example.com,64.0,41.4,79.66,49638.0,22893.0,656.0,1,standard,two-year,credit_card,east,1
CUST101728,user1728@example.com,51.0,13.9,82.61,36699.0,19637.0,494.0,2,standard,two-year,bank_transfer,north,0
CUST101729,user1729@example.com,40.0,3.1,61.73,61038.0,8551.0,560.0,2,premium,month-to-month,e_check,west,1
CUST101730,user1730@example.com,22.0,11.3,67.33,40921.0,24435.0,669.0,3,premium,one-year,e_check,east,1
CUST101731,user1731@example.com,49.0,17.8,58.36,67321.0,27376.0,694.0,1,family,one-year,credit_card,south,0
CUST101732,user1732@example.com,64.0,46.7,78.91,66580.0,32150.0,758.0,2,standard,two-year,mailed_check,north,0
CUST101733,user1733@example.com,63.0,14.9,67.21,91389.0,12026.0,667.0,1,standard,month-to-month,bank_transfer,north,1
CUST101734,user1734@example.com,40.0,19.5,47.75,82326.0,17393.0,696.0,0,standard,one-year,mailed_check,south,0
CUST101735,user1735@example.com,46.0,83.7,72.09,69391.0,41381.0,657.0,1,standard,one-year,e_check,north,0
CUST101736,user1736@example.com,29.0,71.9,86.65,48431.0,13865.0,720.0,0,premium,month-to-month,e_check,east,0
CUST101737,user1737@example.com,45.0,1.2,113.9,39063.0,4803.0,558.0,3,basic,two-year,mailed_check,east,1
CUST101738,user1738@example.com,50.0,43.9,40.41,77217.0,16635.0,593.0,1,standard,month-to-month,e_check,north,1
CUST101739,user1739@example.com,48.0,33.1,37.61,63924.0,36648.0,641.0,2,family,one-year,credit_card,east,0
CUST101740,user1740@example.com,56.0,2.7,34.03,39916.0,5948.0,649.0,1,standard,one-year,credit_card,north,1
CUST101741,user1741@example.com,50.0,3.1,53.97,58781.0,23410.0,550.0,0,premium,one-year,bank_transfer,south,0
CUST101742,user1742@example.com,22.0,0.2,65.08,52455.0,21182.0,522.0,1,standard,month-to-month,bank_transfer,east,1
CUST101743,user1743@example.com,37.0,15.0,58.53,49549.0,13202.0,576.0,1,premium,month-to-month,mailed_check,west,0
CUST101744,user1744@example.com,54.0,2.0,33.83,58466.0,22699.0,590.0,2,standard,month-to-month,e_check,west,1
CUST101745,user1745@example.com,22.0,8.8,105.72,43079.0,14134.0,676.0,1,premium,one-year,bank_transfer,west,1
CUST101746,user1746@example.com,43.0,9.1,23.27,31727.0,18438.0,484.0,2,standard,month-to-month,e_check,west,0
CUST101747,user1747@example.com,37.0,40.4,114.2,92974.0,43731.0,833.0,0,basic,month-to-month,e_check,north,1
CUST101748,user1748@example.com,27.0,2.8,84.06,51559.0,26533.0,579.0,0,premium,month-to-month,credit_card,east,0
CUST101749,user1749@example.com,53.0,41.8,105.66,67674.0,5901.0,519.0,0,standard,month-to-month,mailed_check,east,1
CUST101750,user1750@example.com,33.0,31.5,45.14,24510.0,6787.0,541.0,0,basic,month-to-month,e_check,east,1
CUST101751,user1751@example.com,67.0,1.9,61.0,28681.0,9984.0,638.0,1,premium,month-to-month,e_check,east,1
CUST101752,user1752@example.com,39.0,38.5,64.76,37173.0,11595.0,573.0,0,premium,month-to-month,e_check,east,1
CUST101753,user1753@example.com,55.0,27.8,58.68,36702.0,10382.0,634.0,1,premium,month-to-month,e_check,north,1
CUST101754,user1754@example.com,62.0,51.4,76.02,35329.0,20183.0,617.0,2,basic,one-year,mailed_check,south,1
CUST101755,user1755@example.com,46.0,48.6,76.33,36656.0,15605.0,657.0,2,standard,month-to-month,credit_card,south,0
CUST101756,user1756@example.com,43.0,6.0,47.73,71154.0,33377.0,640.0,1,premium,two-year,credit_card,east,0
CUST101757,user1757@example.com,51.0,18.3,117.35,40519.0,14104.0,682.0,3,family,month-to-month,e_check,north,1
CUST101758,user1758@example.com,62.0,58.9,42.14,12000.0,4637.0,781.0,0,premium,month-to-month,credit_card,south,0
CUST101759,user1759@example.com,46.0,19.5,82.28,57672.0,31607.0,617.0,1,premium,two-year,mailed_check,east,0
CUST101760,user1760@example.com,34.0,27.0,76.25,45535.0,23697.0,565.0,3,standard,month-to-month,mailed_check,east,1
CUST101761,user1761@example.com,25.0,45.9,76.93,85615.0,12093.0,723.0,1,premium,two-year,bank_transfer,east,0
CUST101762,user1762@example.com,46.0,29.5,10.0,53727.0,21668.0,680.0,3,basic,month-to-month,e_check,south,1
CUST101763,user1763@example.com,30.0,16.8,65.34,80355.0,34312.0,640.0,3,family,month-to-month,mailed_check,east,1
CUST101764,user1764@example.com,53.0,1.7,65.52,50087.0,3449.0,664.0,1,family,month-to-month,mailed_check,north,1
CUST101765,user1765@example.com,57.0,25.6,79.43,43035.0,16453.0,605.0,0,standard,two-year,e_check,north,0
CUST101766,user1766@example.com,49.0,30.6,36.73,66931.0,33792.0,757.0,0,premium,month-to-month,e_check,south,0
CUST101767,user1767@example.com,41.0,18.2,78.07,30217.0,5503.0,724.0,0,premium,one-year,mailed_check,north,0
CUST101768,user1768@example.com,49.0,10.8,90.51,77536.0,16684.0,670.0,2,premium,one-year,e_check,east,0
CUST101769,user1769@example.com,42.0,5.7,86.69,47328.0,24832.0,623.0,2,standard,month-to-month,credit_card,east,1
CUST101770,user1770@example.com,39.0,2.6,71.05,23911.0,9392.0,508.0,1,family,two-year,e_check,west,0
CUST101771,user1771@example.com,37.0,3.9,99.8,65370.0,37935.0,712.0,2,premium,month-to-month,credit_card,north,1
CUST101772,user1772@example.com,43.0,18.1,92.45,50755.0,28198.0,657.0,1,family,one-year,mailed_check,south,0
CUST101773,user1773@example.com,42.0,46.3,52.62,30893.0,2099.0,728.0,1,premium,two-year,mailed_check,west,0
CUST101774,user1774@example.com,57.0,3.8,75.02,63134.0,12815.0,536.0,1,premium,one-year,e_check,west,1
CUST101775,user1775@example.com,49.0,47.0,94.9,45000.0,6923.0,637.0,1,family,one-year,credit_card,east,0
CUST101776,user1776@example.com,26.0,15.3,111.04,69208.0,11109.0,631.0,0,premium,month-to-month,credit_card,south,1
CUST101777,user1777@example.com,48.0,7.4,54.68,52264.0,23495.0,500.0,1,family,month-to-month,credit_card,north,1
CUST101778,user1778@example.com,43.0,101.2,48.55,64059.0,25287.0,529.0,6,premium,month-to-month,credit_card,south,0
CUST101779,user1779@example.com,45.0,26.1,44.4,49193.0,20398.0,671.0,1,premium,month-to-month,mailed_check,south,1
CUST101780,user1780@example.com,39.0,43.9,38.02,24648.0,12205.0,850.0,3,family,one-year,credit_card,east,0
CUST101781,user1781@example.com,42.0,87.0,70.66,72244.0,8832.0,753.0,2,standard,one-year,credit_card,west,0
CUST101782,user1782@example.com,62.0,78.1,53.94,40072.0,9576.0,504.0,0,basic,one-year,e_check,south,0
CUST101783,user1783@example.com,38.0,102.9,84.82,14807.0,3688.0,665.0,1,premium,one-year,e_check,east,1
CUST101784,user1784@example.com,34.0,32.2,55.32,46908.0,5462.0,593.0,1,standard,month-to-month,mailed_check,south,0
CUST101785,user1785@example.com,34.0,13.6,42.17,41263.0,21019.0,702.0,2,standard,month-to-month,e_check,east,0
CUST101786,user1786@example.com,29.0,17.4,94.27,72995.0,37372.0,659.0,1,basic,two-year,bank_transfer,north,0
CUST101787,user1787@example.com,49.0,18.4,69.12,41764.0,20129.0,599.0,2,family,month-to-month,e_check,south,1
CUST101788,user1788@example.com,56.0,3.9,91.42,52644.0,6660.0,716.0,0,premium,one-year,e_check,south,1
CUST101789,user1789@example.com,35.0,77.4,57.66,65864.0,14544.0,655.0,1,standard,one-year,e_check,west,0
CUST101790,user1790@example.com,48.0,11.3,113.66,56036.0,9844.0,670.0,2,family,one-year,credit_card,north,1
CUST101791,user1791@example.com,54.0,7.0,79.27,75258.0,41043.0,650.0,1,standard,two-year,credit_card,north,0
CUST101792,user1792@example.com,45.0,0.0,42.54,76063.0,25952.0,651.0,1,basic,one-year,credit_card,west,0
CUST101793,user1793@example.com,42.0,3.6,29.25,36294.0,5266.0,657.0,2,premium,month-to-month,mailed_check,south,1
CUST101794,user1794@example.com,34.0,15.0,77.78,62251.0,9913.0,756.0,4,standard,month-to-month,mailed_check,east,1
CUST101795,user1795@example.com,49.0,9.8,81.01,87488.0,17238.0,721.0,1,family,two-year,e_check,east,0
CUST101796,user1796@example.com,39.0,0.9,88.0,37900.0,16652.0,744.0,1,premium,month-to-month,credit_card,east,0
CUST101797,user1797@example.com,49.0,15.5,25.5,31996.0,10957.0,487.0,0,basic,one-year,e_check,south,0
CUST101798,user1798@example.com,36.0,10.6,26.21,68717.0,33867.0,684.0,0,family,month-to-month,e_check,east,0
CUST101799,user1799@example.com,46.0,68.4,25.0,39897.0,14910.0,566.0,2,standard,two-year,e_check,west,0
CUST101800,user1800@example.com,55.0,6.8,46.92,94744.0,29316.0,665.0,1,basic,two-year,e_check,west,0
CUST101801,user1801@example.com,48.0,19.2,85.34,48089.0,17578.0,745.0,2,standard,one-year,bank_transfer,east,1
CUST101802,user1802@example.com,34.0,96.9,70.56,36680.0,18633.0,564.0,0,standard,month-to-month,credit_card,north,0
CUST101803,user1803@example.com,29.0,29.2,27.59,44383.0,19493.0,669.0,3,premium,one-year,credit_card,south,0
CUST101804,user1804@example.com,43.0,29.1,32.16,83630.0,26789.0,606.0,1,standard,two-year,mailed_check,east,0
CUST101805,user1805@example.com,59.0,0.4,78.55,29436.0,14206.0,730.0,4,premium,month-to-month,bank_transfer,south,1
CUST101806,user1806@example.com,52.0,25.8,98.77,48047.0,5759.0,667.0,0,premium,one-year,credit_card,west,1
CUST101807,user1807@example.com,66.0,39.3,82.94,49860.0,2541.0,625.0,1,premium,two-year,e_check,north,1
CUST101808,user1808@example.com,75.0,34.1,109.02,12000.0,4901.0,630.0,2,premium,month-to-month,bank_transfer,south,1
CUST101809,user1809@example.com,41.0,11.1,80.14,45355.0,25026.0,673.0,2,premium,month-to-month,bank_transfer,south,0
CUST101810,user1810@example.com,50.0,42.6,108.52,51189.0,8931.0,788.0,1,standard,month-to-month,credit_card,east,1
CUST101811,user1811@example.com,42.0,1.7,130.72,37641.0,6988.0,671.0,1,family,month-to-month,credit_card,west,0
CUST101812,user1812@example.com,35.0,19.9,65.08,69472.0,37543.0,690.0,0,basic,month-to-month,credit_card,south,0
CUST101813,user1813@example.com,47.0,30.1,88.01,70872.0,27352.0,727.0,4,premium,one-year,mailed_check,south,0
CUST101814,user1814@example.com,45.0,15.3,16.22,57806.0,25854.0,636.0,3,premium,month-to-month,bank_transfer,south,1
CUST101815,user1815@example.com,41.0,13.2,88.37,31789.0,10096.0,571.0,2,premium,month-to-month,credit_card,east,0
CUST101816,user1816@example.com,38.0,39.1,43.5,36920.0,21253.0,659.0,1,family,two-year,bank_transfer,north,0
CUST101817,user1817@example.com,44.0,29.2,85.53,76507.0,29908.0,723.0,0,premium,one-year,credit_card,east,0
CUST101818,user1818@example.com,38.0,75.9,58.95,101409.0,9093.0,644.0,3,premium,month-to-month,bank_transfer,north,1
CUST101819,user1819@example.com,40.0,3.9,81.43,73546.0,6326.0,567.0,0,premium,month-to-month,mailed_check,west,1
CUST101820,user1820@example.com,29.0,2.2,40.54,64314.0,25486.0,704.0,1,premium,two-year,credit_card,east,0
CUST101821,user1821@example.com,32.0,12.6,61.24,35449.0,8882.0,792.0,3,premium,two-year,credit_card,south,0
CUST101822,user1822@example.com,36.0,46.8,89.01,56918.0,8306.0,655.0,3,basic,month-to-month,bank_transfer,west,0
CUST101823,user1823@example.com,44.0,0.1,79.08,28839.0,6586.0,586.0,0,family,two-year,e_check,north,1
CUST101824,user1824@example.com,43.0,89.5,21.68,66222.0,38593.0,734.0,2,premium,one-year,e_check,east,0
CUST101825,user1825@example.com,35.0,28.2,66.5,47485.0,9393.0,724.0,2,premium,month-to-month,e_check,west,1
CUST101826,user1826@example.com,36.0,25.3,54.32,31289.0,15735.0,697.0,2,family,one-year,credit_card,south,0
CUST101827,user1827@example.com,45.0,3.3,45.18,45903.0,10906.0,670.0,0,basic,two-year,credit_card,south,0
CUST101828,user1828@example.com,36.0,10.0,52.26,62832.0,6900.0,665.0,0,family,one-year,bank_transfer,east,0
CUST101829,user1829@example.com,31.0,34.7,89.35,58926.0,11555.0,774.0,2,basic,one-year,e_check,north,1
CUST101830,user1830@example.com,50.0,30.9,109.15,55974.0,10852.0,709.0,2,premium,one-year,bank_transfer,north,0
CUST101831,user1831@example.com,26.0,12.3,85.44,61589.0,34824.0,646.0,1,family,month-to-month,bank_transfer,west,0
CUST101832,user1832@example.com,30.0,10.9,54.2,33103.0,4164.0,683.0,3,family,one-year,e_check,north,0
CUST101833,user1833@example.com,55.0,97.6,71.24,34578.0,7041.0,637.0,0,standard,month-to-month,mailed_check,north,0
CUST101834,user1834@example.com,28.0,47.2,71.13,37128.0,12559.0,634.0,1,basic,month-to-month,bank_transfer,north,1
CUST101835,user1835@example.com,60.0,7.0,92.92,28165.0,4565.0,632.0,1,premium,month-to-month,credit_card,east,1
CUST101836,user1836@example.com,28.0,47.5,70.67,54730.0,14496.0,707.0,0,premium,month-to-month,mailed_check,south,1
CUST101837,user1837@example.com,30.0,7.4,85.39,25130.0,3376.0,634.0,1,family,month-to-month,bank_transfer,south,1
CUST101838,user1838@example.com,29.0,5.7,71.65,59407.0,22259.0,647.0,1,basic,one-year,bank_transfer,north,1
CUST101839,user1839@example.com,26.0,1.0,83.4,23292.0,5437.0,668.0,1,standard,month-to-month,mailed_check,west,1
CUST101840,user1840@example.com,59.0,22.4,92.5,69447.0,25538.0,713.0,3,premium,month-to-month,bank_transfer,south,1
CUST101841,user1841@example.com,56.0,16.7,42.9,59989.0,8411.0,751.0,3,premium,month-to-month,e_check,west,0
CUST101842,user1842@example.com,25.0,5.7,66.05,24527.0,12379.0,601.0,0,premium,one-year,credit_card,north,0
CUST101843,user1843@example.com,61.0,31.4,63.79,64110.0,24253.0,694.0,2,basic,month-to-month,e_check,north,1
CUST101844,user1844@example.com,27.0,5.5,89.28,52591.0,5784.0,698.0,4,premium,month-to-month,e_check,north,1
CUST101845,user1845@example.com,78.0,19.8,69.54,77553.0,23152.0,665.0,3,family,month-to-month,mailed_check,north,0
CUST101846,user1846@example.com,40.0,1.5,51.51,52274.0,29569.0,513.0,1,basic,month-to-month,e_check,north,0
CUST101847,user1847@example.com,35.0,10.3,59.3,21417.0,5710.0,648.0,0,standard,month-to-month,mailed_check,east,1
CUST101848,user1848@example.com,48.0,2.3,73.57,46016.0,22940.0,666.0,2,family,month-to-month,e_check,south,0
CUST101849,user1849@example.com,31.0,16.0,85.06,50999.0,11350.0,754.0,4,standard,month-to-month,bank_transfer,east,0
CUST101850,user1850@example.com,25.0,29.4,52.54,44255.0,5039.0,748.0,1,basic,one-year,credit_card,east,0
CUST101851,user1851@example.com,37.0,56.6,56.0,65379.0,33460.0,702.0,2,premium,month-to-month,credit_card,north,0
CUST101852,user1852@example.com,43.0,5.8,55.02,75351.0,5244.0,843.0,1,premium,month-to-month,mailed_check,east,1
CUST101853,user1853@example.com,18.0,49.0,56.06,64456.0,36517.0,695.0,1,premium,month-to-month,bank_transfer,south,1
CUST101854,user1854@example.com,31.0,12.2,59.48,34453.0,18670.0,612.0,1,premium,one-year,bank_transfer,south,1
CUST101855,user1855@example.com,65.0,31.4,79.59,61960.0,30557.0,727.0,2,premium,month-to-month,mailed_check,south,0
CUST101856,user1856@example.com,42.0,0.9,93.3,53369.0,6667.0,640.0,5,standard,month-to-month,credit_card,north,1
CUST101857,user1857@example.com,18.0,1.1,55.48,39184.0,19492.0,685.0,3,premium,month-to-month,credit_card,north,0
CUST101858,user1858@example.com,42.0,32.2,26.76,83711.0,46654.0,577.0,0,premium,month-to-month,mailed_check,west,0
CUST101859,user1859@example.com,46.0,23.3,77.18,56591.0,4472.0,608.0,1,family,month-to-month,e_check,east,0
CUST101860,user1860@example.com,42.0,5.4,30.39,38879.0,20435.0,532.0,2,standard,month-to-month,mailed_check,west,0
CUST101861,user1861@example.com,51.0,18.4,103.31,52369.0,28032.0,652.0,1,standard,one-year,credit_card,south,0
CUST101862,user1862@example.com,39.0,43.8,67.81,59310.0,6079.0,598.0,1,family,month-to-month,bank_transfer,west,1
CUST101863,user1863@example.com,54.0,4.0,74.88,88386.0,34485.0,833.0,2,family,two-year,credit_card,north,0
CUST101864,user1864@example.com,42.0,24.2,95.65,65330.0,32615.0,749.0,1,basic,month-to-month,e_check,south,1
CUST101865,user1865@example.com,43.0,19.7,63.26,41955.0,2409.0,614.0,2,family,two-year,e_check,west,0
CUST101866,user1866@example.com,46.0,29.5,79.39,68227.0,14850.0,590.0,2,premium,month-to-month,credit_card,south,1
CUST101867,user1867@example.com,50.0,33.8,79.63,57906.0,34325.0,595.0,2,family,one-year,e_check,south,1
CUST101868,user1868@example.com,46.0,17.3,112.28,23811.0,4031.0,586.0,3,basic,one-year,credit_card,north,0
CUST101869,user1869@example.com,33.0,6.3,121.2,28133.0,3934.0,575.0,1,family,one-year,mailed_check,north,0
CUST101870,user1870@example.com,61.0,17.3,68.59,39119.0,23157.0,645.0,2,standard,month-to-month,bank_transfer,south,1
CUST101871,user1871@example.com,33.0,16.4,107.35,35125.0,6463.0,598.0,0,basic,month-to-month,bank_transfer,west,1
CUST101872,user1872@example.com,32.0,47.9,17.45,33138.0,13686.0,567.0,2,family,month-to-month,bank_transfer,south,1
CUST101873,user1873@example.com,19.0,4.1,63.53,64019.0,30277.0,751.0,0,premium,month-to-month,e_check,west,0
CUST101874,user1874@example.com,39.0,4.1,85.8,73861.0,3969.0,606.0,0,premium,month-to-month,mailed_check,west,0
CUST101875,user1875@example.com,36.0,29.7,34.48,29074.0,9975.0,605.0,0,family,month-to-month,mailed_check,west,0
CUST101876,user1876@example.com,43.0,5.4,123.77,52091.0,4225.0,782.0,1,family,two-year,e_check,north,0
CUST101877,user1877@example.com,32.0,18.4,106.94,78976.0,42656.0,799.0,3,basic,month-to-month,credit_card,north,1
CUST101878,user1878@example.com,62.0,54.4,60.89,72555.0,11515.0,723.0,1,basic,two-year,mailed_check,south,0
CUST101879,user1879@example.com,35.0,33.4,123.79,48619.0,24035.0,668.0,2,premium,month-to-month,mailed_check,west,0
CUST101880,user1880@example.com,35.0,50.1,89.67,45332.0,2567.0,594.0,3,basic,one-year,e_check,east,1
CUST101881,user1881@example.com,41.0,26.9,75.98,85335.0,22555.0,734.0,1,premium,month-to-month,credit_card,south,0
CUST101882,user1882@example.com,46.0,13.2,81.13,82474.0,44003.0,608.0,1,standard,month-to-month,mailed_check,east,1
CUST101883,user1883@example.com,57.0,19.6,50.96,85031.0,48007.0,535.0,1,premium,month-to-month,credit_card,south,1
CUST101884,user1884@example.com,48.0,16.4,74.17,50693.0,26018.0,616.0,2,family,one-year,mailed_check,east,0
CUST101885,user1885@example.com,48.0,14.7,49.67,50573.0,27318.0,561.0,2,premium,one-year,credit_card,south,0
CUST101886,user1886@example.com,43.0,19.5,70.03,32852.0,8308.0,585.0,4,premium,one-year,credit_card,east,1
CUST101887,user1887@example.com,32.0,5.9,72.62,60181.0,26419.0,762.0,1,family,month-to-month,e_check,north,1
CUST101888,user1888@example.com,35.0,3.5,75.4,46433.0,8862.0,767.0,0,premium,one-year,e_check,north,1
CUST101889,user1889@example.com,18.0,12.5,69.68,55059.0,30105.0,594.0,0,premium,month-to-month,mailed_check,north,1
CUST101890,user1890@example.com,38.0,57.2,128.81,12000.0,961.0,597.0,2,family,one-year,credit_card,north,0
CUST101891,user1891@example.com,50.0,10.1,29.69,46757.0,18788.0,581.0,0,basic,one-year,credit_card,east,0
CUST101892,user1892@example.com,39.0,29.7,24.94,81417.0,19009.0,790.0,0,premium,two-year,bank_transfer,north,0
CUST101893,user1893@example.com,47.0,13.7,48.07,58117.0,13788.0,774.0,1,family,one-year,e_check,north,0
CUST101894,user1894@example.com,65.0,41.1,69.56,12000.0,5265.0,598.0,1,family,one-year,e_check,east,0
CUST101895,user1895@example.com,43.0,23.6,60.07,68636.0,10125.0,738.0,2,standard,month-to-month,mailed_check,south,1
CUST101896,user1896@example.com,49.0,0.7,34.64,80090.0,20841.0,671.0,0,family,month-to-month,mailed_check,north,0
CUST101897,user1897@example.com,43.0,3.1,117.7,24526.0,1929.0,684.0,3,premium,month-to-month,bank_transfer,north,1
CUST101898,user1898@example.com,32.0,14.9,83.48,59607.0,34857.0,700.0,1,premium,month-to-month,credit_card,west,1
CUST101899,user1899@example.com,39.0,0.9,61.68,48974.0,18562.0,633.0,0,basic,month-to-month,credit_card,south,0
CUST101900,user1900@example.com,29.0,27.3,46.92,64704.0,8559.0,626.0,0,basic,two-year,bank_transfer,south,0
CUST101901,user1901@example.com,52.0,4.5,63.26,68975.0,38438.0,782.0,3,standard,month-to-month,bank_transfer,west,1
CUST101902,user1902@example.com,53.0,10.5,57.3,51641.0,14515.0,651.0,0,premium,month-to-month,e_check,east,0
CUST101903,user1903@example.com,41.0,14.6,79.6,56387.0,26069.0,682.0,1,family,month-to-month,credit_card,east,0
CUST101904,user1904@example.com,63.0,16.2,37.49,91041.0,16159.0,801.0,0,family,month-to-month,mailed_check,south,0
CUST101905,user1905@example.com,39.0,9.0,50.41,135902.0,55028.0,693.0,0,standard,month-to-month,bank_transfer,north,1
CUST101906,user1906@example.com,52.0,9.1,91.32,71054.0,40223.0,658.0,3,standard,month-to-month,bank_transfer,west,1
CUST101907,user1907@example.com,39.0,44.8,54.87,61054.0,10719.0,620.0,0,family,month-to-month,mailed_check,west,0
CUST101908,user1908@example.com,47.0,84.7,85.77,44035.0,2762.0,594.0,1,premium,one-year,mailed_check,south,0
CUST101909,user1909@example.com,25.0,9.8,68.2,54084.0,25330.0,673.0,0,premium,one-year,mailed_check,east,1
CUST101910,user1910@example.com,36.0,2.6,63.34,56933.0,21108.0,601.0,2,basic,month-to-month,mailed_check,south,1
CUST101911,user1911@example.com,43.0,27.6,52.33,58596.0,24641.0,628.0,0,standard,month-to-month,e_check,south,0
CUST101912,user1912@example.com,52.0,26.9,71.7,12132.0,4090.0,507.0,2,premium,two-year,bank_transfer,south,0
CUST101913,user1913@example.com,43.0,13.6,64.8,43650.0,14220.0,687.0,1,family,two-year,bank_transfer,west,1
CUST101914,user1914@example.com,58.0,12.1,10.0,50777.0,24441.0,587.0,0,premium,month-to-month,bank_transfer,east,1
CUST101915,user1915@example.com,38.0,9.3,97.92,48608.0,13939.0,809.0,2,premium,one-year,bank_transfer,north,1
CUST101916,user1916@example.com,31.0,6.9,78.14,63065.0,22038.0,588.0,0,family,month-to-month,e_check,north,1
CUST101917,user1917@example.com,64.0,11.1,34.15,91557.0,21023.0,624.0,2,basic,one-year,bank_transfer,north,1
CUST101918,user1918@example.com,24.0,2.1,65.31,67483.0,31264.0,647.0,1,standard,month-to-month,bank_transfer,east,0
CUST101919,user1919@example.com,33.0,28.1,61.41,65082.0,22951.0,621.0,2,standard,month-to-month,credit_card,west,1
CUST101920,user1920@example.com,42.0,3.0,46.07,71088.0,33665.0,509.0,0,basic,one-year,mailed_check,south,1
CUST101921,user1921@example.com,38.0,29.7,86.15,83916.0,6775.0,657.0,1,premium,month-to-month,mailed_check,west,1
CUST101922,user1922@example.com,44.0,6.4,105.26,113362.0,24269.0,691.0,2,premium,month-to-month,e_check,south,1
CUST101923,user1923@example.com,43.0,10.1,58.62,61750.0,29215.0,628.0,1,standard,month-to-month,bank_transfer,east,1
CUST101924,user1924@example.com,68.0,9.3,59.42,61230.0,10756.0,633.0,3,basic,month-to-month,credit_card,south,0
CUST101925,user1925@example.com,39.0,1.0,46.36,63121.0,9248.0,626.0,1,basic,two-year,bank_transfer,south,0
CUST101926,user1926@example.com,46.0,7.8,14.35,63674.0,35387.0,587.0,2,premium,one-year,mailed_check,east,0
CUST101927,user1927@example.com,43.0,16.8,80.53,41883.0,18752.0,603.0,3,premium,month-to-month,e_check,south,1
CUST101928,user1928@example.com,18.0,9.9,117.51,57969.0,17656.0,774.0,1,standard,one-year,mailed_check,west,0
CUST101929,user1929@example.com,28.0,57.8,66.06,41672.0,16169.0,690.0,2,premium,month-to-month,e_check,east,1
CUST101930,user1930@example.com,18.0,6.9,65.47,76206.0,39848.0,719.0,1,standard,month-to-month,mailed_check,south,1
CUST101931,user1931@example.com,29.0,19.8,68.3,119560.0,23948.0,611.0,1,premium,two-year,bank_transfer,west,0
CUST101932,user1932@example.com,40.0,20.1,57.24,62612.0,10339.0,729.0,0,standard,month-to-month,e_check,north,0
CUST101933,user1933@example.com,52.0,3.7,41.33,73486.0,27297.0,746.0,2,standard,two-year,credit_card,west,0
CUST101934,user1934@example.com,58.0,5.6,133.96,80895.0,15059.0,623.0,2,premium,month-to-month,bank_transfer,west,1
CUST101935,user1935@example.com,72.0,70.5,81.65,35329.0,6993.0,850.0,0,premium,month-to-month,credit_card,west,0
CUST101936,user1936@example.com,43.0,53.4,84.77,71991.0,38269.0,578.0,0,premium,month-to-month,e_check,west,0
CUST101937,user1937@example.com,42.0,24.8,126.45,64716.0,6351.0,560.0,1,premium,month-to-month,mailed_check,west,0
CUST101938,user1938@example.com,24.0,42.4,75.02,26137.0,8879.0,588.0,2,standard,month-to-month,credit_card,south,0
CUST101939,user1939@example.com,30.0,36.8,48.83,52626.0,13505.0,616.0,1,premium,month-to-month,credit_card,west,0
CUST101940,user1940@example.com,51.0,38.8,42.78,12000.0,4644.0,712.0,0,premium,month-to-month,bank_transfer,north,0
CUST101941,user1941@example.com,65.0,7.2,118.01,21203.0,2981.0,598.0,1,basic,one-year,mailed_check,east,0
CUST101942,user1942@example.com,58.0,4.6,89.92,30076.0,11177.0,495.0,4,family,month-to-month,e_check,west,1
CUST101943,user1943@example.com,34.0,35.4,67.49,26385.0,12038.0,607.0,1,basic,month-to-month,bank_transfer,west,0
CUST101944,user1944@example.com,28.0,21.6,56.3,83748.0,22479.0,626.0,1,family,one-year,bank_transfer,south,0
CUST101945,user1945@example.com,20.0,29.8,62.81,31389.0,5435.0,683.0,0,family,month-to-month,bank_transfer,north,1
CUST101946,user1946@example.com,41.0,60.9,79.88,60840.0,23690.0,451.0,2,family,two-year,credit_card,south,1
CUST101947,user1947@example.com,65.0,38.3,115.78,52905.0,30452.0,625.0,0,family,one-year,bank_transfer,south,0
CUST101948,user1948@example.com,35.0,16.7,68.34,52444.0,31452.0,647.0,1,premium,month-to-month,mailed_check,north,0
CUST101949,user1949@example.com,34.0,7.7,48.56,45775.0,5351.0,655.0,1,standard,month-to-month,e_check,west,1
CUST101950,user1950@example.com,39.0,8.8,37.94,40797.0,2355.0,709.0,0,premium,one-year,mailed_check,south,0
CUST101951,user1951@example.com,38.0,15.2,85.75,70090.0,26056.0,576.0,2,family,one-year,credit_card,south,1
CUST101952,user1952@example.com,43.0,51.0,97.04,12000.0,2553.0,640.0,2,standard,one-year,mailed_check,south,0
CUST101953,user1953@example.com,18.0,120.0,115.96,75585.0,36463.0,657.0,1,standard,two-year,mailed_check,north,0
CUST101954,user1954@example.com,30.0,0.9,137.27,46314.0,23942.0,628.0,2,standard,one-year,e_check,south,1
CUST101955,user1955@example.com,37.0,5.2,32.38,59341.0,14115.0,683.0,1,family,month-to-month,e_check,east,0
CUST101956,user1956@example.com,45.0,3.4,70.78,68462.0,39838.0,576.0,3,premium,month-to-month,credit_card,south,1
CUST101957,user1957@example.com,35.0,12.6,60.23,81129.0,18163.0,689.0,1,family,month-to-month,e_check,north,1
CUST101958,user1958@example.com,44.0,2.5,65.25,40147.0,5088.0,631.0,0,premium,month-to-month,bank_transfer,north,1
CUST101959,user1959@example.com,34.0,73.8,49.24,46411.0,11557.0,712.0,4,premium,month-to-month,e_check,east,0
CUST101960,user1960@example.com,52.0,12.4,78.55,23520.0,11398.0,743.0,1,standard,one-year,credit_card,north,0
CUST101961,user1961@example.com,45.0,16.3,38.48,62666.0,34452.0,720.0,1,standard,month-to-month,credit_card,north,1
CUST101962,user1962@example.com,44.0,11.1,82.17,95737.0,47035.0,546.0,6,standard,month-to-month,credit_card,south,1
CUST101963,user1963@example.com,51.0,28.3,99.19,44345.0,23675.0,598.0,2,standard,month-to-month,bank_transfer,east,1
CUST101964,user1964@example.com,49.0,11.9,57.2,50172.0,11607.0,669.0,0,standard,month-to-month,e_check,west,1
CUST101965,user1965@example.com,35.0,1.8,98.4,64548.0,33713.0,623.0,2,standard,month-to-month,bank_transfer,north,1
CUST101966,user1966@example.com,32.0,10.0,73.39,53244.0,27070.0,600.0,1,premium,month-to-month,mailed_check,north,0
CUST101967,user1967@example.com,58.0,16.6,93.66,71106.0,30998.0,719.0,1,premium,two-year,bank_transfer,north,0
CUST101968,user1968@example.com,65.0,2.9,77.87,54083.0,29281.0,564.0,1,basic,month-to-month,mailed_check,west,1
CUST101969,user1969@example.com,56.0,32.0,46.84,74625.0,16969.0,520.0,4,premium,one-year,mailed_check,west,0
CUST101970,user1970@example.com,56.0,19.6,69.41,45729.0,13481.0,573.0,2,standard,one-year,bank_transfer,east,1
CUST101971,user1971@example.com,30.0,21.9,58.98,56933.0,10497.0,678.0,3,premium,month-to-month,mailed_check,north,0
CUST101972,user1972@example.com,40.0,6.6,91.08,35892.0,12816.0,766.0,2,premium,one-year,bank_transfer,north,0
CUST101973,user1973@example.com,38.0,13.5,64.09,42085.0,3367.0,798.0,1,premium,one-year,e_check,east,0
CUST101974,user1974@example.com,38.0,21.6,96.39,57283.0,3764.0,630.0,1,premium,two-year,e_check,west,0
CUST101975,user1975@example.com,32.0,33.2,82.92,55056.0,5349.0,573.0,0,standard,month-to-month,bank_transfer,east,0
CUST101976,user1976@example.com,46.0,11.3,75.04,74640.0,13193.0,652.0,4,family,month-to-month,e_check,east,1
CUST101977,user1977@example.com,46.0,27.6,76.21,61703.0,8602.0,663.0,2,standard,month-to-month,bank_transfer,south,0
CUST101978,user1978@example.com,31.0,6.8,94.62,52634.0,27590.0,514.0,1,premium,two-year,mailed_check,south,0
CUST101979,user1979@example.com,33.0,34.5,86.67,45576.0,24408.0,503.0,2,premium,month-to-month,e_check,east,0
CUST101980,user1980@example.com,44.0,51.4,93.89,58051.0,20803.0,547.0,2,premium,month-to-month,mailed_check,west,0
CUST101981,user1981@example.com,42.0,36.1,44.19,73728.0,16668.0,748.0,1,premium,month-to-month,mailed_check,north,1
CUST101982,user1982@example.com,35.0,18.1,56.41,41466.0,7944.0,630.0,2,standard,one-year,bank_transfer,north,1
CUST101983,user1983@example.com,40.0,9.0,70.14,110393.0,33556.0,606.0,1,family,two-year,credit_card,east,0
CUST101984,user1984@example.com,26.0,49.8,63.38,27838.0,15534.0,690.0,3,premium,two-year,e_check,south,0
CUST101985,user1985@example.com,50.0,4.0,46.54,38828.0,15998.0,736.0,1,premium,month-to-month,mailed_check,south,0
CUST101986,user1986@example.com,37.0,4.9,101.33,45767.0,24775.0,590.0,3,premium,two-year,e_check,north,0
CUST101987,user1987@example.com,37.0,2.0,41.48,73734.0,29488.0,661.0,2,standard,month-to-month,e_check,west,0
CUST101988,user1988@example.com,48.0,21.9,94.47,84200.0,14562.0,668.0,0,standard,month-to-month,credit_card,north,1
CUST101989,user1989@example.com,55.0,45.9,114.53,48332.0,7610.0,719.0,2,standard,month-to-month,credit_card,south,1
CUST101990,user1990@example.com,42.0,120.0,57.39,37618.0,15851.0,649.0,2,standard,month-to-month,mailed_check,south,0
CUST101991,user1991@example.com,34.0,42.3,14.62,36860.0,13286.0,533.0,1,premium,two-year,credit_card,east,0
CUST101992,user1992@example.com,47.0,4.2,58.07,74120.0,17626.0,648.0,2,family,two-year,mailed_check,east,0
CUST101993,user1993@example.com,43.0,93.7,50.78,30489.0,6046.0,678.0,3,premium,two-year,mailed_check,west,0
CUST101994,user1994@example.com,46.0,14.8,34.82,60973.0,32941.0,639.0,2,premium,two-year,credit_card,south,0
CUST101995,user1995@example.com,52.0,27.3,80.47,62781.0,24024.0,596.0,0,premium,month-to-month,e_check,south,1
CUST101996,user1996@example.com,40.0,4.2,81.01,61963.0,36500.0,545.0,2,standard,month-to-month,bank_transfer,east,1
CUST101997,user1997@example.com,54.0,57.3,81.58,39263.0,12771.0,739.0,0,standard,month-to-month,bank_transfer,north,0
CUST101998,user1998@example.com,35.0,15.2,46.79,29935.0,10154.0,708.0,0,premium,month-to-month,mailed_check,north,0
CUST101999,user1999@example.com,34.0,79.0,97.03,55048.0,22846.0,653.0,1,basic,two-year,e_check,west,1
