customer_id,email,age,tenure_months,monthly_charges,annual_income,outstanding_debt,credit_score,support_tickets_90d,plan,contract_type,payment_method,region,churned,last_invoice_status
CUST100000,user0@example.com,46.0,25.0,50.1,54485.0,13919.0,526.0,4,standard,month-to-month,credit_card,west,1,unpaid
CUST100001,user1@example.com,30.0,15.8,72.44,71457.0,18936.0,665.0,0,premium,one-year,credit_card,west,1,overdue
CUST100002,user2@example.com,51.0,6.6,98.56,37530.0,17839.0,659.0,1,standard,month-to-month,mailed_check,north,1,unpaid
CUST100003,user3@example.com,53.0,21.4,100.8,40346.0,2208.0,796.0,1,standard,month-to-month,mailed_check,west,1,overdue
CUST100004,user4@example.com,19.0,3.0,103.19,63152.0,29694.0,775.0,2,basic,month-to-month,credit_card,east,1,overdue
CUST100005,user5@example.com,26.0,1.5,77.14,49417.0,17048.0,629.0,0,basic,month-to-month,credit_card,south,1,overdue
CUST100006,user6@example.com,44.0,60.4,70.79,54723.0,23739.0,585.0,0,basic,month-to-month,e_check,north,0,paid
CUST100007,user7@example.com,38.0,6.7,58.78,51717.0,17071.0,,1,standard,month-to-month,bank_transfer,north,1,overdue
CUST100008,user8@example.com,42.0,55.8,24.81,80069.0,38825.0,626.0,0,standard,month-to-month,credit_card,east,0,paid
CUST100009,user9@example.com,32.0,4.3,36.38,81111.0,23554.0,754.0,2,basic,month-to-month,e_check,west,1,overdue
CUST100010,user10@example.com,53.0,7.2,65.8,42477.0,10203.0,683.0,1,family,month-to-month,bank_transfer,north,1,overdue
CUST100011,user11@example.com,51.0,5.0,67.29,19803.0,7923.0,691.0,4,standard,month-to-month,credit_card,east,0,paid
CUST100012,user12@example.com,43.0,13.0,105.31,40770.0,12005.0,715.0,0,family,one-year,bank_transfer,north,1,unpaid
CUST100013,user13@example.com,56.0,46.7,102.87,37061.0,8038.0,570.0,1,standard,month-to-month,credit_card,north,1,overdue
CUST100014,user14@example.com,48.0,56.5,52.84,71635.0,39575.0,593.0,3,standard,month-to-month,mailed_check,north,1,unpaid
CUST100015,user15@example.com,32.0,16.0,90.46,73410.0,32873.0,692.0,3,basic,month-to-month,bank_transfer,west,0,paid
CUST100016,user16@example.com,46.0,26.6,58.07,34379.0,5442.0,588.0,2,family,month-to-month,e_check,south,0,paid
CUST100017,user17@example.com,30.0,2.4,87.07,39910.0,18241.0,528.0,3,basic,month-to-month,bank_transfer,east,1,overdue
CUST100018,user18@example.com,53.0,2.2,90.15,25420.0,4800.0,563.0,0,basic,one-year,mailed_check,north,1,overdue
CUST100019,user19@example.com,41.0,39.9,101.05,57688.0,16568.0,734.0,2,standard,month-to-month,credit_card,east,0,paid
CUST100020,user20@example.com,40.0,12.5,57.68,54102.0,9175.0,620.0,1,basic,one-year,credit_card,east,1,overdue
CUST100021,user21@example.com,34.0,34.0,95.36,70782.0,7950.0,668.0,2,premium,month-to-month,mailed_check,south,0,paid
CUST100022,user22@example.com,57.0,13.0,23.18,64943.0,17501.0,567.0,1,basic,month-to-month,bank_transfer,east,1,unpaid
CUST100023,user23@example.com,40.0,18.5,102.41,67204.0,23877.0,680.0,0,basic,month-to-month,bank_transfer,north,0,paid
CUST100024,user24@example.com,37.0,23.3,69.37,24160.0,5223.0,628.0,1,basic,month-to-month,bank_transfer,south,1,overdue
CUST100025,user25@example.com,38.0,14.7,69.91,42473.0,3876.0,686.0,1,basic,one-year,credit_card,east,1,overdue
CUST100026,user26@example.com,48.0,12.1,19.06,73978.0,13856.0,612.0,3,premium,one-year,mailed_check,north,1,overdue
CUST100027,user27@example.com,46.0,12.0,60.28,44228.0,8187.0,690.0,0,family,month-to-month,e_check,south,1,overdue
CUST100028,user28@example.com,47.0,3.5,103.89,22449.0,8416.0,608.0,1,family,month-to-month,e_check,south,1,overdue
CUST100029,user29@example.com,47.0,29.0,59.33,71160.0,14601.0,,1,family,month-to-month,mailed_check,north,1,overdue
CUST100030,user30@example.com,68.0,4.0,87.84,43455.0,14930.0,628.0,2,basic,month-to-month,credit_card,north,0,paid
CUST100031,user31@example.com,37.0,5.6,70.86,76253.0,23538.0,652.0,1,standard,month-to-month,bank_transfer,north,0,paid
CUST100032,user32@example.com,36.0,13.1,96.57,54632.0,10735.0,672.0,0,standard,two-year,e_check,south,1,unpaid
CUST100033,user33@example.com,32.0,13.2,74.79,49456.0,22634.0,,3,premium,one-year,bank_transfer,west,0,paid
CUST100034,user34@example.com,49.0,11.5,46.7,82264.0,34318.0,,2,family,month-to-month,bank_transfer,east,1,unpaid
CUST100035,user35@example.com,56.0,41.8,71.41,28947.0,12278.0,665.0,0,basic,month-to-month,bank_transfer,west,1,overdue
CUST100036,user36@example.com,41.0,8.5,110.03,83684.0,24140.0,691.0,1,standard,month-to-month,mailed_check,east,0,paid
CUST100037,user37@example.com,32.0,50.1,82.44,42213.0,9461.0,644.0,0,standard,two-year,credit_card,north,0,paid
CUST100038,user38@example.com,32.0,21.3,67.09,58247.0,21837.0,579.0,0,family,month-to-month,mailed_check,south,0,paid
CUST100039,user39@example.com,50.0,19.5,126.39,58436.0,33747.0,657.0,0,premium,month-to-month,bank_transfer,south,1,overdue
CUST100040,user40@example.com,51.0,22.8,98.98,46458.0,13411.0,704.0,1,premium,month-to-month,credit_card,east,0,paid
CUST100041,user41@example.com,49.0,5.6,90.42,39758.0,16535.0,543.0,1,premium,one-year,bank_transfer,east,1,overdue
CUST100042,user42@example.com,34.0,22.1,77.93,47604.0,13962.0,544.0,0,family,two-year,e_check,west,1,overdue
CUST100043,user43@example.com,45.0,39.6,88.26,34709.0,19539.0,597.0,0,family,month-to-month,mailed_check,east,0,paid
CUST100044,user44@example.com,43.0,27.1,89.07,94239.0,18433.0,635.0,1,basic,month-to-month,mailed_check,east,1,overdue
CUST100045,user45@example.com,45.0,2.3,15.43,45377.0,13709.0,474.0,1,family,one-year,bank_transfer,south,0,paid
CUST100046,user46@example.com,52.0,11.4,79.87,78179.0,25135.0,696.0,0,standard,month-to-month,credit_card,north,0,paid
CUST100047,user47@example.com,45.0,0.7,65.98,75543.0,34052.0,635.0,0,basic,two-year,credit_card,south,0,paid
CUST100048,user48@example.com,50.0,10.7,57.51,62259.0,27812.0,462.0,4,standard,month-to-month,mailed_check,east,1,overdue
CUST100049,user49@example.com,43.0,3.7,65.11,52286.0,23879.0,561.0,2,standard,two-year,bank_transfer,west,0,paid
CUST100050,user50@example.com,45.0,14.8,31.1,58876.0,26678.0,626.0,3,standard,month-to-month,e_check,east,0,paid
CUST100051,user51@example.com,50.0,0.8,24.88,66443.0,20489.0,508.0,0,standard,one-year,mailed_check,north,0,overdue
CUST100052,user52@example.com,25.0,65.5,101.16,57009.0,7728.0,728.0,1,standard,one-year,bank_transfer,north,0,paid
CUST100053,user53@example.com,38.0,9.4,81.55,23665.0,12513.0,665.0,0,standard,month-to-month,mailed_check,west,1,overdue
CUST100054,user54@example.com,36.0,34.6,10.0,18634.0,4261.0,704.0,0,basic,month-to-month,bank_transfer,west,0,paid
CUST100055,user55@example.com,34.0,6.0,55.59,85180.0,9427.0,568.0,2,premium,one-year,e_check,south,1,overdue
CUST100056,user56@example.com,39.0,30.5,92.01,12000.0,1450.0,683.0,1,standard,one-year,credit_card,south,0,overdue
CUST100057,user57@example.com,60.0,10.3,63.0,58914.0,18977.0,597.0,1,premium,month-to-month,e_check,north,0,paid
CUST100058,user58@example.com,32.0,23.0,101.13,50300.0,14299.0,635.0,1,standard,month-to-month,e_check,west,0,paid
CUST100059,user59@example.com,54.0,65.8,96.24,58216.0,24156.0,678.0,0,family,month-to-month,e_check,west,1,overdue
CUST100060,user60@example.com,22.0,26.2,36.08,32201.0,12446.0,644.0,2,premium,month-to-month,mailed_check,east,1,overdue
CUST100061,user61@example.com,38.0,3.4,66.42,62014.0,6764.0,715.0,2,standard,one-year,mailed_check,west,0,paid
CUST100062,user62@example.com,44.0,53.8,58.8,59120.0,12605.0,661.0,4,basic,month-to-month,e_check,north,0,paid
CUST100063,user63@example.com,49.0,31.8,35.27,110220.0,59843.0,613.0,1,standard,month-to-month,bank_transfer,west,0,paid
CUST100064,user64@example.com,51.0,47.1,33.64,57600.0,27168.0,717.0,0,standard,month-to-month,credit_card,west,0,paid
CUST100065,user65@example.com,52.0,54.6,49.85,81965.0,43343.0,734.0,0,standard,two-year,mailed_check,east,0,paid
CUST100066,user66@example.com,38.0,7.3,53.98,25026.0,1554.0,657.0,0,premium,month-to-month,credit_card,east,0,paid
CUST100067,user67@example.com,36.0,9.6,77.08,75402.0,41595.0,757.0,3,family,one-year,mailed_check,east,0,paid
CUST100068,user68@example.com,52.0,34.5,96.11,59525.0,31167.0,631.0,1,standard,two-year,e_check,south,0,paid
CUST100069,user69@example.com,40.0,1.4,82.84,60395.0,18043.0,640.0,2,basic,one-year,credit_card,south,0,paid
CUST100070,user70@example.com,27.0,9.1,88.76,60671.0,25511.0,650.0,2,premium,month-to-month,bank_transfer,east,1,overdue
CUST100071,user71@example.com,28.0,10.4,63.33,89127.0,17789.0,640.0,2,basic,one-year,bank_transfer,south,1,overdue
CUST100072,user72@example.com,31.0,48.3,85.08,60102.0,24775.0,625.0,2,standard,two-year,bank_transfer,west,0,paid
CUST100073,user73@example.com,48.0,68.4,66.29,39318.0,19239.0,593.0,3,basic,month-to-month,e_check,west,1,unpaid
CUST100074,user74@example.com,44.0,3.8,58.96,42681.0,13485.0,,2,standard,two-year,bank_transfer,east,1,unpaid
CUST100075,user75@example.com,50.0,16.5,117.43,71343.0,4677.0,659.0,1,standard,one-year,credit_card,east,1,overdue
CUST100076,user76@example.com,37.0,31.5,11.74,63949.0,17841.0,746.0,3,premium,one-year,bank_transfer,north,0,paid
CUST100077,user77@example.com,44.0,10.0,23.17,24391.0,10945.0,715.0,1,premium,month-to-month,bank_transfer,south,1,overdue
CUST100078,user78@example.com,50.0,18.2,79.57,65293.0,28537.0,681.0,4,standard,month-to-month,bank_transfer,west,1,overdue
CUST100079,user79@example.com,38.0,6.2,63.38,33353.0,10589.0,750.0,2,premium,month-to-month,bank_transfer,east,1,overdue
CUST100080,user80@example.com,47.0,34.9,34.08,63765.0,37758.0,652.0,0,standard,one-year,mailed_check,north,0,paid
CUST100081,user81@example.com,34.0,34.1,43.63,38889.0,4448.0,571.0,4,standard,two-year,mailed_check,south,0,paid
CUST100082,user82@example.com,38.0,13.5,46.89,49370.0,6767.0,622.0,2,basic,month-to-month,credit_card,east,1,overdue
CUST100083,user83@example.com,37.0,10.3,92.31,44104.0,8471.0,645.0,6,standard,one-year,e_check,west,1,unpaid
CUST100084,user84@example.com,28.0,7.4,683.137671834929,85378.0,42002.0,609.0,3,premium,one-year,bank_transfer,east,1,overdue
CUST100085,user85@example.com,48.0,1.8,110.99,63037.0,29599.0,699.0,0,standard,month-to-month,e_check,south,1,unpaid
CUST100086,user86@example.com,36.0,19.5,30.27,80222.0,38107.0,725.0,1,premium,one-year,bank_transfer,north,1,overdue
CUST100087,user87@example.com,42.0,49.9,35.82,112904.0,60267.0,511.0,2,family,month-to-month,bank_transfer,north,0,paid
CUST100088,user88@example.com,48.0,3.1,34.11,55936.0,16423.0,638.0,1,family,month-to-month,bank_transfer,east,0,paid
CUST100089,user89@example.com,47.0,12.7,102.22,85040.0,19152.0,418.0,2,family,month-to-month,e_check,north,1,overdue
CUST100090,user90@example.com,50.0,51.2,80.43,41011.0,15593.0,643.0,0,premium,month-to-month,mailed_check,east,0,paid
CUST100091,user91@example.com,41.0,40.4,72.0,80098.0,22061.0,642.0,0,family,month-to-month,mailed_check,west,0,paid
CUST100092,user92@example.com,37.0,31.1,75.74,38850.0,13136.0,792.0,5,standard,month-to-month,mailed_check,east,0,paid
CUST100093,user93@example.com,41.0,0.4,68.58,54632.0,6945.0,768.0,1,basic,one-year,credit_card,south,0,overdue
CUST100094,user94@example.com,22.0,27.0,41.97,65738.0,17618.0,725.0,1,premium,two-year,mailed_check,north,0,paid
CUST100095,user95@example.com,25.0,8.5,82.83,68885.0,21351.0,573.0,0,basic,one-year,e_check,west,1,unpaid
CUST100096,user96@example.com,26.0,34.4,65.35,,2899.0,569.0,0,standard,one-year,bank_transfer,north,0,paid
CUST100097,user97@example.com,30.0,6.0,39.99,37660.0,22482.0,562.0,0,family,one-year,credit_card,north,1,overdue
CUST100098,user98@example.com,47.0,0.1,84.36,67229.0,4759.0,772.0,2,premium,two-year,e_check,east,1,unpaid
CUST100099,user99@example.com,31.0,16.8,59.36,47646.0,26478.0,577.0,1,basic,one-year,mailed_check,north,1,overdue
CUST100100,user100@example.com,37.0,8.2,75.69,27053.0,2546.0,619.0,4,basic,month-to-month,bank_transfer,west,0,paid
CUST100101,user101@example.com,58.0,21.1,66.88,53580.0,28002.0,578.0,1,standard,month-to-month,e_check,west,1,unpaid
CUST100102,user102@example.com,38.0,7.8,92.28,52621.0,18498.0,549.0,0,premium,month-to-month,e_check,north,0,paid
CUST100103,user103@example.com,51.0,35.9,75.5,58538.0,9248.0,,3,premium,two-year,e_check,south,0,paid
CUST100104,user104@example.com,31.0,16.6,47.91,65585.0,11624.0,662.0,0,premium,one-year,bank_transfer,west,1,unpaid
CUST100105,user105@example.com,40.0,7.0,78.05,64313.0,15653.0,472.0,2,basic,month-to-month,bank_transfer,east,1,overdue
CUST100106,user106@example.com,31.0,30.3,78.87,39637.0,19292.0,546.0,1,premium,month-to-month,bank_transfer,north,0,paid
CUST100107,user107@example.com,38.0,57.2,82.78,46783.0,6125.0,670.0,0,standard,two-year,mailed_check,east,0,paid
CUST100108,user108@example.com,52.0,54.7,95.9,73556.0,13477.0,644.0,0,standard,one-year,credit_card,east,0,paid
CUST100109,user109@example.com,21.0,91.4,54.6,44136.0,19022.0,618.0,0,family,month-to-month,bank_transfer,east,0,paid
CUST100110,user110@example.com,47.0,28.3,86.7,47098.0,18260.0,698.0,1,standard,month-to-month,mailed_check,west,0,paid
CUST100111,user111@example.com,45.0,22.7,26.88,24915.0,7012.0,535.0,0,basic,month-to-month,mailed_check,east,1,overdue
CUST100112,user112@example.com,35.0,1.9,67.0,54426.0,4533.0,602.0,3,basic,two-year,credit_card,west,0,paid
CUST100113,user113@example.com,25.0,6.1,63.13,61905.0,22111.0,,2,standard,one-year,credit_card,east,1,overdue
CUST100114,user114@example.com,43.0,8.7,106.2,15490.0,2727.0,598.0,0,standard,month-to-month,credit_card,north,1,overdue
CUST100115,user115@example.com,36.0,18.5,66.09,33595.0,12990.0,675.0,2,family,month-to-month,bank_transfer,east,1,overdue
CUST100116,user116@example.com,45.0,41.4,85.2,26565.0,5339.0,558.0,0,standard,month-to-month,credit_card,south,0,paid
CUST100117,user117@example.com,42.0,14.6,25.96,70767.0,41695.0,584.0,2,standard,month-to-month,credit_card,south,0,paid
CUST100118,user118@example.com,61.0,6.9,61.21,16753.0,6279.0,507.0,1,premium,month-to-month,e_check,east,1,overdue
CUST100119,user119@example.com,39.0,12.0,48.84,53426.0,19459.0,485.0,0,premium,one-year,credit_card,east,1,overdue
CUST100120,user120@example.com,30.0,0.9,131.89,69357.0,35388.0,612.0,1,family,month-to-month,bank_transfer,south,1,unpaid
CUST100121,user121@example.com,44.0,7.3,53.33,58756.0,35033.0,686.0,2,standard,two-year,bank_transfer,north,0,paid
CUST100122,user122@example.com,45.0,1.0,71.83,46201.0,22109.0,,1,family,two-year,e_check,north,1,overdue
CUST100123,user123@example.com,58.0,17.5,73.16,61929.0,23325.0,743.0,1,standard,month-to-month,mailed_check,south,0,paid
CUST100124,user124@example.com,52.0,62.9,30.26,75739.0,39759.0,619.0,0,basic,month-to-month,bank_transfer,east,0,paid
CUST100125,user125@example.com,46.0,13.1,56.85,52848.0,7909.0,480.0,1,basic,month-to-month,e_check,north,1,overdue
CUST100126,user126@example.com,60.0,33.7,80.12,12000.0,5644.0,678.0,0,standard,month-to-month,e_check,west,0,paid
CUST100127,user127@example.com,28.0,28.0,72.14,77955.0,33048.0,564.0,3,premium,one-year,e_check,west,1,overdue
CUST100128,user128@example.com,34.0,23.2,12.49,63005.0,22669.0,660.0,0,basic,two-year,bank_transfer,east,0,paid
CUST100129,user129@example.com,31.0,43.1,55.83,54338.0,28621.0,467.0,0,standard,month-to-month,credit_card,east,0,paid
CUST100130,user130@example.com,37.0,20.3,95.52,15393.0,6778.0,628.0,1,basic,two-year,credit_card,east,1,overdue
CUST100131,user131@example.com,25.0,23.4,84.71,49034.0,21781.0,706.0,1,standard,two-year,mailed_check,north,0,paid
CUST100132,user132@example.com,50.0,10.0,100.45,37490.0,20633.0,696.0,3,basic,one-year,bank_transfer,south,1,overdue
CUST100133,user133@example.com,39.0,32.6,45.36,30674.0,13333.0,630.0,0,family,month-to-month,bank_transfer,west,0,paid
CUST100134,user134@example.com,24.0,5.1,102.02,52271.0,9957.0,646.0,0,family,two-year,mailed_check,west,1,unpaid
CUST100135,user135@example.com,30.0,30.0,68.89,44281.0,6686.0,610.0,0,premium,month-to-month,e_check,south,0,paid
CUST100136,user136@example.com,46.0,92.3,109.81,45598.0,15150.0,626.0,2,basic,two-year,mailed_check,south,0,paid
CUST100137,user137@example.com,52.0,7.2,70.08,69793.0,12507.0,700.0,1,family,month-to-month,mailed_check,north,0,paid
CUST100138,user138@example.com,66.0,32.5,18.81,60111.0,26136.0,590.0,1,basic,month-to-month,credit_card,north,0,paid
CUST100139,user139@example.com,77.0,33.8,91.23,45090.0,23153.0,598.0,1,basic,month-to-month,credit_card,north,1,overdue
CUST100140,user140@example.com,47.0,1.8,58.91,42552.0,8957.0,524.0,0,basic,month-to-month,credit_card,south,1,overdue
CUST100141,user141@example.com,30.0,26.9,60.59,45903.0,25357.0,702.0,4,basic,month-to-month,bank_transfer,east,1,overdue
CUST100142,user142@example.com,18.0,17.2,33.67,,23063.0,624.0,1,basic,month-to-month,mailed_check,south,0,paid
CUST100143,user143@example.com,45.0,15.2,110.55,66681.0,39574.0,549.0,0,basic,one-year,mailed_check,north,1,overdue
CUST100144,user144@example.com,32.0,50.0,56.97,34149.0,5439.0,716.0,3,basic,month-to-month,mailed_check,west,0,paid
CUST100145,user145@example.com,37.0,9.3,109.38,84169.0,25575.0,642.0,3,premium,one-year,credit_card,east,1,unpaid
CUST100146,user146@example.com,35.0,92.5,59.22,66695.0,26823.0,586.0,2,family,one-year,e_check,west,1,unpaid
CUST100147,user147@example.com,40.0,17.1,46.81,12000.0,5635.0,717.0,4,family,two-year,bank_transfer,west,0,paid
CUST100148,user148@example.com,55.0,1.9,102.99,56707.0,31277.0,618.0,0,premium,two-year,credit_card,west,0,paid
CUST100149,user149@example.com,44.0,2.3,68.17,75815.0,40955.0,520.0,1,standard,month-to-month,mailed_check,south,1,overdue
CUST100150,user150@example.com,40.0,41.4,68.41,62774.0,11291.0,722.0,1,standard,month-to-month,bank_transfer,east,0,paid
CUST100151,user151@example.com,30.0,34.9,37.96,46753.0,13201.0,578.0,2,family,month-to-month,credit_card,west,1,overdue
CUST100152,user152@example.com,22.0,28.9,58.56,53778.0,23935.0,850.0,1,basic,month-to-month,bank_transfer,west,1,unpaid
CUST100153,user153@example.com,36.0,2.2,80.72,58566.0,7190.0,610.0,1,premium,month-to-month,e_check,north,1,overdue
CUST100154,user154@example.com,41.0,24.2,37.52,70392.0,40662.0,484.0,0,basic,two-year,e_check,west,0,paid
CUST100155,user155@example.com,63.0,120.0,56.52,26698.0,12303.0,786.0,2,basic,one-year,e_check,east,0,paid
CUST100156,user156@example.com,44.0,34.4,59.49,42900.0,21701.0,641.0,2,standard,two-year,bank_transfer,north,1,overdue
CUST100157,user157@example.com,54.0,6.9,71.66,87772.0,48195.0,666.0,4,premium,month-to-month,credit_card,west,1,overdue
CUST100158,user158@example.com,36.0,35.9,106.99,55659.0,8230.0,676.0,1,family,two-year,e_check,west,0,paid
CUST100159,user159@example.com,28.0,1.7,62.5,85558.0,24142.0,537.0,1,basic,one-year,credit_card,east,1,unpaid
CUST100160,user160@example.com,30.0,8.8,52.74,114712.0,46850.0,472.0,1,basic,month-to-month,bank_transfer,south,1,unpaid
CUST100161,user161@example.com,33.0,57.2,138.66,45159.0,22686.0,802.0,1,premium,month-to-month,mailed_check,west,1,unpaid
CUST100162,user162@example.com,68.0,37.1,59.17,31054.0,14158.0,521.0,1,standard,one-year,credit_card,east,1,overdue
CUST100163,user163@example.com,32.0,36.1,65.23,,5806.0,777.0,3,basic,month-to-month,credit_card,east,0,paid
CUST100164,user164@example.com,52.0,25.3,61.05,76980.0,31186.0,688.0,0,standard,month-to-month,bank_transfer,north,0,paid
CUST100165,user165@example.com,31.0,48.7,63.08,79778.0,16891.0,660.0,0,premium,two-year,mailed_check,north,1,overdue
CUST100166,user166@example.com,53.0,8.2,71.94,100440.0,27478.0,608.0,3,premium,month-to-month,credit_card,south,0,paid
CUST100167,user167@example.com,47.0,66.3,93.02,54264.0,32386.0,830.0,1,premium,month-to-month,mailed_check,west,0,paid
CUST100168,user168@example.com,40.0,37.3,80.1,64761.0,8832.0,590.0,4,basic,month-to-month,e_check,east,1,overdue
CUST100169,user169@example.com,42.0,2.1,96.93,40765.0,4378.0,592.0,2,basic,one-year,credit_card,north,0,paid
CUST100170,user170@example.com,34.0,40.2,96.1,12000.0,3300.0,700.0,0,basic,one-year,mailed_check,west,0,paid
CUST100171,user171@example.com,47.0,20.1,75.21,54207.0,28473.0,592.0,3,basic,two-year,bank_transfer,west,1,overdue
CUST100172,user172@example.com,37.0,19.6,79.41,31925.0,4444.0,565.0,2,standard,one-year,credit_card,north,0,paid
CUST100173,user173@example.com,27.0,40.9,97.72,67867.0,6378.0,641.0,2,standard,two-year,e_check,north,0,paid
CUST100174,user174@example.com,27.0,10.7,42.22,17372.0,4871.0,701.0,3,standard,one-year,e_check,south,1,overdue
CUST100175,user175@example.com,44.0,1.9,132.46,40213.0,15995.0,796.0,2,standard,month-to-month,e_check,south,1,overdue
CUST100176,user176@example.com,61.0,77.8,57.19,60354.0,8153.0,812.0,3,basic,one-year,bank_transfer,west,1,overdue
CUST100177,user177@example.com,44.0,77.8,61.23,62447.0,30757.0,503.0,6,family,month-to-month,e_check,east,0,paid
CUST100178,user178@example.com,41.0,35.8,39.7,54051.0,27850.0,729.0,1,standard,one-year,e_check,south,0,paid
CUST100179,user179@example.com,45.0,37.0,40.45,92347.0,31160.0,567.0,1,standard,month-to-month,bank_transfer,east,1,overdue
CUST100180,user180@example.com,58.0,38.8,94.35,86389.0,5767.0,571.0,0,basic,month-to-month,bank_transfer,east,0,paid
CUST100181,user181@example.com,45.0,118.2,126.75,41313.0,13793.0,603.0,2,basic,month-to-month,mailed_check,east,1,unpaid
CUST100182,user182@example.com,37.0,2.2,55.82,87188.0,14630.0,598.0,2,premium,one-year,bank_transfer,east,1,overdue
CUST100183,user183@example.com,55.0,1.2,78.68,90244.0,26654.0,560.0,1,standard,two-year,mailed_check,north,0,paid
CUST100184,user184@example.com,47.0,7.6,75.5,52522.0,24573.0,460.0,1,basic,one-year,bank_transfer,west,1,overdue
CUST100185,user185@example.com,60.0,21.7,95.01,55908.0,4469.0,762.0,1,basic,month-to-month,e_check,south,1,overdue
CUST100186,user186@example.com,44.0,34.5,125.47,,2704.0,718.0,0,family,two-year,bank_transfer,west,1,unpaid
CUST100187,user187@example.com,27.0,17.7,108.02,42100.0,5195.0,645.0,2,standard,month-to-month,bank_transfer,east,0,paid
CUST100188,user188@example.com,26.0,26.8,64.03,44087.0,3304.0,568.0,1,basic,month-to-month,mailed_check,east,0,paid
CUST100189,user189@example.com,62.0,14.4,83.22,81386.0,15726.0,745.0,0,premium,month-to-month,credit_card,south,1,overdue
CUST100190,user190@example.com,63.0,15.4,85.7,63748.0,17361.0,641.0,0,family,month-to-month,bank_transfer,west,1,unpaid
CUST100191,user191@example.com,40.0,11.0,69.5,43916.0,21029.0,,1,premium,month-to-month,e_check,south,1,overdue
CUST100192,user192@example.com,37.0,22.4,42.6,36480.0,2432.0,514.0,2,standard,month-to-month,credit_card,south,0,overdue
CUST100193,user193@example.com,60.0,3.2,50.03,39838.0,9682.0,689.0,1,premium,month-to-month,credit_card,north,0,paid
CUST100194,user194@example.com,29.0,2.0,98.7,51723.0,29027.0,619.0,1,basic,month-to-month,bank_transfer,north,1,unpaid
CUST100195,user195@example.com,31.0,16.6,101.28,73263.0,26888.0,667.0,2,standard,month-to-month,credit_card,east,1,overdue
CUST100196,user196@example.com,50.0,10.5,64.81,37798.0,19078.0,659.0,2,basic,month-to-month,credit_card,south,1,overdue
CUST100197,user197@example.com,37.0,10.6,76.53,,23074.0,697.0,1,basic,month-to-month,credit_card,south,1,overdue
CUST100198,user198@example.com,42.0,55.6,99.93,58939.0,6099.0,663.0,3,standard,one-year,mailed_check,east,1,unpaid
CUST100199,user199@example.com,40.0,120.0,27.39,57857.0,8841.0,622.0,3,basic,one-year,mailed_check,north,0,paid
CUST100200,user200@example.com,46.0,23.1,58.84,75516.0,35262.0,690.0,2,premium,one-year,e_check,west,0,paid
CUST100201,user201@example.com,59.0,4.2,120.45,71867.0,37749.0,722.0,2,standard,month-to-month,e_check,east,1,overdue
CUST100202,user202@example.com,43.0,36.8,77.48,26910.0,8265.0,770.0,1,standard,month-to-month,bank_transfer,west,0,paid
CUST100203,user203@example.com,50.0,19.7,41.77,33320.0,10691.0,556.0,3,standard,one-year,mailed_check,south,0,overdue
CUST100204,user204@example.com,18.0,34.1,72.93,50410.0,15000.0,735.0,5,premium,month-to-month,bank_transfer,south,1,unpaid
CUST100205,user205@example.com,41.0,24.1,95.54,62119.0,3733.0,519.0,2,standard,month-to-month,credit_card,east,1,overdue
CUST100206,user206@example.com,32.0,2.8,10.0,82292.0,8437.0,727.0,0,premium,month-to-month,credit_card,north,0,paid
CUST100207,user207@example.com,27.0,25.5,74.41,56301.0,33530.0,599.0,0,basic,two-year,bank_transfer,north,0,paid
CUST100208,user208@example.com,31.0,24.8,60.69,89074.0,6512.0,713.0,3,standard,month-to-month,e_check,east,0,paid
CUST100209,user209@example.com,38.0,87.0,28.95,40866.0,9887.0,765.0,3,standard,month-to-month,e_check,north,0,paid
CUST100210,user210@example.com,53.0,57.5,72.05,44248.0,19021.0,664.0,1,basic,month-to-month,bank_transfer,west,0,paid
CUST100211,user211@example.com,26.0,104.4,66.59,48886.0,13867.0,646.0,0,basic,month-to-month,mailed_check,south,0,paid
CUST100212,user212@example.com,42.0,68.5,69.4,38655.0,22825.0,642.0,2,standard,two-year,bank_transfer,east,0,overdue
CUST100213,user213@example.com,36.0,2.9,61.29,78188.0,5317.0,612.0,4,standard,month-to-month,e_check,west,1,unpaid
CUST100214,user214@example.com,38.0,1.6,44.47,12000.0,6372.0,740.0,1,premium,two-year,credit_card,north,0,paid
CUST100215,user215@example.com,54.0,50.2,33.63,44929.0,5576.0,641.0,1,premium,two-year,credit_card,north,0,paid
CUST100216,user216@example.com,48.0,36.5,52.73,77964.0,12681.0,476.0,1,standard,month-to-month,mailed_check,north,0,overdue
CUST100217,user217@example.com,58.0,2.3,91.48,48754.0,16604.0,721.0,2,standard,month-to-month,e_check,south,1,overdue
CUST100218,user218@example.com,40.0,3.4,75.83,76458.0,40469.0,717.0,1,standard,month-to-month,e_check,east,1,overdue
CUST100219,user219@example.com,34.0,30.4,68.27,98954.0,27484.0,653.0,1,family,one-year,bank_transfer,west,1,overdue
CUST100220,user220@example.com,39.0,14.3,44.01,56608.0,11971.0,,1,standard,month-to-month,e_check,south,0,paid
CUST100221,user221@example.com,45.0,32.7,60.65,78379.0,21234.0,557.0,2,basic,month-to-month,credit_card,west,1,overdue
CUST100222,user222@example.com,44.0,10.3,88.43,103383.0,10534.0,587.0,1,premium,month-to-month,e_check,west,1,overdue
CUST100223,user223@example.com,29.0,6.9,82.62,63042.0,32216.0,666.0,1,standard,month-to-month,mailed_check,south,0,paid
CUST100224,user224@example.com,43.0,78.5,58.07,54039.0,29903.0,503.0,1,standard,month-to-month,mailed_check,south,0,paid
CUST100225,user225@example.com,45.0,9.5,10.0,73049.0,30803.0,684.0,1,family,month-to-month,e_check,west,0,paid
CUST100226,user226@example.com,72.0,57.5,53.13,78684.0,23178.0,656.0,3,standard,month-to-month,bank_transfer,north,0,paid
CUST100227,user227@example.com,65.0,9.3,57.93,,21027.0,753.0,1,family,one-year,bank_transfer,east,0,paid
CUST100228,user228@example.com,32.0,0.1,47.32,45323.0,16023.0,706.0,1,standard,month-to-month,mailed_check,east,0,paid
CUST100229,user229@example.com,39.0,0.3,59.67,89348.0,7001.0,592.0,2,premium,one-year,mailed_check,south,1,overdue
CUST100230,user230@example.com,24.0,16.9,90.41,49588.0,13237.0,515.0,1,standard,month-to-month,credit_card,north,1,overdue
CUST100231,user231@example.com,35.0,28.9,69.07,78875.0,32438.0,584.0,2,standard,one-year,mailed_check,east,0,paid
CUST100232,user232@example.com,46.0,2.5,94.74,60257.0,31110.0,760.0,3,standard,month-to-month,mailed_check,east,1,overdue
CUST100233,user233@example.com,56.0,11.4,32.29,91539.0,22650.0,674.0,2,standard,one-year,e_check,south,0,paid
CUST100234,user234@example.com,33.0,13.4,62.37,38019.0,19032.0,698.0,1,basic,month-to-month,e_check,east,1,unpaid
CUST100235,user235@example.com,34.0,13.2,21.52,37980.0,17710.0,600.0,1,standard,one-year,mailed_check,east,0,paid
CUST100236,user236@example.com,18.0,37.6,59.34,72090.0,40451.0,689.0,1,standard,month-to-month,bank_transfer,north,0,paid
CUST100237,user237@example.com,40.0,11.8,43.86,32393.0,19248.0,528.0,1,premium,two-year,bank_transfer,south,0,paid
CUST100238,user238@example.com,29.0,21.2,102.03,57333.0,4183.0,725.0,2,basic,month-to-month,bank_transfer,south,1,overdue
CUST100239,user239@example.com,36.0,19.4,80.24,85968.0,24983.0,558.0,5,basic,one-year,mailed_check,south,0,paid
CUST100240,user240@example.com,31.0,11.7,95.37,19303.0,9178.0,492.0,3,standard,month-to-month,e_check,north,1,overdue
CUST100241,user241@example.com,41.0,3.2,59.27,63043.0,31694.0,831.0,1,standard,one-year,e_check,west,0,paid
CUST100242,user242@example.com,21.0,8.3,44.51,79235.0,7572.0,661.0,1,basic,two-year,credit_card,north,1,overdue
CUST100243,user243@example.com,24.0,0.1,43.71,54482.0,20901.0,659.0,3,basic,two-year,mailed_check,west,1,overdue
CUST100244,user244@example.com,68.0,14.0,76.64,36458.0,19839.0,500.0,0,standard,one-year,e_check,north,0,paid
CUST100245,user245@example.com,27.0,27.5,115.25,,8700.0,700.0,2,standard,month-to-month,mailed_check,east,1,overdue
CUST100246,user246@example.com,29.0,23.0,80.31,38230.0,9215.0,721.0,3,standard,month-to-month,credit_card,north,1,unpaid
CUST100247,user247@example.com,64.0,50.3,60.63,56383.0,15064.0,634.0,1,family,month-to-month,bank_transfer,north,0,paid
CUST100248,user248@example.com,77.0,19.8,65.28,49466.0,13207.0,721.0,3,basic,one-year,e_check,west,1,overdue
CUST100249,user249@example.com,28.0,7.0,69.22,44735.0,16057.0,744.0,3,premium,month-to-month,mailed_check,north,0,paid
CUST100250,user250@example.com,38.0,6.3,120.67,64323.0,5367.0,692.0,2,basic,month-to-month,mailed_check,east,1,overdue
CUST100251,user251@example.com,46.0,31.3,100.84,86582.0,41434.0,,3,basic,month-to-month,e_check,east,1,overdue
CUST100252,user252@example.com,63.0,2.8,76.5,61556.0,7238.0,558.0,2,standard,month-to-month,bank_transfer,north,1,overdue
CUST100253,user253@example.com,30.0,2.5,72.74,81873.0,40718.0,785.0,1,premium,month-to-month,mailed_check,west,0,overdue
CUST100254,user254@example.com,39.0,76.6,77.48,86576.0,5143.0,657.0,1,basic,one-year,e_check,west,0,paid
CUST100255,user255@example.com,51.0,16.2,82.36,43267.0,20892.0,,2,standard,month-to-month,e_check,north,0,paid
CUST100256,user256@example.com,47.0,15.3,59.67,60497.0,14846.0,583.0,2,standard,month-to-month,credit_card,north,0,paid
CUST100257,user257@example.com,37.0,24.3,48.9,46501.0,19099.0,599.0,2,standard,two-year,mailed_check,west,0,paid
CUST100258,user258@example.com,40.0,55.7,95.81,25357.0,3767.0,745.0,0,standard,month-to-month,credit_card,north,0,paid
CUST100259,user259@example.com,26.0,43.3,70.55,62115.0,21452.0,770.0,3,premium,one-year,e_check,south,0,paid
CUST100260,user260@example.com,39.0,16.0,93.72,33957.0,7284.0,714.0,1,basic,one-year,e_check,west,0,paid
CUST100261,user261@example.com,39.0,31.8,111.15,64686.0,3374.0,694.0,4,premium,month-to-month,e_check,south,1,overdue
CUST100262,user262@example.com,45.0,16.2,83.02,23882.0,10719.0,700.0,3,family,two-year,mailed_check,west,1,unpaid
CUST100263,user263@example.com,35.0,54.2,78.96,58420.0,7136.0,644.0,1,basic,month-to-month,mailed_check,east,1,unpaid
CUST100264,user264@example.com,48.0,26.9,150.01,23585.0,13369.0,554.0,1,premium,two-year,credit_card,west,1,overdue
CUST100265,user265@example.com,54.0,22.2,75.18,68477.0,23902.0,,2,standard,month-to-month,mailed_check,west,1,unpaid
CUST100266,user266@example.com,44.0,23.2,42.74,47132.0,2400.0,755.0,1,basic,two-year,e_check,north,1,overdue
CUST100267,user267@example.com,46.0,3.2,62.97,45204.0,25753.0,647.0,1,standard,month-to-month,e_check,north,1,overdue
CUST100268,user268@example.com,43.0,55.7,108.79,77530.0,9539.0,688.0,2,premium,month-to-month,mailed_check,north,1,unpaid
CUST100269,user269@example.com,42.0,72.7,37.65,48569.0,24705.0,667.0,4,standard,one-year,mailed_check,west,0,paid
CUST100270,user270@example.com,33.0,4.8,51.19,57217.0,13223.0,671.0,0,basic,two-year,mailed_check,east,0,paid
CUST100271,user271@example.com,46.0,1.2,97.66,51028.0,18494.0,678.0,4,family,month-to-month,bank_transfer,north,1,unpaid
CUST100272,user272@example.com,41.0,13.0,63.21,65148.0,33203.0,706.0,1,basic,two-year,mailed_check,south,1,overdue
CUST100273,user273@example.com,67.0,11.7,67.24,75859.0,5886.0,589.0,3,basic,one-year,e_check,west,0,paid
CUST100274,user274@example.com,61.0,22.2,96.83,71713.0,30408.0,745.0,0,basic,two-year,credit_card,east,1,overdue
CUST100275,user275@example.com,47.0,5.1,52.08,45667.0,6015.0,591.0,1,family,two-year,mailed_check,east,0,paid
CUST100276,user276@example.com,33.0,9.5,33.28,79181.0,35158.0,669.0,2,basic,month-to-month,bank_transfer,south,1,overdue
CUST100277,user277@example.com,29.0,16.8,35.28,36673.0,5075.0,555.0,2,premium,month-to-month,credit_card,south,1,overdue
CUST100278,user278@example.com,56.0,2.5,84.54,40150.0,2492.0,637.0,0,premium,one-year,e_check,west,1,overdue
CUST100279,user279@example.com,45.0,4.9,76.48,52444.0,7106.0,,2,basic,two-year,mailed_check,east,0,paid
CUST100280,user280@example.com,48.0,33.7,52.69,75936.0,29931.0,652.0,3,premium,month-to-month,bank_transfer,east,1,unpaid
CUST100281,user281@example.com,21.0,2.8,41.03,31597.0,18710.0,709.0,0,standard,two-year,e_check,west,0,paid
CUST100282,user282@example.com,53.0,73.8,63.24,72830.0,42501.0,656.0,2,standard,month-to-month,mailed_check,south,0,overdue
CUST100283,user283@example.com,47.0,26.3,97.91,53905.0,24803.0,807.0,0,standard,one-year,bank_transfer,west,0,paid
CUST100284,user284@example.com,29.0,47.7,49.1,46325.0,23326.0,714.0,2,basic,one-year,credit_card,west,0,paid
CUST100285,user285@example.com,36.0,4.6,53.43,76956.0,40839.0,632.0,0,basic,one-year,mailed_check,west,0,paid
CUST100286,user286@example.com,45.0,9.8,40.24,38947.0,13265.0,643.0,3,basic,month-to-month,e_check,south,0,paid
CUST100287,user287@example.com,43.0,40.1,60.81,100714.0,17699.0,680.0,3,basic,month-to-month,bank_transfer,north,1,overdue
CUST100288,user288@example.com,38.0,14.4,78.45,51467.0,21287.0,706.0,0,standard,month-to-month,mailed_check,west,0,paid
CUST100289,user289@example.com,41.0,96.9,122.88,57997.0,7416.0,551.0,4,basic,month-to-month,bank_transfer,south,1,unpaid
CUST100290,user290@example.com,39.0,31.9,75.44,85858.0,43599.0,701.0,2,standard,month-to-month,mailed_check,north,1,overdue
CUST100291,user291@example.com,44.0,107.7,68.66,58519.0,16189.0,553.0,0,standard,two-year,bank_transfer,north,0,overdue
CUST100292,user292@example.com,60.0,6.6,91.57,78777.0,15485.0,693.0,1,standard,month-to-month,bank_transfer,west,0,paid
CUST100293,user293@example.com,18.0,65.5,87.41,15937.0,8190.0,738.0,2,premium,month-to-month,credit_card,south,0,paid
CUST100294,user294@example.com,39.0,3.7,55.56,46148.0,5130.0,674.0,0,standard,two-year,credit_card,east,0,paid
CUST100295,user295@example.com,44.0,43.1,127.55,62935.0,36889.0,464.0,3,premium,one-year,e_check,west,1,overdue
CUST100296,user296@example.com,46.0,20.7,69.39,76628.0,43887.0,507.0,4,basic,month-to-month,credit_card,east,1,overdue
CUST100297,user297@example.com,38.0,0.6,75.91,70394.0,27090.0,695.0,5,premium,two-year,e_check,east,1,overdue
CUST100298,user298@example.com,21.0,0.4,83.78,68521.0,30264.0,454.0,4,family,month-to-month,credit_card,south,0,paid
CUST100299,user299@example.com,46.0,30.0,78.65,76221.0,5368.0,699.0,1,basic,month-to-month,mailed_check,west,1,overdue
CUST100300,user300@example.com,63.0,5.7,108.13,64500.0,18731.0,729.0,2,standard,one-year,credit_card,west,1,overdue
CUST100301,user301@example.com,24.0,4.9,55.25,12136.0,6512.0,,1,basic,month-to-month,mailed_check,north,1,overdue
CUST100302,user302@example.com,52.0,68.7,89.58,83844.0,4724.0,631.0,3,standard,one-year,bank_transfer,south,1,unpaid
CUST100303,user303@example.com,38.0,3.7,74.11,38247.0,8026.0,685.0,0,standard,one-year,bank_transfer,east,1,overdue
CUST100304,user304@example.com,41.0,13.1,94.57,61273.0,14988.0,667.0,3,premium,one-year,credit_card,south,1,overdue
CUST100305,user305@example.com,29.0,8.5,64.63,58620.0,24696.0,532.0,2,premium,one-year,mailed_check,west,0,paid
CUST100306,user306@example.com,38.0,39.4,61.24,55947.0,24486.0,710.0,1,standard,month-to-month,mailed_check,west,1,unpaid
CUST100307,user307@example.com,58.0,49.4,88.3,32879.0,2823.0,761.0,1,basic,month-to-month,mailed_check,south,1,overdue
CUST100308,user308@example.com,49.0,13.8,78.95,16226.0,2752.0,705.0,1,basic,month-to-month,mailed_check,north,0,paid
CUST100309,user309@example.com,63.0,32.6,49.49,34952.0,17617.0,610.0,1,standard,month-to-month,e_check,south,0,paid
CUST100310,user310@example.com,56.0,5.0,103.64,71525.0,11122.0,709.0,1,family,month-to-month,mailed_check,east,0,paid
CUST100311,user311@example.com,47.0,57.3,88.31,26068.0,5411.0,,0,standard,month-to-month,mailed_check,south,0,paid
CUST100312,user312@example.com,63.0,1.3,68.14,37394.0,5207.0,743.0,2,basic,two-year,e_check,east,0,paid
CUST100313,user313@example.com,47.0,43.5,58.29,63361.0,29455.0,732.0,2,family,month-to-month,e_check,east,0,paid
CUST100314,user314@example.com,52.0,18.5,79.1,34452.0,2236.0,523.0,0,premium,two-year,credit_card,north,0,paid
CUST100315,user315@example.com,38.0,20.2,86.51,44139.0,9536.0,682.0,1,standard,month-to-month,credit_card,north,1,overdue
CUST100316,user316@example.com,43.0,37.9,30.15,56636.0,19413.0,702.0,4,standard,one-year,bank_transfer,east,0,paid
CUST100317,user317@example.com,34.0,6.9,79.39,60653.0,3233.0,733.0,1,basic,month-to-month,e_check,east,1,overdue
CUST100318,user318@example.com,54.0,24.2,86.31,34055.0,19571.0,691.0,1,family,two-year,e_check,west,1,unpaid
CUST100319,user319@example.com,28.0,17.6,11.19,57819.0,30535.0,774.0,0,basic,month-to-month,bank_transfer,north,0,paid
CUST100320,user320@example.com,51.0,22.6,74.9,62977.0,25570.0,504.0,1,premium,month-to-month,mailed_check,south,1,overdue
CUST100321,user321@example.com,40.0,12.1,87.37,29536.0,8610.0,695.0,0,standard,two-year,e_check,south,0,paid
CUST100322,user322@example.com,56.0,2.6,84.52,59297.0,8030.0,688.0,1,premium,month-to-month,e_check,east,1,unpaid
CUST100323,user323@example.com,51.0,53.0,90.06,40668.0,14417.0,722.0,0,basic,month-to-month,credit_card,east,0,paid
CUST100324,user324@example.com,64.0,20.6,61.81,57478.0,10436.0,773.0,0,standard,month-to-month,e_check,east,1,unpaid
CUST100325,user325@example.com,51.0,11.1,44.0,69462.0,27848.0,579.0,4,standard,month-to-month,credit_card,south,0,paid
CUST100326,user326@example.com,23.0,30.2,25.01,51475.0,6695.0,771.0,3,standard,month-to-month,e_check,north,0,paid
CUST100327,user327@example.com,41.0,5.4,97.31,,32562.0,715.0,1,standard,month-to-month,bank_transfer,north,1,overdue
CUST100328,user328@example.com,28.0,70.3,87.58,70816.0,16118.0,635.0,4,family,month-to-month,credit_card,north,0,paid
CUST100329,user329@example.com,36.0,2.5,99.21,73157.0,23856.0,577.0,2,standard,month-to-month,mailed_check,east,1,overdue
CUST100330,user330@example.com,60.0,19.9,51.87,63062.0,8766.0,666.0,0,basic,one-year,mailed_check,south,1,overdue
CUST100331,user331@example.com,50.0,72.8,90.1,77015.0,14706.0,673.0,2,standard,one-year,credit_card,south,1,unpaid
CUST100332,user332@example.com,34.0,73.5,32.43,62702.0,18661.0,677.0,0,family,one-year,e_check,east,0,paid
CUST100333,user333@example.com,30.0,7.0,48.26,21655.0,6540.0,,3,basic,month-to-month,credit_card,south,0,paid
CUST100334,user334@example.com,42.0,1.5,73.15,39159.0,23490.0,699.0,0,basic,one-year,bank_transfer,south,0,paid
CUST100335,user335@example.com,27.0,13.0,86.58,50775.0,11906.0,618.0,1,basic,two-year,bank_transfer,north,1,overdue
CUST100336,user336@example.com,34.0,5.0,111.98,53256.0,5134.0,747.0,0,standard,two-year,credit_card,north,0,paid
CUST100337,user337@example.com,46.0,14.6,64.0,62155.0,21028.0,787.0,2,standard,two-year,bank_transfer,north,0,paid
CUST100338,user338@example.com,56.0,5.5,48.36,38861.0,8822.0,585.0,2,basic,month-to-month,mailed_check,north,1,overdue
CUST100339,user339@example.com,49.0,0.8,47.07,95174.0,50707.0,655.0,2,basic,two-year,credit_card,east,0,paid
CUST100340,user340@example.com,18.0,7.1,52.8,52951.0,8772.0,728.0,0,basic,month-to-month,e_check,east,1,overdue
CUST100341,user341@example.com,46.0,76.1,125.53,54846.0,28554.0,672.0,2,standard,month-to-month,bank_transfer,west,0,paid
CUST100342,user342@example.com,43.0,3.2,88.92,41585.0,17256.0,,1,standard,month-to-month,credit_card,north,1,unpaid
CUST100343,user343@example.com,47.0,7.9,97.81,34932.0,5358.0,719.0,1,standard,month-to-month,e_check,west,1,overdue
CUST100344,user344@example.com,61.0,12.9,64.03,52474.0,14319.0,602.0,2,premium,one-year,e_check,east,0,paid
CUST100345,user345@example.com,18.0,31.0,69.96,55551.0,17823.0,666.0,2,premium,two-year,mailed_check,north,1,overdue
CUST100346,user346@example.com,35.0,44.4,87.48,53262.0,17949.0,570.0,1,basic,one-year,bank_transfer,east,0,paid
CUST100347,user347@example.com,49.0,20.4,57.36,88103.0,23647.0,,3,standard,one-year,bank_transfer,east,0,paid
CUST100348,user348@example.com,23.0,72.1,62.72,52474.0,19496.0,616.0,1,basic,month-to-month,bank_transfer,north,0,paid
CUST100349,user349@example.com,60.0,5.6,53.13,53281.0,23668.0,722.0,2,standard,one-year,e_check,west,1,overdue
CUST100350,user350@example.com,46.0,48.8,58.81,,23417.0,633.0,0,family,month-to-month,bank_transfer,east,0,paid
CUST100351,user351@example.com,52.0,14.7,71.22,51579.0,19669.0,612.0,3,premium,month-to-month,e_check,south,1,overdue
CUST100352,user352@example.com,35.0,32.2,49.46,65787.0,34392.0,683.0,1,standard,month-to-month,mailed_check,south,0,paid
CUST100353,user353@example.com,52.0,3.0,77.15,29419.0,9525.0,564.0,4,basic,two-year,e_check,west,1,unpaid
CUST100354,user354@example.com,55.0,19.5,77.11,29577.0,8251.0,794.0,0,basic,month-to-month,bank_transfer,east,0,paid
CUST100355,user355@example.com,45.0,25.5,65.52,57441.0,10699.0,665.0,3,standard,two-year,e_check,north,1,unpaid
CUST100356,user356@example.com,45.0,36.4,49.31,50368.0,6157.0,605.0,1,standard,month-to-month,bank_transfer,east,0,paid
CUST100357,user357@example.com,45.0,120.0,72.62,38820.0,8181.0,618.0,2,standard,month-to-month,bank_transfer,west,0,paid
CUST100358,user358@example.com,32.0,63.6,57.38,57437.0,15703.0,651.0,0,basic,one-year,mailed_check,west,0,paid
CUST100359,user359@example.com,40.0,15.1,71.16,59182.0,27836.0,730.0,0,basic,one-year,credit_card,east,0,paid
CUST100360,user360@example.com,40.0,9.8,97.45,40802.0,6919.0,578.0,1,premium,two-year,bank_transfer,east,0,paid
CUST100361,user361@example.com,47.0,11.9,38.68,44624.0,19464.0,620.0,1,standard,month-to-month,e_check,east,0,paid
CUST100362,user362@example.com,54.0,86.7,124.34,59332.0,5546.0,646.0,2,standard,month-to-month,e_check,south,0,paid
CUST100363,user363@example.com,29.0,5.7,68.19,34578.0,4741.0,773.0,0,premium,month-to-month,bank_transfer,east,0,paid
CUST100364,user364@example.com,40.0,98.3,80.3,42919.0,9849.0,,2,standard,month-to-month,mailed_check,west,1,unpaid
CUST100365,user365@example.com,60.0,32.5,51.18,65679.0,20255.0,,1,premium,month-to-month,bank_transfer,west,0,paid
CUST100366,user366@example.com,33.0,10.9,98.56,54523.0,8152.0,652.0,0,premium,one-year,mailed_check,east,1,overdue
CUST100367,user367@example.com,32.0,52.1,66.86,45456.0,5074.0,765.0,3,premium,month-to-month,e_check,south,0,paid
CUST100368,user368@example.com,44.0,9.1,60.15,36939.0,13342.0,751.0,1,family,two-year,bank_transfer,north,0,paid
CUST100369,user369@example.com,52.0,31.1,55.61,34736.0,9608.0,706.0,0,basic,month-to-month,e_check,north,0,paid
CUST100370,user370@example.com,42.0,13.7,63.29,52365.0,14596.0,712.0,0,basic,month-to-month,credit_card,north,0,paid
CUST100371,user371@example.com,58.0,17.8,80.46,95516.0,20953.0,602.0,2,premium,month-to-month,credit_card,east,0,paid
CUST100372,user372@example.com,52.0,34.0,74.32,66316.0,16857.0,796.0,6,premium,month-to-month,credit_card,south,1,unpaid
CUST100373,user373@example.com,52.0,25.6,69.0,28343.0,4287.0,630.0,1,standard,month-to-month,credit_card,west,1,overdue
CUST100374,user374@example.com,49.0,0.5,52.21,69144.0,13747.0,695.0,2,standard,one-year,mailed_check,east,1,unpaid
CUST100375,user375@example.com,70.0,11.8,50.77,39822.0,13868.0,704.0,1,basic,month-to-month,mailed_check,west,0,paid
CUST100376,user376@example.com,40.0,16.2,58.48,54903.0,18517.0,540.0,1,basic,two-year,e_check,west,0,paid
CUST100377,user377@example.com,18.0,5.0,81.51,43223.0,23697.0,646.0,2,basic,month-to-month,bank_transfer,north,0,paid
CUST100378,user378@example.com,61.0,25.6,86.56,95455.0,48481.0,666.0,1,basic,one-year,bank_transfer,south,0,paid
CUST100379,user379@example.com,37.0,13.5,89.93,32318.0,1742.0,641.0,0,standard,month-to-month,credit_card,north,1,overdue
CUST100380,user380@example.com,43.0,31.2,69.96,61272.0,10807.0,647.0,1,standard,month-to-month,bank_transfer,east,1,overdue
CUST100381,user381@example.com,58.0,0.1,79.59,41294.0,22226.0,769.0,1,premium,month-to-month,e_check,west,1,overdue
CUST100382,user382@example.com,23.0,70.4,65.79,69777.0,15568.0,584.0,3,standard,month-to-month,mailed_check,west,0,paid
CUST100383,user383@example.com,27.0,7.7,26.44,60869.0,19036.0,548.0,1,premium,month-to-month,mailed_check,east,0,paid
CUST100384,user384@example.com,23.0,12.6,64.6,80091.0,33738.0,603.0,5,standard,month-to-month,bank_transfer,north,1,overdue
CUST100385,user385@example.com,32.0,13.4,60.62,69362.0,24197.0,710.0,1,basic,month-to-month,e_check,east,1,overdue
CUST100386,user386@example.com,47.0,7.5,44.02,41129.0,2167.0,717.0,0,standard,month-to-month,credit_card,south,1,unpaid
CUST100387,user387@example.com,48.0,13.4,55.82,113324.0,18541.0,698.0,1,standard,month-to-month,e_check,east,0,paid
CUST100388,user388@example.com,45.0,14.4,73.38,66109.0,6957.0,723.0,0,premium,two-year,credit_card,north,0,paid
CUST100389,user389@example.com,25.0,0.1,41.67,43987.0,6255.0,670.0,0,standard,two-year,mailed_check,north,0,paid
CUST100390,user390@example.com,18.0,10.6,52.23,59111.0,7747.0,609.0,1,family,one-year,credit_card,east,1,overdue
CUST100391,user391@example.com,43.0,0.9,108.7,67617.0,26541.0,574.0,1,standard,two-year,credit_card,south,1,overdue
CUST100392,user392@example.com,36.0,28.9,29.93,66856.0,18292.0,549.0,1,basic,month-to-month,credit_card,north,1,overdue
CUST100393,user393@example.com,48.0,25.9,65.42,64921.0,5622.0,632.0,2,standard,month-to-month,e_check,south,1,overdue
CUST100394,user394@example.com,50.0,21.8,40.84,74330.0,7081.0,,1,premium,month-to-month,e_check,east,0,paid
CUST100395,user395@example.com,44.0,16.9,51.21,72363.0,41442.0,669.0,0,standard,one-year,credit_card,east,0,paid
CUST100396,user396@example.com,51.0,18.9,65.06,38049.0,5141.0,652.0,1,basic,one-year,mailed_check,north,1,overdue
CUST100397,user397@example.com,45.0,54.1,45.31,97161.0,18423.0,566.0,2,standard,one-year,e_check,east,0,overdue
CUST100398,user398@example.com,48.0,5.6,84.35,94378.0,34529.0,850.0,0,standard,month-to-month,e_check,north,1,overdue
CUST100399,user399@example.com,34.0,21.1,103.78,71019.0,10859.0,584.0,0,standard,month-to-month,e_check,west,1,overdue
CUST100400,user400@example.com,40.0,98.2,91.04,55774.0,8848.0,660.0,2,standard,month-to-month,mailed_check,east,0,paid
CUST100401,user401@example.com,44.0,14.4,95.62,56118.0,5046.0,730.0,1,standard,month-to-month,mailed_check,east,0,paid
CUST100402,user402@example.com,52.0,5.9,35.51,48525.0,28603.0,653.0,1,premium,month-to-month,mailed_check,west,0,overdue
CUST100403,user403@example.com,37.0,10.6,63.92,51112.0,19593.0,585.0,0,basic,one-year,e_check,east,0,paid
CUST100404,user404@example.com,48.0,12.1,81.69,12000.0,4096.0,715.0,1,standard,one-year,e_check,east,0,paid
CUST100405,user405@example.com,39.0,13.1,91.78,85605.0,46121.0,,2,standard,month-to-month,e_check,north,1,overdue
CUST100406,user406@example.com,41.0,3.6,113.83,78549.0,29608.0,789.0,2,standard,one-year,mailed_check,north,0,paid
CUST100407,user407@example.com,52.0,17.4,96.73,21466.0,4179.0,673.0,0,standard,month-to-month,bank_transfer,east,1,unpaid
CUST100408,user408@example.com,18.0,26.4,92.41,72800.0,22549.0,630.0,1,basic,month-to-month,e_check,west,1,overdue
CUST100409,user409@example.com,26.0,2.8,135.84,54846.0,17149.0,537.0,2,standard,one-year,credit_card,east,0,paid
CUST100410,user410@example.com,24.0,4.9,72.41,51019.0,13721.0,558.0,2,family,one-year,mailed_check,west,1,overdue
CUST100411,user411@example.com,18.0,10.8,62.77,64857.0,30126.0,646.0,4,premium,one-year,bank_transfer,south,1,overdue
CUST100412,user412@example.com,34.0,25.2,74.43,20144.0,2222.0,801.0,1,premium,month-to-month,mailed_check,north,1,overdue
CUST100413,user413@example.com,51.0,5.6,47.12,54775.0,7535.0,669.0,2,standard,month-to-month,credit_card,east,1,overdue
CUST100414,user414@example.com,39.0,10.5,71.69,56590.0,14414.0,678.0,0,premium,one-year,mailed_check,east,1,overdue
CUST100415,user415@example.com,44.0,39.0,26.83,56609.0,5046.0,681.0,1,family,month-to-month,e_check,north,0,paid
CUST100416,user416@example.com,55.0,66.8,56.76,27650.0,16398.0,839.0,2,basic,two-year,credit_card,west,1,overdue
CUST100417,user417@example.com,58.0,8.6,67.12,63938.0,20632.0,615.0,3,standard,month-to-month,credit_card,west,1,overdue
CUST100418,user418@example.com,41.0,5.4,93.74,76196.0,5910.0,775.0,2,premium,month-to-month,credit_card,east,1,unpaid
CUST100419,user419@example.com,58.0,9.7,97.78,63147.0,24270.0,618.0,1,premium,one-year,credit_card,west,1,overdue
CUST100420,user420@example.com,43.0,24.7,45.91,,24180.0,594.0,1,premium,month-to-month,credit_card,east,0,paid
CUST100421,user421@example.com,32.0,2.1,121.9,108781.0,29832.0,644.0,1,family,one-year,mailed_check,north,1,overdue
CUST100422,user422@example.com,35.0,0.8,73.71,36509.0,11474.0,643.0,2,basic,month-to-month,credit_card,east,1,unpaid
CUST100423,user423@example.com,24.0,95.7,76.0,70469.0,30677.0,695.0,2,standard,two-year,bank_transfer,south,0,paid
CUST100424,user424@example.com,31.0,1.4,29.56,59865.0,10692.0,464.0,0,basic,two-year,bank_transfer,west,1,unpaid
CUST100425,user425@example.com,38.0,22.2,54.5,95246.0,36071.0,662.0,2,standard,one-year,e_check,west,0,paid
CUST100426,user426@example.com,52.0,45.6,96.25,62735.0,24907.0,602.0,0,basic,one-year,mailed_check,east,1,overdue
CUST100427,user427@example.com,63.0,11.8,74.24,67023.0,33012.0,592.0,2,standard,month-to-month,e_check,north,1,overdue
CUST100428,user428@example.com,25.0,0.4,72.7,65114.0,35168.0,546.0,2,standard,one-year,mailed_check,west,1,unpaid
CUST100429,user429@example.com,47.0,27.7,75.68,33834.0,19200.0,621.0,0,standard,one-year,bank_transfer,north,0,paid
CUST100430,user430@example.com,30.0,3.1,33.92,37622.0,4495.0,609.0,2,basic,one-year,bank_transfer,west,0,paid
CUST100431,user431@example.com,48.0,4.1,67.58,49487.0,24691.0,616.0,2,premium,month-to-month,credit_card,west,1,overdue
CUST100432,user432@example.com,40.0,17.5,105.21,74148.0,31252.0,519.0,1,basic,one-year,e_check,south,0,paid
CUST100433,user433@example.com,20.0,17.7,97.17,59662.0,15148.0,658.0,2,standard,month-to-month,mailed_check,south,1,unpaid
CUST100434,user434@example.com,53.0,75.8,66.87,50865.0,28360.0,587.0,2,family,month-to-month,e_check,north,1,unpaid
CUST100435,user435@example.com,35.0,1.5,109.09,82444.0,43124.0,519.0,2,premium,one-year,bank_transfer,south,0,paid
CUST100436,user436@example.com,36.0,12.1,38.52,15351.0,7306.0,606.0,0,standard,two-year,e_check,north,0,paid
CUST100437,user437@example.com,29.0,66.5,45.71,29084.0,2374.0,588.0,0,basic,month-to-month,bank_transfer,south,0,paid
CUST100438,user438@example.com,34.0,2.6,116.59,12000.0,1768.0,653.0,0,basic,month-to-month,credit_card,south,1,unpaid
CUST100439,user439@example.com,47.0,39.7,84.45,79166.0,43944.0,605.0,1,premium,month-to-month,e_check,west,0,paid
CUST100440,user440@example.com,40.0,3.3,62.78,53065.0,31321.0,534.0,2,basic,one-year,e_check,south,0,paid
CUST100441,user441@example.com,46.0,14.9,68.62,74326.0,15052.0,579.0,0,basic,month-to-month,mailed_check,north,0,paid
CUST100442,user442@example.com,46.0,25.8,49.83,52815.0,10698.0,512.0,0,standard,month-to-month,e_check,north,1,overdue
CUST100443,user443@example.com,58.0,6.4,76.91,75464.0,29104.0,741.0,2,basic,month-to-month,mailed_check,south,1,unpaid
CUST100444,user444@example.com,38.0,5.6,74.93,52465.0,4822.0,754.0,0,premium,one-year,mailed_check,south,0,paid
CUST100445,user445@example.com,24.0,17.7,70.5,63198.0,23852.0,764.0,2,standard,month-to-month,mailed_check,south,1,overdue
CUST100446,user446@example.com,55.0,8.2,41.01,60270.0,35124.0,603.0,1,premium,month-to-month,mailed_check,south,0,paid
CUST100447,user447@example.com,38.0,41.3,76.62,61754.0,13174.0,,2,standard,month-to-month,credit_card,west,1,overdue
CUST100448,user448@example.com,55.0,26.9,56.76,88695.0,40667.0,683.0,1,family,one-year,e_check,north,0,paid
CUST100449,user449@example.com,47.0,0.4,45.35,22512.0,7625.0,584.0,2,family,month-to-month,mailed_check,south,1,unpaid
CUST100450,user450@example.com,40.0,6.8,101.67,53632.0,11157.0,600.0,1,standard,month-to-month,bank_transfer,south,0,paid
CUST100451,user451@example.com,46.0,10.5,124.24,58960.0,16324.0,636.0,1,basic,two-year,credit_card,west,0,paid
CUST100452,user452@example.com,65.0,5.5,118.57,55966.0,19761.0,658.0,3,basic,month-to-month,mailed_check,east,1,overdue
CUST100453,user453@example.com,67.0,43.0,86.25,47042.0,22057.0,679.0,2,family,month-to-month,bank_transfer,south,1,unpaid
CUST100454,user454@example.com,43.0,70.1,63.36,44306.0,15393.0,650.0,2,standard,one-year,bank_transfer,north,0,paid
CUST100455,user455@example.com,44.0,3.0,68.24,85600.0,47836.0,622.0,2,basic,month-to-month,bank_transfer,south,1,overdue
CUST100456,user456@example.com,55.0,9.7,80.14,53586.0,6126.0,758.0,2,standard,month-to-month,credit_card,west,0,paid
CUST100457,user457@example.com,32.0,2.4,59.49,103759.0,59841.0,641.0,2,family,month-to-month,credit_card,east,0,paid
CUST100458,user458@example.com,46.0,4.5,102.97,65565.0,23135.0,636.0,0,family,month-to-month,bank_transfer,west,1,overdue
CUST100459,user459@example.com,42.0,48.1,19.11,,13064.0,633.0,2,basic,month-to-month,e_check,south,1,unpaid
CUST100460,user460@example.com,46.0,6.9,62.61,66054.0,6066.0,641.0,1,standard,two-year,mailed_check,south,0,paid
CUST100461,user461@example.com,32.0,27.6,90.03,57179.0,12175.0,541.0,2,premium,month-to-month,e_check,north,1,overdue
CUST100462,user462@example.com,23.0,11.6,48.87,81840.0,23804.0,570.0,1,premium,two-year,bank_transfer,east,0,paid
CUST100463,user463@example.com,18.0,54.7,64.0,31646.0,17892.0,846.0,2,standard,month-to-month,e_check,west,1,unpaid
CUST100464,user464@example.com,29.0,2.9,84.84,18976.0,8844.0,518.0,5,premium,month-to-month,mailed_check,east,1,overdue
CUST100465,user465@example.com,36.0,8.2,107.96,62220.0,5132.0,672.0,2,premium,month-to-month,credit_card,south,1,unpaid
CUST100466,user466@example.com,38.0,15.2,37.65,71714.0,16519.0,677.0,1,standard,one-year,mailed_check,east,0,paid
CUST100467,user467@example.com,65.0,8.5,35.8,60718.0,19447.0,731.0,2,standard,month-to-month,bank_transfer,west,0,paid
CUST100468,user468@example.com,55.0,23.1,46.35,68450.0,35426.0,679.0,1,premium,month-to-month,mailed_check,east,0,paid
CUST100469,user469@example.com,30.0,6.3,31.56,65509.0,31250.0,801.0,4,premium,month-to-month,e_check,west,0,paid
CUST100470,user470@example.com,46.0,34.7,33.34,25392.0,4288.0,669.0,2,basic,month-to-month,credit_card,south,0,paid
CUST100471,user471@example.com,37.0,6.6,45.68,60625.0,4714.0,758.0,1,standard,one-year,bank_transfer,east,0,paid
CUST100472,user472@example.com,39.0,73.8,100.84,81336.0,9989.0,733.0,3,standard,month-to-month,credit_card,north,1,unpaid
CUST100473,user473@example.com,44.0,32.3,62.2,58435.0,19097.0,773.0,1,family,month-to-month,credit_card,north,0,paid
CUST100474,user474@example.com,49.0,25.5,70.78,28801.0,2864.0,652.0,1,standard,two-year,credit_card,north,0,paid
CUST100475,user475@example.com,38.0,8.5,46.11,48323.0,9054.0,682.0,0,basic,month-to-month,credit_card,north,1,overdue
CUST100476,user476@example.com,55.0,1.1,85.84,66135.0,33183.0,620.0,0,basic,month-to-month,bank_transfer,south,0,paid
CUST100477,user477@example.com,28.0,12.3,116.89,90913.0,24644.0,663.0,3,family,one-year,bank_transfer,west,1,overdue
CUST100478,user478@example.com,42.0,7.2,47.81,15873.0,9490.0,667.0,0,standard,two-year,e_check,north,0,paid
CUST100479,user479@example.com,73.0,0.8,113.12,62225.0,28984.0,484.0,0,basic,month-to-month,e_check,south,1,overdue
CUST100480,user480@example.com,45.0,23.5,79.11,36356.0,7115.0,639.0,0,standard,two-year,mailed_check,east,0,paid
CUST100481,user481@example.com,59.0,38.8,70.42,65155.0,3529.0,721.0,1,basic,month-to-month,credit_card,south,0,paid
CUST100482,user482@example.com,43.0,9.5,80.0,66757.0,22695.0,542.0,1,basic,month-to-month,bank_transfer,east,1,overdue
CUST100483,user483@example.com,49.0,1.1,79.76,50337.0,22059.0,571.0,2,basic,one-year,mailed_check,west,1,unpaid
CUST100484,user484@example.com,41.0,0.6,116.43,67632.0,20853.0,742.0,1,premium,one-year,mailed_check,south,1,overdue
CUST100485,user485@example.com,40.0,98.6,83.01,77798.0,42678.0,757.0,2,premium,month-to-month,e_check,north,0,paid
CUST100486,user486@example.com,33.0,60.9,83.53,51709.0,24426.0,600.0,0,basic,one-year,mailed_check,south,0,paid
CUST100487,user487@example.com,47.0,3.9,59.46,28257.0,9498.0,664.0,0,standard,one-year,credit_card,south,1,unpaid
CUST100488,user488@example.com,32.0,29.4,90.98,83511.0,5045.0,644.0,0,premium,month-to-month,mailed_check,west,1,overdue
CUST100489,user489@example.com,50.0,7.3,46.08,71574.0,16894.0,744.0,0,basic,month-to-month,credit_card,east,1,overdue
CUST100490,user490@example.com,55.0,0.4,72.73,66275.0,21336.0,607.0,0,basic,month-to-month,mailed_check,east,1,overdue
CUST100491,user491@example.com,46.0,16.6,142.08,41181.0,7727.0,620.0,0,premium,month-to-month,credit_card,east,1,overdue
CUST100492,user492@example.com,39.0,8.0,10.0,74709.0,38154.0,757.0,0,standard,month-to-month,mailed_check,south,0,paid
CUST100493,user493@example.com,47.0,5.5,75.83,95849.0,27169.0,570.0,1,standard,two-year,mailed_check,south,0,paid
CUST100494,user494@example.com,38.0,10.4,76.79,52574.0,8522.0,610.0,2,standard,month-to-month,bank_transfer,north,1,overdue
CUST100495,user495@example.com,53.0,5.1,64.3,56890.0,27222.0,661.0,2,premium,one-year,credit_card,south,0,paid
CUST100496,user496@example.com,20.0,5.3,64.89,33696.0,12958.0,772.0,0,basic,two-year,credit_card,east,0,paid
CUST100497,user497@example.com,38.0,5.6,72.29,40609.0,6432.0,555.0,1,standard,month-to-month,mailed_check,north,0,paid
CUST100498,user498@example.com,18.0,2.5,63.7,33509.0,11494.0,593.0,3,basic,one-year,mailed_check,east,0,paid
CUST100499,user499@example.com,24.0,0.8,75.55,57616.0,24890.0,697.0,1,basic,one-year,mailed_check,east,1,overdue
CUST100500,user500@example.com,58.0,12.8,57.81,48184.0,14293.0,710.0,1,premium,month-to-month,mailed_check,north,1,overdue
CUST100501,user501@example.com,53.0,25.3,120.56,62456.0,13510.0,667.0,2,standard,month-to-month,credit_card,north,1,unpaid
CUST100502,user502@example.com,33.0,0.7,63.7,37162.0,15954.0,641.0,3,premium,month-to-month,mailed_check,south,1,overdue
CUST100503,user503@example.com,24.0,25.7,84.24,51649.0,22106.0,660.0,3,standard,two-year,mailed_check,east,0,paid
CUST100504,user504@example.com,18.0,14.8,53.27,35929.0,2131.0,,3,standard,month-to-month,mailed_check,north,1,overdue
CUST100505,user505@example.com,35.0,0.1,93.33,58751.0,10503.0,658.0,2,basic,month-to-month,bank_transfer,north,1,overdue
CUST100506,user506@example.com,71.0,2.8,88.34,22354.0,9064.0,769.0,0,premium,month-to-month,e_check,south,1,unpaid
CUST100507,user507@example.com,47.0,4.0,80.48,58032.0,10056.0,544.0,0,standard,month-to-month,bank_transfer,north,1,unpaid
CUST100508,user508@example.com,35.0,5.1,44.32,49425.0,28640.0,587.0,1,family,month-to-month,e_check,east,0,paid
CUST100509,user509@example.com,48.0,18.1,51.19,58619.0,8179.0,618.0,1,standard,one-year,mailed_check,south,0,paid
CUST100510,user510@example.com,23.0,4.8,112.15,21955.0,10132.0,623.0,1,basic,two-year,credit_card,east,1,overdue
CUST100511,user511@example.com,38.0,10.1,50.91,68094.0,40794.0,797.0,2,standard,month-to-month,e_check,south,1,overdue
CUST100512,user512@example.com,43.0,61.3,86.02,49025.0,11796.0,575.0,2,family,one-year,bank_transfer,east,0,paid
CUST100513,user513@example.com,41.0,107.3,46.38,59342.0,22652.0,559.0,1,basic,month-to-month,e_check,south,1,overdue
CUST100514,user514@example.com,51.0,17.3,95.21,17599.0,1903.0,712.0,3,basic,two-year,bank_transfer,west,0,paid
CUST100515,user515@example.com,46.0,5.4,52.84,30145.0,11817.0,598.0,2,standard,month-to-month,bank_transfer,north,1,overdue
CUST100516,user516@example.com,50.0,5.8,45.92,47197.0,27994.0,713.0,2,standard,one-year,credit_card,south,0,paid
CUST100517,user517@example.com,34.0,11.9,52.19,82510.0,48274.0,634.0,2,basic,two-year,e_check,west,0,paid
CUST100518,user518@example.com,53.0,11.4,56.15,65545.0,18122.0,687.0,3,basic,one-year,e_check,west,1,overdue
CUST100519,user519@example.com,62.0,6.4,80.12,57598.0,28876.0,525.0,3,basic,month-to-month,mailed_check,north,1,overdue
CUST100520,user520@example.com,30.0,52.8,71.73,36514.0,18426.0,686.0,1,standard,month-to-month,bank_transfer,south,1,unpaid
CUST100521,user521@example.com,31.0,14.2,42.62,32875.0,7561.0,667.0,3,family,month-to-month,credit_card,north,1,unpaid
CUST100522,user522@example.com,58.0,14.7,69.3,60533.0,30419.0,630.0,1,standard,one-year,credit_card,east,1,unpaid
CUST100523,user523@example.com,40.0,90.5,41.41,69014.0,9615.0,551.0,2,standard,one-year,mailed_check,east,0,paid
CUST100524,user524@example.com,59.0,23.2,86.09,59179.0,34820.0,667.0,3,basic,one-year,e_check,east,1,overdue
CUST100525,user525@example.com,37.0,43.2,90.67,89191.0,46852.0,708.0,1,premium,month-to-month,mailed_check,west,1,overdue
CUST100526,user526@example.com,59.0,14.2,69.4,,13680.0,608.0,0,family,one-year,e_check,north,1,overdue
CUST100527,user527@example.com,44.0,53.6,76.79,58587.0,15346.0,609.0,2,premium,month-to-month,bank_transfer,north,0,paid
CUST100528,user528@example.com,45.0,6.4,113.8,21137.0,12054.0,714.0,1,standard,month-to-month,bank_transfer,west,1,overdue
CUST100529,user529@example.com,61.0,0.2,66.06,59221.0,5278.0,787.0,0,family,month-to-month,e_check,north,0,paid
CUST100530,user530@example.com,38.0,40.0,46.39,,27351.0,725.0,1,standard,one-year,mailed_check,west,0,paid
CUST100531,user531@example.com,31.0,7.1,84.48,34170.0,10860.0,668.0,0,basic,month-to-month,credit_card,east,1,overdue
CUST100532,user532@example.com,37.0,22.0,41.68,71843.0,18660.0,631.0,1,basic,one-year,e_check,east,0,paid
CUST100533,user533@example.com,47.0,16.7,64.74,83821.0,9383.0,648.0,0,basic,two-year,mailed_check,south,0,paid
CUST100534,user534@example.com,23.0,3.4,55.03,41206.0,7757.0,544.0,2,standard,one-year,mailed_check,east,0,paid
CUST100535,user535@example.com,50.0,6.4,52.45,64339.0,38006.0,638.0,0,standard,one-year,mailed_check,north,0,paid
CUST100536,user536@example.com,36.0,79.6,63.75,86593.0,42809.0,740.0,3,basic,two-year,bank_transfer,north,0,overdue
CUST100537,user537@example.com,56.0,74.3,92.5,59610.0,30464.0,653.0,0,standard,two-year,credit_card,north,0,paid
CUST100538,user538@example.com,18.0,16.5,97.64,70734.0,23359.0,600.0,0,premium,month-to-month,e_check,north,1,unpaid
CUST100539,user539@example.com,33.0,8.2,93.16,19521.0,8082.0,593.0,1,standard,month-to-month,bank_transfer,west,1,unpaid
CUST100540,user540@example.com,22.0,25.9,78.41,66943.0,21941.0,647.0,1,premium,month-to-month,credit_card,south,1,overdue
CUST100541,user541@example.com,32.0,45.0,63.56,65345.0,27611.0,551.0,1,premium,month-to-month,e_check,north,1,overdue
CUST100542,user542@example.com,45.0,71.0,11.05,28476.0,14947.0,577.0,0,basic,month-to-month,credit_card,south,0,overdue
CUST100543,user543@example.com,40.0,5.8,79.19,35713.0,6551.0,773.0,3,family,one-year,e_check,east,0,paid
CUST100544,user544@example.com,39.0,6.8,13.02,67080.0,38436.0,567.0,1,basic,two-year,bank_transfer,south,0,paid
CUST100545,user545@example.com,40.0,2.0,21.92,48946.0,27042.0,586.0,1,premium,two-year,credit_card,west,0,paid
CUST100546,user546@example.com,44.0,0.5,65.96,77239.0,21674.0,673.0,3,standard,month-to-month,mailed_check,north,1,overdue
CUST100547,user547@example.com,30.0,8.2,76.61,61215.0,35948.0,615.0,3,standard,month-to-month,bank_transfer,north,0,paid
CUST100548,user548@example.com,50.0,2.0,58.72,56129.0,30051.0,657.0,0,family,two-year,credit_card,west,0,paid
CUST100549,user549@example.com,50.0,27.7,108.39,51591.0,3717.0,719.0,2,premium,one-year,bank_transfer,east,0,paid
CUST100550,user550@example.com,47.0,10.1,81.55,60854.0,4452.0,,1,basic,two-year,bank_transfer,north,0,paid
CUST100551,user551@example.com,49.0,5.7,63.76,71059.0,31195.0,710.0,0,standard,month-to-month,e_check,east,1,unpaid
CUST100552,user552@example.com,46.0,20.3,104.66,65677.0,31592.0,603.0,2,standard,month-to-month,mailed_check,north,0,paid
CUST100553,user553@example.com,66.0,20.5,109.13,46540.0,8693.0,627.0,1,standard,month-to-month,bank_transfer,east,0,paid
CUST100554,user554@example.com,41.0,7.4,82.81,79789.0,25876.0,804.0,3,basic,two-year,bank_transfer,east,0,paid
CUST100555,user555@example.com,38.0,24.2,50.62,68154.0,23621.0,538.0,3,premium,month-to-month,bank_transfer,north,0,paid
CUST100556,user556@example.com,33.0,69.0,56.24,62705.0,18503.0,697.0,2,basic,month-to-month,credit_card,west,0,paid
CUST100557,user557@example.com,30.0,51.3,33.83,56834.0,5002.0,740.0,1,family,one-year,credit_card,west,0,paid
CUST100558,user558@example.com,27.0,1.8,68.94,65001.0,11076.0,595.0,0,premium,month-to-month,e_check,south,0,paid
CUST100559,user559@example.com,31.0,10.7,43.75,18366.0,9146.0,597.0,2,premium,month-to-month,mailed_check,west,1,overdue
CUST100560,user560@example.com,41.0,32.5,61.77,59826.0,5396.0,621.0,0,standard,two-year,mailed_check,east,0,paid
CUST100561,user561@example.com,46.0,43.8,76.52,87804.0,34435.0,595.0,3,premium,month-to-month,credit_card,south,0,paid
CUST100562,user562@example.com,43.0,7.2,20.41,59400.0,23688.0,655.0,2,basic,month-to-month,e_check,west,1,unpaid
CUST100563,user563@example.com,33.0,41.9,38.41,56670.0,32646.0,721.0,1,standard,month-to-month,bank_transfer,south,0,paid
CUST100564,user564@example.com,53.0,19.7,57.33,43082.0,25552.0,621.0,0,standard,two-year,bank_transfer,south,0,paid
CUST100565,user565@example.com,51.0,52.0,68.69,64855.0,36952.0,724.0,2,standard,one-year,credit_card,east,0,paid
CUST100566,user566@example.com,40.0,20.0,57.65,51099.0,17768.0,762.0,2,standard,two-year,bank_transfer,north,0,paid
CUST100567,user567@example.com,34.0,52.9,63.24,81186.0,5925.0,684.0,1,premium,two-year,credit_card,west,0,paid
CUST100568,user568@example.com,49.0,3.9,52.35,37728.0,7640.0,692.0,2,basic,one-year,bank_transfer,west,0,paid
CUST100569,user569@example.com,44.0,87.9,33.77,45954.0,14316.0,602.0,1,family,month-to-month,e_check,west,0,paid
CUST100570,user570@example.com,25.0,1.5,56.63,42982.0,3074.0,440.0,3,standard,month-to-month,bank_transfer,west,0,paid
CUST100571,user571@example.com,41.0,37.8,64.67,91692.0,6455.0,697.0,0,standard,month-to-month,credit_card,north,0,paid
CUST100572,user572@example.com,45.0,2.7,62.24,51205.0,11686.0,714.0,4,family,one-year,bank_transfer,east,1,overdue
CUST100573,user573@example.com,31.0,57.3,72.79,44038.0,11584.0,669.0,0,family,two-year,e_check,east,1,overdue
CUST100574,user574@example.com,44.0,2.7,80.47,13188.0,4873.0,723.0,2,standard,month-to-month,e_check,west,0,paid
CUST100575,user575@example.com,25.0,22.9,87.04,36773.0,20706.0,606.0,2,family,month-to-month,e_check,south,1,overdue
CUST100576,user576@example.com,58.0,16.2,54.16,65558.0,17382.0,691.0,1,standard,month-to-month,credit_card,east,0,paid
CUST100577,user577@example.com,57.0,6.1,30.61,65478.0,5006.0,768.0,0,basic,one-year,mailed_check,north,0,paid
CUST100578,user578@example.com,39.0,50.0,101.79,41976.0,14567.0,703.0,2,standard,two-year,e_check,east,0,paid
CUST100579,user579@example.com,46.0,15.6,79.64,43087.0,10637.0,757.0,2,basic,one-year,bank_transfer,north,1,unpaid
CUST100580,user580@example.com,18.0,22.6,46.13,92197.0,50304.0,758.0,2,premium,one-year,mailed_check,north,0,paid
CUST100581,user581@example.com,28.0,8.0,76.94,108928.0,31298.0,552.0,5,basic,month-to-month,credit_card,south,0,paid
CUST100582,user582@example.com,38.0,66.7,96.7,77995.0,17704.0,708.0,1,standard,month-to-month,bank_transfer,east,0,paid
CUST100583,user583@example.com,29.0,25.1,113.23,86186.0,38623.0,599.0,2,standard,month-to-month,bank_transfer,south,0,paid
CUST100584,user584@example.com,51.0,13.4,76.27,90429.0,29054.0,561.0,0,basic,month-to-month,mailed_check,east,0,paid
CUST100585,user585@example.com,66.0,25.1,96.49,99291.0,35279.0,627.0,1,premium,two-year,credit_card,east,1,unpaid
CUST100586,user586@example.com,28.0,31.8,39.76,48961.0,6543.0,790.0,0,basic,one-year,e_check,south,0,paid
CUST100587,user587@example.com,32.0,5.6,69.1,37435.0,9597.0,606.0,2,family,month-to-month,e_check,east,1,overdue
CUST100588,user588@example.com,45.0,36.6,61.62,91670.0,6924.0,509.0,2,basic,month-to-month,bank_transfer,south,1,overdue
CUST100589,user589@example.com,61.0,5.5,78.56,35714.0,16614.0,534.0,1,standard,one-year,bank_transfer,west,1,unpaid
CUST100590,user590@example.com,27.0,24.8,110.28,34428.0,6372.0,688.0,2,standard,two-year,e_check,north,0,paid
CUST100591,user591@example.com,45.0,5.4,76.25,34887.0,4057.0,589.0,1,standard,month-to-month,bank_transfer,east,1,unpaid
CUST100592,user592@example.com,64.0,5.0,46.56,52372.0,19599.0,487.0,5,basic,month-to-month,e_check,west,1,overdue
CUST100593,user593@example.com,22.0,18.0,38.41,15312.0,5646.0,538.0,1,premium,month-to-month,mailed_check,north,1,overdue
CUST100594,user594@example.com,27.0,8.2,111.14,26338.0,5891.0,663.0,1,basic,month-to-month,e_check,west,0,paid
CUST100595,user595@example.com,37.0,0.7,82.84,42553.0,24651.0,712.0,1,standard,month-to-month,bank_transfer,east,0,paid
CUST100596,user596@example.com,36.0,39.1,81.2,31081.0,12418.0,614.0,1,standard,two-year,bank_transfer,east,0,paid
CUST100597,user597@example.com,52.0,113.1,61.41,76248.0,42662.0,702.0,0,basic,two-year,mailed_check,north,0,paid
CUST100598,user598@example.com,45.0,30.2,76.7,55133.0,11872.0,723.0,2,standard,one-year,credit_card,east,0,paid
CUST100599,user599@example.com,21.0,64.9,45.33,66540.0,23521.0,587.0,2,basic,one-year,mailed_check,north,0,paid
CUST100600,user600@example.com,48.0,33.3,79.68,64351.0,17853.0,640.0,0,premium,month-to-month,credit_card,south,0,paid
CUST100601,user601@example.com,35.0,116.8,40.63,50865.0,14105.0,602.0,1,basic,one-year,bank_transfer,west,0,paid
CUST100602,user602@example.com,57.0,13.8,61.02,74763.0,5702.0,693.0,3,standard,two-year,mailed_check,north,1,unpaid
CUST100603,user603@example.com,34.0,18.6,53.93,64043.0,10939.0,601.0,0,standard,two-year,bank_transfer,north,0,paid
CUST100604,user604@example.com,34.0,11.3,10.0,48632.0,25684.0,553.0,4,premium,month-to-month,bank_transfer,north,1,overdue
CUST100605,user605@example.com,48.0,83.8,61.33,21322.0,11032.0,654.0,1,standard,one-year,credit_card,south,0,paid
CUST100606,user606@example.com,51.0,16.9,47.53,65413.0,7052.0,739.0,3,standard,month-to-month,mailed_check,east,1,overdue
CUST100607,user607@example.com,47.0,54.7,64.74,29774.0,1786.0,691.0,0,standard,month-to-month,mailed_check,west,1,overdue
CUST100608,user608@example.com,22.0,2.8,70.04,62606.0,6644.0,731.0,1,basic,month-to-month,bank_transfer,north,0,paid
CUST100609,user609@example.com,48.0,7.6,114.2,56578.0,22707.0,724.0,3,standard,month-to-month,e_check,east,1,unpaid
CUST100610,user610@example.com,30.0,21.3,77.62,27793.0,5056.0,653.0,2,standard,month-to-month,mailed_check,north,0,paid
CUST100611,user611@example.com,45.0,10.5,78.35,60168.0,28245.0,602.0,1,basic,two-year,credit_card,south,1,overdue
CUST100612,user612@example.com,25.0,7.8,82.39,58826.0,3130.0,580.0,1,standard,month-to-month,credit_card,south,1,overdue
CUST100613,user613@example.com,47.0,11.8,91.8,58899.0,26132.0,523.0,5,standard,month-to-month,credit_card,south,1,overdue
CUST100614,user614@example.com,32.0,5.6,81.36,57940.0,31144.0,745.0,1,basic,one-year,bank_transfer,east,0,overdue
CUST100615,user615@example.com,27.0,45.4,77.04,41952.0,3131.0,624.0,1,standard,one-year,mailed_check,north,1,overdue
CUST100616,user616@example.com,51.0,9.1,87.78,66832.0,35225.0,514.0,2,standard,one-year,bank_transfer,west,1,unpaid
CUST100617,user617@example.com,45.0,24.6,10.0,41247.0,22885.0,749.0,4,family,month-to-month,credit_card,west,1,overdue
CUST100618,user618@example.com,35.0,3.9,122.23,33508.0,11551.0,658.0,3,standard,month-to-month,credit_card,south,1,overdue
CUST100619,user619@example.com,59.0,42.2,109.74,68493.0,14143.0,727.0,3,basic,month-to-month,mailed_check,west,1,unpaid
CUST100620,user620@example.com,37.0,8.1,75.43,73729.0,26509.0,629.0,1,premium,one-year,mailed_check,east,1,unpaid
CUST100621,user621@example.com,42.0,11.9,34.67,67124.0,14822.0,587.0,1,standard,month-to-month,credit_card,west,0,paid
CUST100622,user622@example.com,45.0,41.9,100.26,50856.0,28645.0,,1,premium,month-to-month,credit_card,west,1,unpaid
CUST100623,user623@example.com,35.0,6.6,52.65,16211.0,5657.0,692.0,1,standard,month-to-month,bank_transfer,west,1,unpaid
CUST100624,user624@example.com,48.0,43.9,83.35,84634.0,41410.0,628.0,1,basic,month-to-month,credit_card,east,0,paid
CUST100625,user625@example.com,36.0,7.8,37.93,15898.0,6128.0,755.0,1,standard,one-year,credit_card,south,0,paid
CUST100626,user626@example.com,37.0,10.4,125.66,66721.0,13920.0,726.0,3,basic,month-to-month,e_check,north,1,overdue
CUST100627,user627@example.com,58.0,54.3,33.94,97205.0,31598.0,695.0,0,standard,month-to-month,bank_transfer,north,0,paid
CUST100628,user628@example.com,30.0,3.3,71.72,57989.0,30963.0,561.0,2,standard,two-year,mailed_check,east,0,paid
CUST100629,user629@example.com,18.0,11.2,16.95,60825.0,15850.0,550.0,0,standard,month-to-month,e_check,west,0,overdue
CUST100630,user630@example.com,61.0,10.3,68.97,62586.0,14879.0,746.0,2,standard,month-to-month,bank_transfer,east,1,overdue
CUST100631,user631@example.com,73.0,24.7,59.37,58963.0,33965.0,475.0,3,basic,one-year,mailed_check,north,1,overdue
CUST100632,user632@example.com,37.0,19.2,98.43,102012.0,23844.0,643.0,2,basic,one-year,bank_transfer,east,0,paid
CUST100633,user633@example.com,19.0,19.4,59.37,38137.0,19935.0,662.0,2,standard,month-to-month,e_check,south,0,paid
CUST100634,user634@example.com,38.0,22.8,98.47,35625.0,5275.0,611.0,1,standard,month-to-month,e_check,north,0,paid
CUST100635,user635@example.com,39.0,28.9,44.4,48450.0,23520.0,647.0,2,premium,two-year,credit_card,east,0,paid
CUST100636,user636@example.com,40.0,85.7,62.95,89817.0,34886.0,684.0,0,basic,two-year,bank_transfer,south,0,paid
CUST100637,user637@example.com,29.0,37.4,63.45,43462.0,5046.0,603.0,1,standard,month-to-month,e_check,west,0,paid
CUST100638,user638@example.com,49.0,8.9,82.39,63606.0,5417.0,721.0,2,basic,month-to-month,credit_card,west,0,paid
CUST100639,user639@example.com,48.0,5.4,79.21,76420.0,16359.0,697.0,1,premium,month-to-month,credit_card,west,0,paid
CUST100640,user640@example.com,24.0,14.6,88.06,70580.0,29051.0,636.0,3,standard,two-year,credit_card,west,0,paid
CUST100641,user641@example.com,50.0,24.3,76.67,75361.0,18694.0,584.0,1,basic,two-year,e_check,south,0,paid
CUST100642,user642@example.com,67.0,29.8,86.53,83360.0,16600.0,643.0,0,standard,month-to-month,bank_transfer,east,0,paid
CUST100643,user643@example.com,44.0,16.1,47.55,61165.0,22632.0,819.0,1,premium,one-year,credit_card,north,0,paid
CUST100644,user644@example.com,38.0,17.4,79.72,,26319.0,589.0,0,basic,month-to-month,mailed_check,east,0,paid
CUST100645,user645@example.com,40.0,12.0,110.21,57944.0,6781.0,,0,basic,one-year,mailed_check,south,0,paid
CUST100646,user646@example.com,49.0,10.9,28.0,48219.0,19506.0,510.0,1,standard,month-to-month,e_check,south,1,overdue
CUST100647,user647@example.com,21.0,25.1,82.23,105431.0,58179.0,581.0,2,basic,month-to-month,mailed_check,west,0,paid
CUST100648,user648@example.com,44.0,12.4,86.92,44347.0,15415.0,607.0,3,basic,month-to-month,credit_card,south,1,overdue
CUST100649,user649@example.com,37.0,17.1,106.53,64663.0,37524.0,726.0,3,basic,two-year,e_check,south,0,paid
CUST100650,user650@example.com,64.0,47.2,88.15,24983.0,9464.0,654.0,1,basic,month-to-month,mailed_check,east,1,overdue
CUST100651,user651@example.com,40.0,76.1,72.51,57656.0,24212.0,755.0,0,premium,month-to-month,bank_transfer,east,0,paid
CUST100652,user652@example.com,62.0,0.4,80.75,49258.0,23900.0,,2,family,one-year,mailed_check,west,0,paid
CUST100653,user653@example.com,29.0,19.5,51.62,68514.0,10952.0,646.0,0,basic,month-to-month,mailed_check,north,0,paid
CUST100654,user654@example.com,49.0,7.9,60.3,,24722.0,624.0,0,premium,month-to-month,mailed_check,west,1,unpaid
CUST100655,user655@example.com,46.0,28.2,36.61,83340.0,32323.0,812.0,0,standard,month-to-month,bank_transfer,east,0,paid
CUST100656,user656@example.com,32.0,1.6,107.18,81751.0,9490.0,560.0,2,basic,month-to-month,bank_transfer,south,0,paid
CUST100657,user657@example.com,44.0,20.0,81.25,53674.0,16131.0,609.0,0,standard,month-to-month,bank_transfer,east,0,paid
CUST100658,user658@example.com,57.0,4.9,47.1,36112.0,17113.0,572.0,1,standard,two-year,e_check,north,1,unpaid
CUST100659,user659@example.com,38.0,19.3,76.78,38458.0,2784.0,696.0,1,basic,one-year,credit_card,east,0,paid
CUST100660,user660@example.com,22.0,1.4,98.98,61055.0,16938.0,559.0,2,standard,one-year,e_check,north,1,overdue
CUST100661,user661@example.com,42.0,13.2,94.82,58156.0,7569.0,796.0,1,standard,month-to-month,mailed_check,south,1,unpaid
CUST100662,user662@example.com,31.0,1.1,46.81,60159.0,8823.0,656.0,0,standard,one-year,e_check,west,1,overdue
CUST100663,user663@example.com,38.0,16.0,10.0,44298.0,14703.0,683.0,2,standard,month-to-month,credit_card,east,0,paid
CUST100664,user664@example.com,41.0,59.6,79.88,83745.0,5545.0,687.0,0,basic,two-year,credit_card,east,0,paid
CUST100665,user665@example.com,22.0,5.9,47.83,25546.0,7248.0,648.0,1,standard,one-year,mailed_check,north,0,paid
CUST100666,user666@example.com,23.0,6.9,85.56,43191.0,2770.0,660.0,0,premium,one-year,bank_transfer,west,1,overdue
CUST100667,user667@example.com,48.0,27.4,93.76,33458.0,18705.0,657.0,0,standard,month-to-month,e_check,south,1,overdue
CUST100668,user668@example.com,36.0,56.4,97.84,50821.0,27221.0,692.0,1,standard,month-to-month,e_check,east,1,unpaid
CUST100669,user669@example.com,18.0,27.7,113.62,79931.0,13301.0,584.0,0,standard,month-to-month,mailed_check,west,0,paid
CUST100670,user670@example.com,51.0,36.4,100.91,49245.0,4245.0,571.0,2,standard,month-to-month,credit_card,west,1,overdue
CUST100671,user671@example.com,45.0,1.3,113.74,57030.0,10713.0,716.0,1,premium,month-to-month,bank_transfer,east,1,overdue
CUST100672,user672@example.com,33.0,11.1,104.48,68285.0,4481.0,650.0,1,basic,month-to-month,bank_transfer,east,1,overdue
CUST100673,user673@example.com,26.0,7.6,106.66,48294.0,21932.0,489.0,1,basic,month-to-month,bank_transfer,west,1,overdue
CUST100674,user674@example.com,52.0,0.7,68.98,62653.0,22908.0,612.0,1,basic,one-year,mailed_check,south,0,paid
CUST100675,user675@example.com,46.0,34.9,37.77,60015.0,20952.0,772.0,2,family,month-to-month,bank_transfer,west,0,paid
CUST100676,user676@example.com,71.0,32.6,132.06,32384.0,16794.0,637.0,1,basic,two-year,mailed_check,east,0,paid
CUST100677,user677@example.com,47.0,1.5,71.57,45714.0,22634.0,608.0,0,premium,one-year,mailed_check,east,0,paid
CUST100678,user678@example.com,47.0,65.7,100.72,62092.0,17068.0,530.0,0,basic,month-to-month,bank_transfer,west,0,paid
CUST100679,user679@example.com,40.0,8.6,56.24,80644.0,31103.0,605.0,1,standard,month-to-month,bank_transfer,south,0,paid
CUST100680,user680@example.com,52.0,27.1,94.1,80625.0,23623.0,557.0,0,standard,month-to-month,bank_transfer,west,0,paid
CUST100681,user681@example.com,50.0,20.1,10.0,96910.0,38105.0,684.0,2,premium,month-to-month,bank_transfer,east,1,overdue
CUST100682,user682@example.com,57.0,29.1,59.74,,8628.0,,1,basic,month-to-month,credit_card,east,1,overdue
CUST100683,user683@example.com,36.0,2.1,67.54,46734.0,10050.0,621.0,0,standard,month-to-month,e_check,west,1,overdue
CUST100684,user684@example.com,37.0,20.9,81.57,53721.0,10128.0,589.0,2,premium,month-to-month,credit_card,south,1,overdue
CUST100685,user685@example.com,36.0,9.7,96.8,52725.0,7493.0,772.0,4,family,month-to-month,credit_card,east,0,paid
CUST100686,user686@example.com,51.0,1.8,42.65,46842.0,13004.0,594.0,1,family,month-to-month,bank_transfer,east,0,paid
CUST100687,user687@example.com,60.0,3.8,86.5,62659.0,28170.0,594.0,1,family,one-year,e_check,north,0,paid
CUST100688,user688@example.com,36.0,16.5,100.67,63590.0,17031.0,631.0,1,basic,one-year,bank_transfer,west,0,paid
CUST100689,user689@example.com,37.0,13.6,128.65,31525.0,18614.0,642.0,2,basic,month-to-month,e_check,south,0,paid
CUST100690,user690@example.com,46.0,15.0,87.67,76763.0,16592.0,689.0,4,standard,month-to-month,mailed_check,east,1,overdue
CUST100691,user691@example.com,39.0,8.5,58.51,18264.0,10437.0,724.0,3,basic,two-year,credit_card,south,0,paid
CUST100692,user692@example.com,53.0,23.5,38.21,50550.0,7909.0,718.0,3,family,two-year,mailed_check,west,0,paid
CUST100693,user693@example.com,18.0,1.8,115.73,77986.0,17658.0,844.0,1,standard,month-to-month,credit_card,west,1,unpaid
CUST100694,user694@example.com,32.0,7.0,88.43,67148.0,9417.0,515.0,0,basic,month-to-month,e_check,north,1,overdue
CUST100695,user695@example.com,33.0,24.2,69.45,47861.0,8656.0,668.0,2,family,month-to-month,mailed_check,west,1,overdue
CUST100696,user696@example.com,18.0,65.3,29.5,94376.0,12874.0,608.0,2,basic,one-year,credit_card,east,0,paid
CUST100697,user697@example.com,30.0,13.4,46.72,46199.0,18186.0,811.0,1,standard,two-year,bank_transfer,west,0,paid
CUST100698,user698@example.com,31.0,12.6,85.78,14961.0,2399.0,664.0,3,standard,month-to-month,bank_transfer,west,1,overdue
CUST100699,user699@example.com,40.0,4.8,78.85,64055.0,6202.0,488.0,1,premium,one-year,e_check,north,1,overdue
CUST100700,user700@example.com,55.0,43.5,21.34,19430.0,3819.0,685.0,0,standard,one-year,e_check,west,0,paid
CUST100701,user701@example.com,39.0,15.8,85.82,38371.0,16236.0,671.0,4,standard,month-to-month,e_check,north,1,overdue
CUST100702,user702@example.com,30.0,23.0,30.79,67455.0,19275.0,711.0,2,basic,month-to-month,credit_card,south,0,paid
CUST100703,user703@example.com,41.0,5.3,103.85,45783.0,6221.0,592.0,3,standard,month-to-month,e_check,west,1,overdue
CUST100704,user704@example.com,55.0,15.5,75.21,66612.0,5655.0,676.0,2,standard,month-to-month,credit_card,north,0,paid
CUST100705,user705@example.com,30.0,6.9,58.41,31838.0,14364.0,628.0,3,basic,month-to-month,credit_card,south,1,overdue
CUST100706,user706@example.com,31.0,44.3,94.75,72170.0,31557.0,,2,standard,month-to-month,e_check,west,1,overdue
CUST100707,user707@example.com,49.0,13.3,78.84,21181.0,6436.0,677.0,2,standard,two-year,bank_transfer,east,1,overdue
CUST100708,user708@example.com,39.0,24.9,103.12,81373.0,27688.0,662.0,2,basic,month-to-month,bank_transfer,west,1,unpaid
CUST100709,user709@example.com,50.0,32.0,72.01,45493.0,8292.0,,3,basic,month-to-month,mailed_check,west,0,paid
CUST100710,user710@example.com,42.0,0.1,73.47,85623.0,27137.0,652.0,0,basic,one-year,bank_transfer,north,0,paid
CUST100711,user711@example.com,50.0,11.3,62.87,38190.0,17213.0,698.0,0,standard,two-year,e_check,east,0,paid
CUST100712,user712@example.com,30.0,13.1,76.57,93495.0,44349.0,553.0,2,premium,one-year,bank_transfer,north,1,unpaid
CUST100713,user713@example.com,42.0,24.3,112.45,,8505.0,762.0,1,basic,one-year,bank_transfer,north,0,paid
CUST100714,user714@example.com,39.0,6.4,57.43,19121.0,8095.0,588.0,4,standard,month-to-month,bank_transfer,west,1,overdue
CUST100715,user715@example.com,27.0,11.2,86.2,55862.0,17740.0,722.0,4,premium,month-to-month,credit_card,south,0,paid
CUST100716,user716@example.com,23.0,16.8,47.99,79680.0,36385.0,671.0,1,standard,two-year,credit_card,south,0,paid
CUST100717,user717@example.com,50.0,20.8,18.33,70816.0,30446.0,661.0,1,family,two-year,e_check,west,0,paid
CUST100718,user718@example.com,38.0,51.2,75.19,78259.0,36210.0,711.0,2,basic,month-to-month,bank_transfer,east,1,overdue
CUST100719,user719@example.com,30.0,12.7,79.26,71210.0,10018.0,479.0,1,standard,two-year,e_check,east,1,overdue
CUST100720,user720@example.com,41.0,3.1,67.25,38595.0,8767.0,604.0,0,standard,month-to-month,mailed_check,east,0,paid
CUST100721,user721@example.com,56.0,42.4,32.6,70328.0,13766.0,710.0,2,basic,month-to-month,mailed_check,west,1,overdue
CUST100722,user722@example.com,18.0,6.9,77.61,56857.0,16823.0,804.0,1,standard,one-year,mailed_check,south,0,paid
CUST100723,user723@example.com,24.0,45.5,76.66,40805.0,12474.0,648.0,1,standard,month-to-month,mailed_check,north,0,paid
CUST100724,user724@example.com,31.0,7.0,47.78,58587.0,24432.0,455.0,2,basic,month-to-month,credit_card,west,1,overdue
CUST100725,user725@example.com,60.0,0.5,36.16,53873.0,19571.0,625.0,2,standard,month-to-month,bank_transfer,north,0,paid
CUST100726,user726@example.com,45.0,16.9,63.69,83320.0,30739.0,645.0,2,standard,one-year,bank_transfer,west,0,paid
CUST100727,user727@example.com,51.0,67.2,86.32,44702.0,17798.0,739.0,1,standard,month-to-month,e_check,east,1,overdue
CUST100728,user728@example.com,28.0,12.0,80.42,43768.0,8757.0,654.0,3,standard,month-to-month,credit_card,north,1,overdue
CUST100729,user729@example.com,29.0,4.9,47.98,41027.0,7154.0,548.0,1,premium,two-year,e_check,south,0,paid
CUST100730,user730@example.com,47.0,4.5,73.42,92937.0,15646.0,727.0,2,family,two-year,mailed_check,south,1,overdue
CUST100731,user731@example.com,43.0,41.7,92.18,42146.0,20175.0,695.0,1,standard,two-year,credit_card,east,0,paid
CUST100732,user732@example.com,49.0,25.3,40.68,80937.0,8376.0,594.0,2,standard,one-year,e_check,east,0,paid
CUST100733,user733@example.com,40.0,13.0,71.58,34372.0,7694.0,708.0,1,standard,two-year,bank_transfer,south,0,paid
CUST100734,user734@example.com,45.0,1.5,103.49,65132.0,13297.0,606.0,0,standard,two-year,e_check,east,0,paid
CUST100735,user735@example.com,44.0,20.6,38.13,60250.0,22628.0,626.0,3,basic,month-to-month,e_check,north,0,paid
CUST100736,user736@example.com,51.0,41.2,98.89,79667.0,44479.0,608.0,2,standard,month-to-month,e_check,north,1,overdue
CUST100737,user737@example.com,52.0,1.9,110.48,76768.0,40935.0,625.0,2,basic,one-year,e_check,north,1,overdue
CUST100738,user738@example.com,23.0,7.4,64.44,56638.0,6115.0,723.0,0,basic,month-to-month,bank_transfer,south,1,unpaid
CUST100739,user739@example.com,18.0,20.7,61.42,44258.0,15363.0,507.0,2,basic,month-to-month,e_check,east,1,overdue
CUST100740,user740@example.com,54.0,48.6,95.83,87499.0,6165.0,738.0,1,basic,two-year,credit_card,north,0,paid
CUST100741,user741@example.com,56.0,110.2,65.35,42261.0,20531.0,664.0,1,basic,month-to-month,bank_transfer,north,0,paid
CUST100742,user742@example.com,30.0,44.1,11.17,,3073.0,619.0,2,standard,month-to-month,bank_transfer,west,0,paid
CUST100743,user743@example.com,20.0,22.9,67.53,17829.0,2998.0,652.0,1,basic,two-year,e_check,east,1,overdue
CUST100744,user744@example.com,43.0,9.4,81.76,22699.0,7179.0,577.0,1,family,two-year,e_check,south,1,overdue
CUST100745,user745@example.com,53.0,6.9,88.5,66914.0,19359.0,519.0,3,basic,one-year,credit_card,south,1,overdue
CUST100746,user746@example.com,64.0,0.1,47.98,99289.0,56468.0,580.0,2,premium,two-year,e_check,east,0,paid
CUST100747,user747@example.com,48.0,13.3,63.25,14201.0,969.0,498.0,3,premium,two-year,e_check,north,0,paid
CUST100748,user748@example.com,38.0,29.6,94.42,39349.0,22527.0,542.0,1,premium,month-to-month,bank_transfer,north,0,paid
CUST100749,user749@example.com,31.0,12.7,68.5,56781.0,10158.0,520.0,2,basic,one-year,bank_transfer,west,0,paid
CUST100750,user750@example.com,42.0,35.5,31.78,85910.0,11148.0,748.0,0,family,month-to-month,bank_transfer,west,0,paid
CUST100751,user751@example.com,38.0,58.9,100.94,39241.0,17973.0,547.0,1,basic,one-year,bank_transfer,west,0,paid
CUST100752,user752@example.com,30.0,8.9,64.65,66816.0,22545.0,647.0,1,basic,month-to-month,e_check,west,1,overdue
CUST100753,user753@example.com,67.0,17.1,97.28,49998.0,27129.0,739.0,1,basic,month-to-month,bank_transfer,north,1,overdue
CUST100754,user754@example.com,63.0,12.8,35.11,107143.0,37334.0,718.0,0,standard,two-year,credit_card,north,1,overdue
CUST100755,user755@example.com,56.0,9.4,66.98,57891.0,18989.0,626.0,1,basic,month-to-month,credit_card,west,1,overdue
CUST100756,user756@example.com,31.0,49.1,82.74,62114.0,10149.0,627.0,4,premium,two-year,e_check,west,1,overdue
CUST100757,user757@example.com,52.0,11.6,67.82,56685.0,32445.0,664.0,1,standard,month-to-month,bank_transfer,south,0,overdue
CUST100758,user758@example.com,50.0,7.7,40.42,46706.0,19405.0,819.0,1,family,month-to-month,mailed_check,east,0,paid
CUST100759,user759@example.com,47.0,81.4,10.33,73997.0,28183.0,683.0,1,standard,month-to-month,e_check,north,1,overdue
CUST100760,user760@example.com,57.0,38.4,108.08,31819.0,15417.0,703.0,1,basic,two-year,bank_transfer,north,0,paid
CUST100761,user761@example.com,50.0,1.0,76.2,14961.0,1581.0,831.0,0,standard,month-to-month,credit_card,south,1,overdue
CUST100762,user762@example.com,51.0,4.2,99.17,51996.0,27377.0,672.0,0,basic,month-to-month,mailed_check,north,1,overdue
CUST100763,user763@example.com,50.0,1.8,93.22,71311.0,23195.0,742.0,3,family,two-year,bank_transfer,east,1,overdue
CUST100764,user764@example.com,46.0,0.3,84.92,43384.0,21311.0,688.0,2,standard,month-to-month,credit_card,south,1,overdue
CUST100765,user765@example.com,21.0,120.0,61.97,58730.0,25955.0,687.0,3,basic,two-year,mailed_check,south,0,paid
CUST100766,user766@example.com,43.0,37.3,82.24,30586.0,9121.0,573.0,1,standard,month-to-month,credit_card,north,0,paid
CUST100767,user767@example.com,35.0,19.3,105.81,76253.0,36094.0,560.0,1,premium,month-to-month,bank_transfer,west,0,paid
CUST100768,user768@example.com,27.0,43.3,72.08,68038.0,30371.0,609.0,6,family,one-year,bank_transfer,east,1,overdue
CUST100769,user769@example.com,62.0,12.7,117.54,55395.0,2883.0,721.0,0,standard,two-year,bank_transfer,north,1,overdue
CUST100770,user770@example.com,63.0,120.0,32.51,58375.0,25690.0,717.0,2,standard,one-year,e_check,west,0,paid
CUST100771,user771@example.com,58.0,12.5,29.83,27128.0,8948.0,757.0,3,standard,month-to-month,e_check,west,0,paid
CUST100772,user772@example.com,45.0,14.6,94.7,28022.0,14339.0,649.0,3,basic,two-year,e_check,south,0,overdue
CUST100773,user773@example.com,58.0,23.3,49.53,52560.0,26033.0,693.0,2,standard,month-to-month,bank_transfer,south,0,paid
CUST100774,user774@example.com,42.0,54.5,121.08,65275.0,9390.0,693.0,1,standard,month-to-month,credit_card,north,1,overdue
CUST100775,user775@example.com,44.0,2.2,103.43,66288.0,4108.0,641.0,4,premium,one-year,credit_card,west,0,paid
CUST100776,user776@example.com,29.0,17.2,109.69,47741.0,7542.0,624.0,0,standard,month-to-month,mailed_check,east,0,paid
CUST100777,user777@example.com,47.0,29.3,92.11,69908.0,31991.0,531.0,2,family,two-year,mailed_check,south,0,paid
CUST100778,user778@example.com,43.0,0.9,46.96,83416.0,44147.0,638.0,1,standard,one-year,mailed_check,north,0,paid
CUST100779,user779@example.com,26.0,9.9,28.52,53227.0,23170.0,642.0,1,standard,two-year,mailed_check,north,0,paid
CUST100780,user780@example.com,41.0,23.2,107.38,61193.0,30678.0,741.0,1,basic,month-to-month,bank_transfer,south,1,overdue
CUST100781,user781@example.com,41.0,38.4,32.51,50843.0,18964.0,749.0,1,standard,one-year,e_check,south,0,paid
CUST100782,user782@example.com,64.0,62.7,109.62,52474.0,17242.0,662.0,2,basic,one-year,e_check,south,0,paid
CUST100783,user783@example.com,53.0,10.7,86.74,58391.0,34083.0,815.0,0,standard,month-to-month,bank_transfer,south,1,unpaid
CUST100784,user784@example.com,42.0,38.1,68.09,89065.0,8401.0,665.0,1,standard,month-to-month,bank_transfer,west,0,overdue
CUST100785,user785@example.com,45.0,110.6,81.05,73306.0,20653.0,,2,standard,two-year,e_check,south,0,paid
CUST100786,user786@example.com,43.0,40.5,81.63,71504.0,14510.0,642.0,1,premium,month-to-month,e_check,south,1,overdue
CUST100787,user787@example.com,40.0,31.0,64.94,45925.0,5379.0,559.0,3,standard,month-to-month,bank_transfer,west,0,paid
CUST100788,user788@example.com,29.0,2.3,105.64,37036.0,14187.0,616.0,0,standard,month-to-month,credit_card,south,0,paid
CUST100789,user789@example.com,40.0,33.7,104.79,62791.0,12231.0,768.0,1,standard,two-year,e_check,east,1,unpaid
CUST100790,user790@example.com,33.0,0.3,73.89,79875.0,24332.0,629.0,2,basic,two-year,bank_transfer,east,0,paid
CUST100791,user791@example.com,27.0,0.1,55.0,89468.0,11195.0,613.0,1,basic,two-year,e_check,west,0,paid
CUST100792,user792@example.com,48.0,34.0,102.65,12000.0,3174.0,650.0,0,basic,one-year,credit_card,north,0,paid
CUST100793,user793@example.com,47.0,0.9,19.44,103928.0,16643.0,,5,premium,month-to-month,bank_transfer,east,1,unpaid
CUST100794,user794@example.com,21.0,7.7,81.1,63340.0,34413.0,746.0,1,basic,one-year,mailed_check,east,0,overdue
CUST100795,user795@example.com,41.0,46.0,88.49,73179.0,24684.0,801.0,0,family,one-year,mailed_check,east,0,paid
CUST100796,user796@example.com,54.0,1.1,49.29,20201.0,9893.0,650.0,1,basic,month-to-month,e_check,west,1,overdue
CUST100797,user797@example.com,55.0,3.3,94.34,50262.0,15941.0,693.0,1,premium,two-year,e_check,south,0,paid
CUST100798,user798@example.com,54.0,18.9,69.34,71457.0,5239.0,728.0,1,premium,two-year,credit_card,west,0,paid
CUST100799,user799@example.com,42.0,97.4,56.36,31505.0,13610.0,659.0,0,standard,two-year,e_check,east,1,overdue
CUST100800,user800@example.com,32.0,27.1,94.08,12000.0,916.0,580.0,1,standard,month-to-month,credit_card,south,1,unpaid
CUST100801,user801@example.com,29.0,70.7,42.86,61710.0,16493.0,617.0,0,standard,month-to-month,e_check,east,0,paid
CUST100802,user802@example.com,46.0,68.6,91.73,54004.0,18946.0,683.0,0,basic,month-to-month,bank_transfer,west,1,overdue
CUST100803,user803@example.com,47.0,120.0,20.44,83827.0,40145.0,682.0,0,basic,month-to-month,mailed_check,north,0,paid
CUST100804,user804@example.com,57.0,47.5,77.14,51802.0,28192.0,507.0,3,premium,one-year,e_check,east,0,paid
CUST100805,user805@example.com,55.0,28.7,71.1,53266.0,8664.0,615.0,4,standard,one-year,e_check,north,0,paid
CUST100806,user806@example.com,40.0,3.7,56.51,68954.0,28613.0,591.0,0,family,month-to-month,credit_card,north,1,unpaid
CUST100807,user807@example.com,27.0,29.7,79.74,75670.0,23354.0,,2,basic,one-year,e_check,north,0,paid
CUST100808,user808@example.com,38.0,19.6,68.01,40825.0,19275.0,594.0,0,standard,month-to-month,e_check,north,1,overdue
CUST100809,user809@example.com,45.0,21.3,96.37,73890.0,41889.0,613.0,1,standard,two-year,credit_card,east,0,paid
CUST100810,user810@example.com,40.0,20.2,84.0,44565.0,15292.0,610.0,0,standard,month-to-month,bank_transfer,west,1,overdue
CUST100811,user811@example.com,35.0,40.3,81.32,55330.0,11493.0,713.0,2,standard,month-to-month,e_check,east,1,overdue
CUST100812,user812@example.com,45.0,50.1,77.3,68415.0,33467.0,728.0,5,basic,two-year,credit_card,west,0,paid
CUST100813,user813@example.com,36.0,0.4,58.2,71903.0,24426.0,689.0,0,basic,one-year,mailed_check,south,0,paid
CUST100814,user814@example.com,34.0,11.2,62.45,,32847.0,739.0,2,basic,month-to-month,e_check,west,0,paid
CUST100815,user815@example.com,46.0,23.0,76.21,33389.0,12065.0,749.0,4,standard,month-to-month,bank_transfer,north,0,paid
CUST100816,user816@example.com,37.0,39.6,65.67,17595.0,9948.0,505.0,0,basic,one-year,mailed_check,east,1,overdue
CUST100817,user817@example.com,45.0,22.5,97.79,51241.0,3056.0,697.0,0,basic,one-year,bank_transfer,north,0,paid
CUST100818,user818@example.com,45.0,82.5,72.34,,33970.0,620.0,2,standard,two-year,credit_card,east,0,paid
CUST100819,user819@example.com,28.0,31.6,79.4,63994.0,15397.0,549.0,2,standard,month-to-month,e_check,south,1,unpaid
CUST100820,user820@example.com,36.0,6.5,34.93,59841.0,24998.0,624.0,1,standard,two-year,e_check,east,0,paid
CUST100821,user821@example.com,59.0,37.8,93.58,54859.0,31176.0,708.0,4,premium,month-to-month,bank_transfer,south,1,overdue
CUST100822,user822@example.com,28.0,24.9,55.47,61182.0,25063.0,766.0,1,standard,month-to-month,credit_card,north,0,paid
CUST100823,user823@example.com,18.0,13.5,43.93,35118.0,16145.0,542.0,1,basic,one-year,credit_card,east,0,paid
CUST100824,user824@example.com,20.0,3.5,111.15,70604.0,9668.0,699.0,0,basic,two-year,e_check,east,1,unpaid
CUST100825,user825@example.com,42.0,2.2,87.44,71926.0,10342.0,807.0,3,basic,month-to-month,mailed_check,west,1,overdue
CUST100826,user826@example.com,42.0,4.6,94.43,47895.0,17500.0,796.0,0,basic,month-to-month,bank_transfer,west,1,overdue
CUST100827,user827@example.com,41.0,12.4,81.36,63740.0,18283.0,374.0,0,family,one-year,credit_card,east,1,overdue
CUST100828,user828@example.com,57.0,27.8,67.67,20669.0,2297.0,,1,basic,one-year,e_check,east,0,paid
CUST100829,user829@example.com,18.0,45.4,63.01,58601.0,26405.0,727.0,1,basic,two-year,credit_card,east,0,paid
CUST100830,user830@example.com,47.0,4.2,89.48,52337.0,22737.0,465.0,2,basic,month-to-month,e_check,west,1,unpaid
CUST100831,user831@example.com,61.0,1.6,98.31,80185.0,8048.0,589.0,1,basic,one-year,e_check,south,0,paid
CUST100832,user832@example.com,28.0,7.6,68.3,51027.0,3917.0,751.0,0,standard,two-year,bank_transfer,south,0,paid
CUST100833,user833@example.com,37.0,35.5,121.81,72373.0,18697.0,679.0,1,premium,month-to-month,mailed_check,south,0,paid
CUST100834,user834@example.com,33.0,3.5,65.07,47177.0,18782.0,604.0,1,basic,month-to-month,bank_transfer,south,1,unpaid
CUST100835,user835@example.com,31.0,33.4,35.15,12000.0,6498.0,655.0,3,standard,one-year,credit_card,east,1,overdue
CUST100836,user836@example.com,38.0,32.9,26.96,50489.0,14590.0,694.0,1,basic,one-year,bank_transfer,north,0,paid
CUST100837,user837@example.com,59.0,39.3,27.81,58935.0,5673.0,604.0,0,premium,two-year,bank_transfer,east,0,paid
CUST100838,user838@example.com,64.0,9.2,59.65,58017.0,29719.0,640.0,1,family,month-to-month,bank_transfer,west,0,paid
CUST100839,user839@example.com,38.0,12.5,64.2,58319.0,6922.0,722.0,2,basic,month-to-month,mailed_check,north,0,paid
CUST100840,user840@example.com,65.0,22.9,87.06,44871.0,17974.0,594.0,3,standard,month-to-month,e_check,north,1,overdue
CUST100841,user841@example.com,42.0,120.0,69.28,48525.0,13461.0,541.0,2,standard,one-year,credit_card,west,1,overdue
CUST100842,user842@example.com,63.0,10.2,91.08,32473.0,17869.0,599.0,3,basic,month-to-month,bank_transfer,south,0,paid
CUST100843,user843@example.com,41.0,22.6,71.12,15068.0,6595.0,579.0,1,basic,one-year,credit_card,west,0,paid
CUST100844,user844@example.com,44.0,65.9,70.34,52871.0,2648.0,602.0,1,basic,month-to-month,credit_card,east,1,unpaid
CUST100845,user845@example.com,46.0,16.7,55.56,40096.0,10225.0,512.0,2,standard,month-to-month,credit_card,west,1,overdue
CUST100846,user846@example.com,80.0,15.3,105.56,76597.0,11426.0,669.0,1,basic,month-to-month,credit_card,south,1,overdue
CUST100847,user847@example.com,52.0,9.8,31.71,12000.0,2471.0,719.0,0,standard,one-year,mailed_check,west,0,paid
CUST100848,user848@example.com,34.0,21.9,77.53,60820.0,16387.0,585.0,1,basic,month-to-month,bank_transfer,west,1,unpaid
CUST100849,user849@example.com,54.0,6.3,65.46,97430.0,33882.0,598.0,0,standard,month-to-month,mailed_check,north,1,unpaid
CUST100850,user850@example.com,38.0,15.1,89.54,51343.0,25112.0,635.0,0,basic,one-year,e_check,north,1,unpaid
CUST100851,user851@example.com,36.0,11.0,69.48,54945.0,5359.0,577.0,2,basic,two-year,bank_transfer,south,0,paid
CUST100852,user852@example.com,53.0,36.7,70.22,63527.0,18588.0,729.0,0,basic,two-year,mailed_check,south,0,paid
CUST100853,user853@example.com,42.0,17.2,63.33,65090.0,33710.0,579.0,0,standard,two-year,mailed_check,north,1,unpaid
CUST100854,user854@example.com,45.0,7.6,104.83,46830.0,13473.0,608.0,2,basic,one-year,e_check,west,1,overdue
CUST100855,user855@example.com,42.0,22.4,70.06,34834.0,11691.0,589.0,5,premium,two-year,credit_card,west,1,overdue
CUST100856,user856@example.com,46.0,15.1,119.24,68054.0,32546.0,731.0,0,standard,one-year,credit_card,south,1,overdue
CUST100857,user857@example.com,47.0,9.3,76.81,16839.0,7444.0,632.0,0,basic,month-to-month,credit_card,west,1,overdue
CUST100858,user858@example.com,19.0,2.6,70.54,71645.0,23678.0,809.0,0,basic,month-to-month,bank_transfer,west,0,paid
CUST100859,user859@example.com,50.0,24.8,66.37,47164.0,27445.0,678.0,2,family,one-year,bank_transfer,south,1,unpaid
CUST100860,user860@example.com,30.0,52.7,84.11,55062.0,3850.0,743.0,0,basic,one-year,bank_transfer,north,0,paid
CUST100861,user861@example.com,25.0,4.0,55.29,44488.0,3558.0,624.0,2,standard,two-year,mailed_check,north,0,paid
CUST100862,user862@example.com,41.0,10.7,73.64,83618.0,23835.0,575.0,2,standard,two-year,credit_card,west,0,paid
CUST100863,user863@example.com,43.0,22.2,70.2,59980.0,8206.0,647.0,3,standard,month-to-month,credit_card,south,1,unpaid
CUST100864,user864@example.com,34.0,3.6,78.13,48565.0,8211.0,,2,standard,two-year,mailed_check,east,0,paid
CUST100865,user865@example.com,52.0,2.4,78.75,48002.0,6362.0,490.0,1,basic,month-to-month,bank_transfer,north,1,overdue
CUST100866,user866@example.com,26.0,0.8,80.05,52037.0,22418.0,731.0,1,standard,month-to-month,mailed_check,north,0,paid
CUST100867,user867@example.com,37.0,0.4,72.37,102939.0,28998.0,653.0,1,premium,month-to-month,credit_card,north,0,paid
CUST100868,user868@example.com,35.0,1.7,109.22,28658.0,14581.0,594.0,1,premium,two-year,mailed_check,east,0,paid
CUST100869,user869@example.com,41.0,7.6,80.56,76658.0,14390.0,680.0,1,basic,two-year,e_check,north,0,paid
CUST100870,user870@example.com,45.0,31.9,135.15,66362.0,26073.0,654.0,0,premium,month-to-month,credit_card,west,1,overdue
CUST100871,user871@example.com,30.0,32.4,71.25,85796.0,14362.0,763.0,2,standard,one-year,bank_transfer,north,0,paid
CUST100872,user872@example.com,51.0,15.9,93.97,67581.0,3917.0,685.0,0,standard,month-to-month,bank_transfer,north,0,paid
CUST100873,user873@example.com,43.0,38.3,51.85,55067.0,23619.0,637.0,1,standard,two-year,e_check,west,0,paid
CUST100874,user874@example.com,19.0,16.8,105.02,75401.0,9805.0,705.0,0,standard,two-year,e_check,east,1,unpaid
CUST100875,user875@example.com,18.0,1.8,52.39,59595.0,25721.0,647.0,2,premium,month-to-month,credit_card,north,1,overdue
CUST100876,user876@example.com,42.0,12.2,81.4,70099.0,30133.0,665.0,2,standard,month-to-month,e_check,north,1,unpaid
CUST100877,user877@example.com,39.0,17.6,63.39,83564.0,34886.0,748.0,2,premium,month-to-month,bank_transfer,south,1,unpaid
CUST100878,user878@example.com,41.0,13.8,81.3,,21352.0,557.0,1,premium,two-year,bank_transfer,south,1,overdue
CUST100879,user879@example.com,42.0,22.9,64.13,46512.0,24963.0,581.0,4,family,one-year,credit_card,north,0,paid
CUST100880,user880@example.com,45.0,7.3,50.27,42124.0,3859.0,616.0,2,premium,month-to-month,credit_card,south,0,paid
CUST100881,user881@example.com,53.0,30.4,63.21,64011.0,36006.0,628.0,1,basic,one-year,mailed_check,south,0,paid
CUST100882,user882@example.com,29.0,28.9,108.54,37437.0,3230.0,743.0,3,standard,month-to-month,credit_card,north,1,overdue
CUST100883,user883@example.com,28.0,5.2,81.68,48004.0,15478.0,537.0,1,standard,one-year,e_check,south,1,overdue
CUST100884,user884@example.com,29.0,49.6,37.78,35649.0,19884.0,648.0,3,standard,one-year,e_check,west,0,paid
CUST100885,user885@example.com,45.0,11.4,97.38,65167.0,12897.0,606.0,0,standard,one-year,e_check,south,0,paid
CUST100886,user886@example.com,57.0,41.5,47.71,39957.0,20412.0,786.0,2,family,month-to-month,credit_card,north,1,overdue
CUST100887,user887@example.com,37.0,17.4,88.58,29265.0,11011.0,721.0,1,standard,two-year,bank_transfer,west,0,paid
CUST100888,user888@example.com,18.0,1.8,83.83,32784.0,17168.0,669.0,1,standard,two-year,e_check,north,0,paid
CUST100889,user889@example.com,22.0,4.0,85.41,43578.0,3343.0,728.0,0,premium,month-to-month,credit_card,east,1,overdue
CUST100890,user890@example.com,32.0,68.0,116.33,45394.0,16150.0,544.0,4,premium,one-year,mailed_check,north,1,overdue
CUST100891,user891@example.com,35.0,14.5,49.28,60029.0,9230.0,812.0,3,basic,month-to-month,bank_transfer,south,1,overdue
CUST100892,user892@example.com,37.0,32.2,85.27,51768.0,3103.0,583.0,0,standard,month-to-month,bank_transfer,east,1,overdue
CUST100893,user893@example.com,42.0,17.8,101.49,62406.0,26768.0,751.0,3,family,month-to-month,credit_card,south,1,overdue
CUST100894,user894@example.com,38.0,9.3,53.92,64012.0,29595.0,694.0,0,premium,month-to-month,mailed_check,east,1,overdue
CUST100895,user895@example.com,55.0,55.0,51.36,69810.0,31761.0,671.0,0,basic,one-year,bank_transfer,south,0,paid
CUST100896,user896@example.com,34.0,10.9,62.82,16844.0,7577.0,747.0,0,basic,month-to-month,bank_transfer,south,0,paid
CUST100897,user897@example.com,32.0,24.7,78.12,32456.0,15902.0,730.0,1,premium,month-to-month,credit_card,south,1,overdue
CUST100898,user898@example.com,48.0,3.7,34.74,66098.0,20376.0,659.0,4,premium,one-year,mailed_check,north,0,paid
CUST100899,user899@example.com,24.0,6.2,83.79,59228.0,14284.0,616.0,3,premium,month-to-month,e_check,north,0,paid
CUST100900,user900@example.com,47.0,81.4,34.79,74539.0,35334.0,660.0,2,basic,two-year,credit_card,east,0,paid
CUST100901,user901@example.com,43.0,43.5,102.33,24120.0,10047.0,,0,premium,one-year,mailed_check,south,1,overdue
CUST100902,user902@example.com,40.0,80.2,82.84,45497.0,7280.0,678.0,3,family,one-year,e_check,west,1,unpaid
CUST100903,user903@example.com,61.0,66.2,117.83,49072.0,14202.0,732.0,1,standard,month-to-month,bank_transfer,west,0,paid
CUST100904,user904@example.com,35.0,30.9,86.72,58331.0,8761.0,687.0,1,standard,month-to-month,mailed_check,east,0,paid
CUST100905,user905@example.com,67.0,38.2,62.38,55718.0,26655.0,665.0,1,basic,two-year,credit_card,east,0,paid
CUST100906,user906@example.com,39.0,55.9,50.03,64382.0,11970.0,598.0,3,basic,month-to-month,e_check,west,0,paid
CUST100907,user907@example.com,27.0,9.2,75.97,52707.0,20687.0,676.0,0,basic,one-year,e_check,north,1,overdue
CUST100908,user908@example.com,43.0,5.7,69.24,82447.0,37468.0,514.0,1,basic,month-to-month,mailed_check,north,1,unpaid
CUST100909,user909@example.com,29.0,1.5,99.65,88824.0,52884.0,586.0,2,basic,one-year,mailed_check,west,1,overdue
CUST100910,user910@example.com,33.0,21.6,46.78,32642.0,9408.0,698.0,2,standard,month-to-month,bank_transfer,west,1,overdue
CUST100911,user911@example.com,47.0,5.3,120.52,55902.0,29620.0,721.0,1,basic,month-to-month,mailed_check,south,1,overdue
CUST100912,user912@example.com,49.0,17.1,101.87,70960.0,29476.0,648.0,1,family,two-year,bank_transfer,east,1,overdue
CUST100913,user913@example.com,35.0,11.6,64.91,66707.0,3645.0,666.0,2,family,two-year,bank_transfer,east,0,paid
CUST100914,user914@example.com,54.0,25.5,114.95,46843.0,12423.0,680.0,2,basic,month-to-month,e_check,south,1,unpaid
CUST100915,user915@example.com,56.0,1.9,50.42,60097.0,16032.0,705.0,0,family,two-year,bank_transfer,south,0,paid
CUST100916,user916@example.com,59.0,26.2,75.14,23331.0,2702.0,634.0,2,standard,month-to-month,e_check,west,1,overdue
CUST100917,user917@example.com,48.0,1.2,38.09,54617.0,15861.0,571.0,0,premium,one-year,bank_transfer,west,0,paid
CUST100918,user918@example.com,58.0,9.3,116.16,25794.0,2942.0,681.0,1,standard,two-year,mailed_check,west,1,unpaid
CUST100919,user919@example.com,19.0,29.0,28.82,65160.0,33196.0,807.0,2,basic,month-to-month,mailed_check,east,0,paid
CUST100920,user920@example.com,38.0,5.3,33.99,32681.0,8139.0,576.0,2,premium,one-year,e_check,north,0,paid
CUST100921,user921@example.com,32.0,45.3,54.13,58261.0,8781.0,640.0,3,standard,one-year,credit_card,east,1,overdue
CUST100922,user922@example.com,43.0,70.4,103.06,61384.0,23387.0,619.0,3,premium,month-to-month,mailed_check,south,0,paid
CUST100923,user923@example.com,35.0,8.3,93.87,56517.0,29483.0,843.0,5,premium,two-year,e_check,west,0,paid
CUST100924,user924@example.com,40.0,26.3,73.05,42361.0,23900.0,573.0,2,premium,one-year,e_check,west,0,paid
CUST100925,user925@example.com,65.0,1.6,95.47,50793.0,27522.0,637.0,0,standard,one-year,bank_transfer,west,0,paid
CUST100926,user926@example.com,40.0,57.8,67.11,78621.0,42073.0,621.0,1,premium,month-to-month,e_check,east,0,overdue
CUST100927,user927@example.com,47.0,6.0,80.56,46508.0,11228.0,550.0,4,premium,month-to-month,credit_card,south,0,paid
CUST100928,user928@example.com,39.0,70.2,111.29,55429.0,18180.0,545.0,3,premium,one-year,mailed_check,south,1,overdue
CUST100929,user929@example.com,43.0,16.3,63.83,43864.0,11151.0,695.0,4,basic,two-year,e_check,east,0,paid
CUST100930,user930@example.com,42.0,5.1,50.84,75409.0,42021.0,707.0,1,family,one-year,e_check,east,0,paid
CUST100931,user931@example.com,47.0,6.4,81.76,56557.0,5715.0,605.0,1,premium,month-to-month,e_check,south,0,paid
CUST100932,user932@example.com,56.0,64.7,88.51,39721.0,14096.0,763.0,2,standard,two-year,mailed_check,west,0,paid
CUST100933,user933@example.com,62.0,16.2,72.76,55143.0,10245.0,470.0,2,family,two-year,bank_transfer,east,1,overdue
CUST100934,user934@example.com,46.0,43.2,95.08,50179.0,25978.0,549.0,2,standard,one-year,bank_transfer,south,1,overdue
CUST100935,user935@example.com,49.0,22.5,64.97,82852.0,19600.0,584.0,2,standard,month-to-month,credit_card,south,0,paid
CUST100936,user936@example.com,28.0,36.1,73.19,54106.0,28407.0,649.0,0,premium,one-year,e_check,north,0,paid
CUST100937,user937@example.com,41.0,6.2,79.36,27345.0,15325.0,614.0,0,standard,month-to-month,bank_transfer,east,0,paid
CUST100938,user938@example.com,53.0,16.7,77.18,64973.0,9394.0,634.0,2,premium,month-to-month,bank_transfer,south,1,unpaid
CUST100939,user939@example.com,52.0,19.9,110.33,90722.0,42171.0,689.0,3,premium,two-year,mailed_check,west,1,overdue
CUST100940,user940@example.com,45.0,14.6,79.24,78939.0,19142.0,767.0,2,premium,two-year,bank_transfer,north,1,overdue
CUST100941,user941@example.com,53.0,15.3,62.4,32941.0,8954.0,714.0,1,standard,one-year,mailed_check,east,1,overdue
CUST100942,user942@example.com,48.0,62.3,83.2,49625.0,9970.0,654.0,3,basic,month-to-month,mailed_check,north,0,paid
CUST100943,user943@example.com,56.0,55.2,95.22,54386.0,21165.0,644.0,2,premium,month-to-month,bank_transfer,east,0,paid
CUST100944,user944@example.com,45.0,22.0,89.36,54629.0,13042.0,738.0,1,basic,month-to-month,e_check,east,1,overdue
CUST100945,user945@example.com,38.0,2.2,87.97,62619.0,28638.0,801.0,1,standard,month-to-month,mailed_check,south,0,paid
CUST100946,user946@example.com,46.0,5.4,32.55,48118.0,23009.0,701.0,0,premium,month-to-month,credit_card,west,0,paid
CUST100947,user947@example.com,18.0,22.6,10.0,36688.0,9807.0,611.0,4,premium,one-year,mailed_check,west,0,paid
CUST100948,user948@example.com,47.0,2.6,101.88,74036.0,3895.0,,0,standard,month-to-month,mailed_check,north,1,overdue
CUST100949,user949@example.com,18.0,6.1,80.97,32529.0,2809.0,696.0,1,premium,month-to-month,mailed_check,south,1,overdue
CUST100950,user950@example.com,21.0,14.9,69.46,38958.0,7815.0,606.0,3,standard,two-year,e_check,east,0,paid
CUST100951,user951@example.com,47.0,15.0,87.36,32404.0,18621.0,719.0,4,standard,one-year,e_check,south,1,overdue
CUST100952,user952@example.com,48.0,15.3,118.18,67244.0,17927.0,671.0,1,standard,one-year,mailed_check,south,1,overdue
CUST100953,user953@example.com,28.0,1.3,105.34,57129.0,26241.0,743.0,2,basic,month-to-month,bank_transfer,north,1,overdue
CUST100954,user954@example.com,33.0,4.1,94.06,72670.0,41047.0,572.0,1,premium,two-year,e_check,south,1,overdue
CUST100955,user955@example.com,58.0,45.7,47.83,39296.0,9349.0,511.0,0,basic,one-year,mailed_check,north,0,paid
CUST100956,user956@example.com,36.0,12.2,51.08,29940.0,10740.0,619.0,0,family,month-to-month,credit_card,west,1,overdue
CUST100957,user957@example.com,69.0,89.7,10.34,46122.0,23927.0,652.0,2,basic,one-year,bank_transfer,north,0,paid
CUST100958,user958@example.com,42.0,3.4,85.84,51350.0,19931.0,506.0,1,family,month-to-month,e_check,north,0,paid
CUST100959,user959@example.com,47.0,28.5,97.72,59182.0,6612.0,601.0,1,basic,two-year,credit_card,south,0,paid
CUST100960,user960@example.com,61.0,10.2,99.75,21352.0,10105.0,753.0,2,standard,month-to-month,mailed_check,south,1,overdue
CUST100961,user961@example.com,44.0,10.8,86.89,64575.0,35339.0,693.0,2,standard,one-year,bank_transfer,north,0,paid
CUST100962,user962@example.com,30.0,55.7,66.15,37115.0,17549.0,661.0,2,standard,two-year,e_check,east,1,overdue
CUST100963,user963@example.com,41.0,111.1,55.89,42052.0,19508.0,566.0,0,premium,month-to-month,mailed_check,east,0,paid
CUST100964,user964@example.com,42.0,54.5,49.37,78474.0,36540.0,750.0,2,standard,two-year,mailed_check,east,0,overdue
CUST100965,user965@example.com,26.0,72.1,65.91,12000.0,4643.0,617.0,4,standard,month-to-month,e_check,north,1,overdue
CUST100966,user966@example.com,39.0,28.7,45.55,61450.0,11448.0,658.0,1,premium,two-year,bank_transfer,north,0,paid
CUST100967,user967@example.com,33.0,57.3,113.9,61375.0,33815.0,683.0,1,standard,one-year,e_check,east,0,paid
CUST100968,user968@example.com,53.0,2.2,37.44,38624.0,4670.0,664.0,0,standard,month-to-month,e_check,west,0,paid
CUST100969,user969@example.com,42.0,18.3,65.07,46060.0,23261.0,769.0,1,premium,month-to-month,bank_transfer,east,1,overdue
CUST100970,user970@example.com,39.0,17.1,21.59,,19669.0,696.0,2,standard,month-to-month,e_check,east,1,unpaid
CUST100971,user971@example.com,41.0,7.1,77.41,94258.0,39645.0,677.0,1,basic,one-year,e_check,south,0,paid
CUST100972,user972@example.com,45.0,7.9,69.94,76295.0,37598.0,643.0,0,premium,month-to-month,e_check,north,1,unpaid
CUST100973,user973@example.com,49.0,18.9,61.08,92717.0,45360.0,685.0,2,standard,month-to-month,credit_card,south,1,overdue
CUST100974,user974@example.com,30.0,1.0,46.68,41173.0,5708.0,633.0,0,basic,month-to-month,e_check,north,1,unpaid
CUST100975,user975@example.com,30.0,23.0,70.06,23398.0,9032.0,665.0,1,basic,month-to-month,credit_card,south,0,paid
CUST100976,user976@example.com,55.0,1.9,56.39,53948.0,9064.0,623.0,0,basic,month-to-month,bank_transfer,south,1,overdue
CUST100977,user977@example.com,37.0,5.9,66.58,71097.0,7939.0,610.0,2,premium,month-to-month,mailed_check,north,1,overdue
CUST100978,user978@example.com,25.0,19.1,118.94,17905.0,5953.0,577.0,0,standard,month-to-month,credit_card,west,1,overdue
CUST100979,user979@example.com,47.0,6.5,74.3,36471.0,21632.0,628.0,1,basic,one-year,e_check,south,1,overdue
CUST100980,user980@example.com,48.0,103.5,83.32,38692.0,22825.0,623.0,0,premium,month-to-month,bank_transfer,east,0,paid
CUST100981,user981@example.com,24.0,19.4,58.39,62131.0,22701.0,796.0,1,standard,month-to-month,mailed_check,east,0,paid
CUST100982,user982@example.com,45.0,22.6,50.39,59552.0,28269.0,729.0,2,standard,month-to-month,credit_card,west,1,overdue
CUST100983,user983@example.com,51.0,0.6,69.43,39497.0,7399.0,639.0,2,premium,month-to-month,credit_card,east,1,overdue
CUST100984,user984@example.com,46.0,65.9,132.6,58596.0,10161.0,616.0,2,premium,month-to-month,bank_transfer,south,1,unpaid
CUST100985,user985@example.com,50.0,15.4,62.81,32104.0,14080.0,699.0,3,standard,one-year,e_check,west,0,paid
CUST100986,user986@example.com,25.0,5.7,79.04,46472.0,22413.0,805.0,2,premium,one-year,credit_card,west,0,paid
CUST100987,user987@example.com,46.0,8.9,49.29,29704.0,13605.0,,2,basic,month-to-month,credit_card,east,0,paid
CUST100988,user988@example.com,38.0,43.1,10.0,51995.0,5588.0,512.0,0,standard,month-to-month,bank_transfer,north,0,paid
CUST100989,user989@example.com,36.0,79.3,50.25,38990.0,9590.0,719.0,1,standard,two-year,credit_card,east,0,paid
CUST100990,user990@example.com,52.0,18.3,129.52,68808.0,5112.0,733.0,1,basic,month-to-month,bank_transfer,west,1,unpaid
CUST100991,user991@example.com,60.0,5.9,84.88,54476.0,26279.0,826.0,0,standard,two-year,credit_card,south,0,paid
CUST100992,user992@example.com,64.0,3.7,111.02,50465.0,11176.0,630.0,0,standard,month-to-month,mailed_check,west,1,overdue
CUST100993,user993@example.com,58.0,0.2,61.31,90362.0,25876.0,661.0,0,basic,one-year,credit_card,south,0,paid
CUST100994,user994@example.com,41.0,12.5,11.08,62666.0,23085.0,686.0,3,family,month-to-month,credit_card,east,0,paid
CUST100995,user995@example.com,46.0,70.6,42.28,47637.0,2396.0,589.0,2,basic,one-year,mailed_check,west,0,overdue
CUST100996,user996@example.com,51.0,30.3,79.93,43325.0,10605.0,582.0,2,premium,month-to-month,mailed_check,south,1,overdue
CUST100997,user997@example.com,43.0,6.2,75.94,31377.0,14120.0,682.0,1,premium,one-year,e_check,west,1,overdue
CUST100998,user998@example.com,44.0,22.0,69.74,53682.0,11130.0,527.0,0,basic,two-year,credit_card,west,0,paid
CUST100999,user999@example.com,52.0,12.9,56.74,61152.0,22245.0,545.0,3,basic,month-to-month,mailed_check,east,1,overdue
CUST101000,user1000@example.com,41.0,16.3,93.49,16712.0,9818.0,,4,standard,one-year,credit_card,north,1,unpaid
CUST101001,user1001@example.com,33.0,25.9,57.47,27720.0,3187.0,690.0,2,basic,month-to-month,credit_card,north,0,paid
CUST101002,user1002@example.com,37.0,4.5,77.7,44678.0,8825.0,750.0,0,premium,month-to-month,credit_card,south,0,paid
CUST101003,user1003@example.com,50.0,34.9,74.88,33036.0,14079.0,687.0,0,standard,month-to-month,mailed_check,north,0,paid
CUST101004,user1004@example.com,42.0,85.5,60.79,55865.0,21179.0,651.0,2,basic,one-year,e_check,south,0,paid
CUST101005,user1005@example.com,46.0,0.6,47.97,58643.0,34476.0,753.0,3,standard,two-year,credit_card,west,0,paid
CUST101006,user1006@example.com,50.0,28.5,59.32,52554.0,3628.0,616.0,2,basic,one-year,e_check,west,0,paid
CUST101007,user1007@example.com,38.0,24.1,116.84,66003.0,35173.0,623.0,1,standard,one-year,credit_card,west,0,paid
CUST101008,user1008@example.com,51.0,2.3,97.81,43302.0,13800.0,645.0,3,standard,month-to-month,e_check,east,1,unpaid
CUST101009,user1009@example.com,47.0,20.7,95.51,54082.0,9453.0,686.0,2,standard,month-to-month,mailed_check,south,0,paid
CUST101010,user1010@example.com,27.0,9.2,50.34,34934.0,11418.0,645.0,2,premium,one-year,mailed_check,south,0,overdue
CUST101011,user1011@example.com,59.0,42.4,34.06,60692.0,16794.0,531.0,1,standard,month-to-month,credit_card,south,1,unpaid
CUST101012,user1012@example.com,36.0,36.3,97.41,56518.0,8401.0,629.0,1,premium,two-year,bank_transfer,south,0,paid
CUST101013,user1013@example.com,22.0,90.5,92.62,31029.0,5296.0,647.0,1,premium,two-year,mailed_check,north,0,paid
CUST101014,user1014@example.com,29.0,20.2,73.43,51899.0,10820.0,659.0,1,family,month-to-month,mailed_check,north,0,overdue
CUST101015,user1015@example.com,30.0,1.2,60.74,54244.0,19186.0,614.0,1,basic,month-to-month,mailed_check,east,1,overdue
CUST101016,user1016@example.com,43.0,1.2,33.4,60620.0,5802.0,690.0,0,standard,month-to-month,credit_card,east,0,paid
CUST101017,user1017@example.com,39.0,2.3,91.69,61362.0,6067.0,521.0,1,premium,month-to-month,credit_card,east,1,overdue
CUST101018,user1018@example.com,38.0,11.2,99.65,40576.0,9432.0,683.0,3,premium,month-to-month,bank_transfer,north,0,paid
CUST101019,user1019@example.com,49.0,46.4,53.02,70273.0,30851.0,793.0,0,premium,month-to-month,mailed_check,north,0,paid
CUST101020,user1020@example.com,46.0,12.7,50.94,65461.0,38496.0,601.0,1,standard,one-year,credit_card,west,1,overdue
CUST101021,user1021@example.com,46.0,1.4,101.03,40508.0,2293.0,655.0,0,standard,month-to-month,e_check,south,1,unpaid
CUST101022,user1022@example.com,47.0,47.8,53.95,32146.0,18799.0,630.0,1,basic,two-year,bank_transfer,south,0,paid
CUST101023,user1023@example.com,49.0,51.4,114.48,42037.0,17963.0,632.0,1,basic,one-year,e_check,south,1,overdue
CUST101024,user1024@example.com,18.0,2.1,67.27,25567.0,13948.0,568.0,1,standard,one-year,e_check,north,1,unpaid
CUST101025,user1025@example.com,38.0,19.0,60.34,59160.0,20409.0,809.0,1,basic,month-to-month,mailed_check,west,0,paid
CUST101026,user1026@example.com,18.0,10.9,71.13,78671.0,23965.0,681.0,0,basic,month-to-month,mailed_check,west,0,paid
CUST101027,user1027@example.com,42.0,23.4,60.33,83431.0,40200.0,596.0,2,basic,month-to-month,e_check,east,1,unpaid
CUST101028,user1028@example.com,42.0,65.7,98.16,33213.0,11728.0,587.0,3,premium,two-year,bank_transfer,west,1,overdue
CUST101029,user1029@example.com,55.0,7.6,92.15,70736.0,38449.0,655.0,2,premium,two-year,mailed_check,west,0,paid
CUST101030,user1030@example.com,56.0,59.0,97.2,56690.0,30680.0,477.0,1,standard,month-to-month,bank_transfer,east,1,unpaid
CUST101031,user1031@example.com,44.0,20.7,74.61,12000.0,4101.0,,0,premium,month-to-month,mailed_check,south,0,paid
CUST101032,user1032@example.com,36.0,21.9,58.59,48352.0,17676.0,609.0,4,family,month-to-month,credit_card,north,0,paid
CUST101033,user1033@example.com,48.0,20.3,69.77,46126.0,13882.0,681.0,0,basic,month-to-month,bank_transfer,north,0,paid
CUST101034,user1034@example.com,36.0,22.5,59.36,,33998.0,685.0,2,premium,two-year,credit_card,south,0,paid
CUST101035,user1035@example.com,42.0,7.3,106.66,37581.0,15983.0,727.0,2,basic,one-year,e_check,west,0,paid
CUST101036,user1036@example.com,54.0,11.7,95.06,66261.0,27023.0,689.0,1,basic,month-to-month,e_check,south,1,overdue
CUST101037,user1037@example.com,35.0,48.9,67.71,52858.0,4456.0,709.0,2,standard,month-to-month,bank_transfer,south,1,overdue
CUST101038,user1038@example.com,52.0,8.6,46.84,26084.0,15128.0,732.0,2,standard,month-to-month,bank_transfer,west,1,unpaid
CUST101039,user1039@example.com,50.0,71.0,108.52,43956.0,10311.0,624.0,0,standard,month-to-month,credit_card,east,1,overdue
CUST101040,user1040@example.com,31.0,10.8,73.42,85633.0,15878.0,822.0,3,basic,one-year,e_check,west,1,overdue
CUST101041,user1041@example.com,54.0,19.7,66.75,51533.0,8558.0,678.0,1,standard,one-year,bank_transfer,east,0,paid
CUST101042,user1042@example.com,50.0,33.2,108.74,73117.0,6442.0,,2,premium,two-year,e_check,east,0,paid
CUST101043,user1043@example.com,43.0,69.5,57.25,72021.0,21705.0,583.0,2,premium,one-year,credit_card,east,1,overdue
CUST101044,user1044@example.com,33.0,2.2,62.03,46035.0,3354.0,633.0,1,basic,two-year,credit_card,east,0,paid
CUST101045,user1045@example.com,32.0,46.2,64.23,29332.0,4062.0,682.0,3,family,one-year,e_check,west,0,paid
CUST101046,user1046@example.com,36.0,25.5,37.09,31964.0,1691.0,658.0,1,standard,two-year,bank_transfer,east,0,paid
CUST101047,user1047@example.com,49.0,15.0,77.89,84033.0,12275.0,796.0,1,premium,month-to-month,credit_card,north,0,paid
CUST101048,user1048@example.com,31.0,16.2,50.94,58035.0,34669.0,619.0,1,basic,month-to-month,mailed_check,north,1,unpaid
CUST101049,user1049@example.com,47.0,3.1,55.73,20324.0,7069.0,704.0,2,family,two-year,credit_card,north,0,paid
CUST101050,user1050@example.com,27.0,6.0,52.39,71679.0,6231.0,,3,basic,month-to-month,e_check,south,1,unpaid
CUST101051,user1051@example.com,40.0,5.4,55.32,19263.0,6940.0,825.0,0,standard,month-to-month,mailed_check,south,0,paid
CUST101052,user1052@example.com,43.0,8.8,49.03,38478.0,14638.0,555.0,1,premium,one-year,bank_transfer,north,0,paid
CUST101053,user1053@example.com,71.0,27.3,76.18,56626.0,19890.0,816.0,0,standard,one-year,mailed_check,east,0,paid
CUST101054,user1054@example.com,25.0,28.8,66.11,105408.0,24749.0,639.0,2,standard,month-to-month,credit_card,west,0,paid
CUST101055,user1055@example.com,60.0,36.3,71.2,71320.0,29347.0,471.0,1,standard,one-year,e_check,west,0,paid
CUST101056,user1056@example.com,44.0,45.4,128.84,45352.0,5825.0,758.0,1,standard,month-to-month,mailed_check,west,1,overdue
CUST101057,user1057@example.com,47.0,14.0,66.11,55566.0,9488.0,657.0,0,basic,month-to-month,mailed_check,west,0,paid
CUST101058,user1058@example.com,43.0,81.3,85.12,73394.0,43823.0,614.0,1,standard,two-year,bank_transfer,west,0,paid
CUST101059,user1059@example.com,47.0,0.2,87.97,83437.0,23243.0,701.0,1,standard,month-to-month,bank_transfer,east,1,overdue
CUST101060,user1060@example.com,40.0,30.3,68.43,50047.0,6570.0,703.0,0,basic,month-to-month,e_check,south,0,paid
CUST101061,user1061@example.com,59.0,24.0,76.84,50628.0,8575.0,683.0,1,basic,month-to-month,bank_transfer,west,0,paid
CUST101062,user1062@example.com,37.0,2.9,70.52,38399.0,17213.0,741.0,0,basic,two-year,bank_transfer,east,0,paid
CUST101063,user1063@example.com,56.0,53.3,75.06,68303.0,7782.0,670.0,0,standard,month-to-month,bank_transfer,east,1,overdue
CUST101064,user1064@example.com,34.0,44.2,55.34,75519.0,18479.0,702.0,2,basic,month-to-month,credit_card,west,0,paid
CUST101065,user1065@example.com,41.0,66.2,57.64,16226.0,3742.0,,0,basic,month-to-month,credit_card,north,0,paid
CUST101066,user1066@example.com,29.0,4.4,70.42,47064.0,8255.0,711.0,0,standard,month-to-month,mailed_check,north,0,paid
CUST101067,user1067@example.com,47.0,5.2,20.7,30731.0,9596.0,609.0,1,premium,month-to-month,bank_transfer,east,0,paid
CUST101068,user1068@example.com,59.0,14.8,107.4,58018.0,6415.0,560.0,1,basic,month-to-month,e_check,east,1,overdue
CUST101069,user1069@example.com,41.0,3.0,124.02,30241.0,9106.0,633.0,2,basic,month-to-month,e_check,east,0,paid
CUST101070,user1070@example.com,40.0,14.4,74.26,28597.0,1943.0,628.0,1,standard,two-year,credit_card,north,0,paid
CUST101071,user1071@example.com,29.0,29.4,86.64,77470.0,45219.0,724.0,1,standard,month-to-month,e_check,east,1,overdue
CUST101072,user1072@example.com,39.0,8.5,97.03,51688.0,19780.0,534.0,1,family,one-year,mailed_check,south,0,paid
CUST101073,user1073@example.com,23.0,29.3,36.88,53802.0,4911.0,737.0,1,premium,two-year,e_check,west,0,paid
CUST101074,user1074@example.com,31.0,7.3,93.21,63634.0,9857.0,600.0,3,standard,two-year,e_check,north,0,paid
CUST101075,user1075@example.com,45.0,8.8,59.34,74416.0,33863.0,453.0,2,basic,two-year,bank_transfer,north,1,overdue
CUST101076,user1076@example.com,58.0,75.0,127.27,46628.0,21095.0,553.0,0,basic,one-year,mailed_check,east,1,overdue
CUST101077,user1077@example.com,76.0,0.1,65.29,47074.0,11803.0,625.0,3,premium,month-to-month,e_check,north,1,overdue
CUST101078,user1078@example.com,35.0,34.1,723.4251731933322,47159.0,6208.0,686.0,0,standard,month-to-month,e_check,south,0,paid
CUST101079,user1079@example.com,59.0,18.2,65.54,76630.0,26419.0,639.0,0,basic,month-to-month,mailed_check,east,0,paid
CUST101080,user1080@example.com,45.0,16.1,124.92,53637.0,10836.0,553.0,2,standard,one-year,credit_card,south,0,paid
CUST101081,user1081@example.com,40.0,6.8,57.19,49178.0,5077.0,588.0,2,standard,month-to-month,mailed_check,north,0,paid
CUST101082,user1082@example.com,47.0,23.9,99.13,62818.0,15095.0,555.0,0,basic,month-to-month,e_check,north,1,overdue
CUST101083,user1083@example.com,43.0,9.9,85.67,,42428.0,671.0,3,basic,two-year,bank_transfer,north,0,paid
CUST101084,user1084@example.com,43.0,8.8,80.11,56486.0,13826.0,643.0,0,standard,month-to-month,mailed_check,north,0,paid
CUST101085,user1085@example.com,37.0,8.9,75.73,49611.0,3593.0,699.0,3,standard,two-year,bank_transfer,west,0,paid
CUST101086,user1086@example.com,25.0,7.7,53.32,93860.0,10908.0,508.0,1,standard,one-year,e_check,south,1,overdue
CUST101087,user1087@example.com,23.0,1.2,10.0,81596.0,30843.0,607.0,1,family,one-year,mailed_check,west,0,paid
CUST101088,user1088@example.com,50.0,97.9,96.86,78697.0,26535.0,812.0,1,basic,month-to-month,e_check,south,0,paid
CUST101089,user1089@example.com,39.0,8.8,57.78,44986.0,18947.0,701.0,1,standard,month-to-month,credit_card,south,0,paid
CUST101090,user1090@example.com,35.0,18.2,99.24,43003.0,15673.0,626.0,2,standard,one-year,e_check,north,1,overdue
CUST101091,user1091@example.com,42.0,22.3,78.79,18317.0,5925.0,571.0,5,standard,two-year,credit_card,north,0,paid
CUST101092,user1092@example.com,52.0,2.2,100.01,74298.0,23130.0,739.0,0,premium,one-year,credit_card,north,1,unpaid
CUST101093,user1093@example.com,44.0,78.3,90.05,56540.0,32728.0,773.0,1,basic,one-year,bank_transfer,west,0,paid
CUST101094,user1094@example.com,34.0,11.5,10.0,18982.0,9952.0,558.0,5,premium,month-to-month,bank_transfer,west,0,overdue
CUST101095,user1095@example.com,57.0,4.7,85.37,79037.0,20596.0,566.0,0,basic,one-year,e_check,west,0,paid
CUST101096,user1096@example.com,61.0,5.0,61.41,48253.0,19755.0,672.0,2,basic,one-year,e_check,south,0,paid
CUST101097,user1097@example.com,48.0,11.7,99.13,50718.0,3106.0,680.0,0,premium,month-to-month,credit_card,south,1,overdue
CUST101098,user1098@example.com,54.0,15.2,84.78,24741.0,1522.0,689.0,1,basic,month-to-month,mailed_check,north,0,paid
CUST101099,user1099@example.com,57.0,10.4,85.07,64844.0,14604.0,797.0,2,premium,month-to-month,credit_card,west,1,overdue
CUST101100,user1100@example.com,56.0,2.8,63.19,65035.0,30249.0,572.0,1,premium,one-year,mailed_check,west,0,paid
CUST101101,user1101@example.com,49.0,1.1,47.18,54040.0,30209.0,653.0,0,standard,two-year,bank_transfer,north,0,paid
CUST101102,user1102@example.com,49.0,34.5,59.18,46635.0,19850.0,708.0,3,basic,two-year,mailed_check,north,0,paid
CUST101103,user1103@example.com,48.0,39.9,25.0,107529.0,47153.0,707.0,3,standard,month-to-month,e_check,south,1,unpaid
CUST101104,user1104@example.com,29.0,3.3,55.24,30933.0,2093.0,598.0,0,premium,one-year,mailed_check,west,1,overdue
CUST101105,user1105@example.com,50.0,23.8,33.4,40571.0,22784.0,601.0,1,basic,one-year,e_check,north,1,overdue
CUST101106,user1106@example.com,26.0,32.2,34.06,69165.0,6760.0,613.0,3,standard,one-year,e_check,south,0,paid
CUST101107,user1107@example.com,32.0,48.5,72.91,34711.0,19813.0,786.0,3,basic,month-to-month,mailed_check,west,0,paid
CUST101108,user1108@example.com,58.0,53.0,83.35,33236.0,4252.0,572.0,0,basic,month-to-month,bank_transfer,south,0,paid
CUST101109,user1109@example.com,52.0,15.4,69.21,77630.0,5307.0,624.0,3,standard,month-to-month,credit_card,south,1,unpaid
CUST101110,user1110@example.com,60.0,13.9,57.53,67104.0,24156.0,712.0,0,basic,two-year,e_check,west,0,paid
CUST101111,user1111@example.com,39.0,33.2,46.31,64683.0,7277.0,563.0,0,premium,two-year,e_check,north,1,overdue
CUST101112,user1112@example.com,28.0,20.8,62.07,58636.0,3861.0,671.0,2,standard,one-year,e_check,north,0,paid
CUST101113,user1113@example.com,39.0,5.4,49.44,41157.0,17175.0,498.0,0,premium,month-to-month,credit_card,north,1,unpaid
CUST101114,user1114@example.com,43.0,0.2,68.43,49947.0,22778.0,665.0,0,standard,one-year,mailed_check,west,0,paid
CUST101115,user1115@example.com,43.0,55.7,31.96,53419.0,11278.0,654.0,1,family,two-year,e_check,north,0,paid
CUST101116,user1116@example.com,56.0,9.0,87.53,71924.0,24701.0,663.0,1,basic,month-to-month,credit_card,east,0,paid
CUST101117,user1117@example.com,38.0,7.9,55.82,63517.0,23649.0,580.0,1,premium,two-year,bank_transfer,north,0,paid
CUST101118,user1118@example.com,46.0,58.2,79.41,36443.0,5046.0,668.0,2,basic,month-to-month,mailed_check,east,0,paid
CUST101119,user1119@example.com,30.0,15.4,92.18,70791.0,20673.0,647.0,1,premium,two-year,bank_transfer,south,1,unpaid
CUST101120,user1120@example.com,47.0,3.8,78.2,21430.0,8579.0,754.0,0,premium,two-year,e_check,south,1,unpaid
CUST101121,user1121@example.com,42.0,40.7,89.98,48592.0,26100.0,701.0,2,premium,two-year,bank_transfer,north,0,paid
CUST101122,user1122@example.com,33.0,2.1,18.33,32159.0,9017.0,,3,basic,month-to-month,e_check,east,1,overdue
CUST101123,user1123@example.com,39.0,90.1,57.68,37858.0,16454.0,583.0,2,basic,two-year,mailed_check,west,0,paid
CUST101124,user1124@example.com,40.0,18.7,97.58,93532.0,30484.0,601.0,0,premium,month-to-month,e_check,east,1,overdue
CUST101125,user1125@example.com,39.0,34.5,82.73,25587.0,11230.0,664.0,2,standard,month-to-month,bank_transfer,east,1,overdue
CUST101126,user1126@example.com,63.0,27.8,116.21,38616.0,18688.0,636.0,0,standard,month-to-month,e_check,east,1,overdue
CUST101127,user1127@example.com,41.0,16.9,112.61,65208.0,22288.0,636.0,5,standard,two-year,mailed_check,west,1,overdue
CUST101128,user1128@example.com,39.0,14.7,77.49,45600.0,3812.0,850.0,1,basic,month-to-month,mailed_check,south,0,paid
CUST101129,user1129@example.com,18.0,20.4,63.7,58111.0,30884.0,609.0,1,standard,month-to-month,e_check,west,1,unpaid
CUST101130,user1130@example.com,31.0,7.3,46.04,83591.0,31810.0,761.0,1,standard,one-year,bank_transfer,north,0,paid
CUST101131,user1131@example.com,39.0,26.3,58.1,68093.0,25899.0,638.0,1,family,two-year,e_check,east,0,overdue
CUST101132,user1132@example.com,34.0,4.8,59.79,45626.0,15066.0,476.0,1,standard,month-to-month,mailed_check,west,0,paid
CUST101133,user1133@example.com,59.0,5.5,55.17,52326.0,7623.0,665.0,1,family,month-to-month,e_check,north,0,paid
CUST101134,user1134@example.com,40.0,25.7,47.04,65612.0,20825.0,740.0,0,basic,month-to-month,e_check,north,0,paid
CUST101135,user1135@example.com,57.0,48.3,80.04,67700.0,23374.0,701.0,1,standard,one-year,bank_transfer,south,0,paid
CUST101136,user1136@example.com,43.0,42.5,112.42,,14467.0,670.0,1,premium,one-year,e_check,east,1,overdue
CUST101137,user1137@example.com,42.0,3.5,93.33,62212.0,8212.0,652.0,1,standard,month-to-month,e_check,west,1,overdue
CUST101138,user1138@example.com,41.0,9.6,61.94,62232.0,29201.0,610.0,2,standard,month-to-month,e_check,south,1,unpaid
CUST101139,user1139@example.com,42.0,79.8,95.35,53155.0,16006.0,722.0,0,basic,month-to-month,credit_card,west,1,overdue
CUST101140,user1140@example.com,63.0,33.5,78.67,42895.0,18675.0,615.0,1,basic,month-to-month,mailed_check,south,1,unpaid
CUST101141,user1141@example.com,18.0,49.4,68.98,69852.0,5297.0,,2,standard,month-to-month,mailed_check,east,1,overdue
CUST101142,user1142@example.com,18.0,19.4,67.42,60836.0,19918.0,683.0,2,standard,month-to-month,mailed_check,north,1,overdue
CUST101143,user1143@example.com,35.0,60.2,65.0,13380.0,1212.0,626.0,2,premium,two-year,bank_transfer,east,0,paid
CUST101144,user1144@example.com,42.0,4.1,86.28,38483.0,17450.0,752.0,4,premium,month-to-month,credit_card,west,1,overdue
CUST101145,user1145@example.com,50.0,11.3,73.49,45387.0,16772.0,687.0,0,standard,month-to-month,mailed_check,south,0,paid
CUST101146,user1146@example.com,48.0,44.7,51.79,50977.0,15205.0,588.0,2,standard,two-year,e_check,west,0,paid
CUST101147,user1147@example.com,37.0,9.8,50.58,79079.0,46266.0,558.0,1,standard,month-to-month,bank_transfer,west,0,overdue
CUST101148,user1148@example.com,54.0,15.9,77.65,119047.0,27298.0,604.0,4,standard,month-to-month,credit_card,east,0,paid
CUST101149,user1149@example.com,54.0,10.1,80.72,12000.0,3391.0,837.0,2,standard,month-to-month,mailed_check,west,0,paid
CUST101150,user1150@example.com,44.0,7.4,62.17,61088.0,27834.0,631.0,4,standard,month-to-month,e_check,west,1,unpaid
CUST101151,user1151@example.com,54.0,45.5,41.7,56392.0,19104.0,711.0,5,basic,two-year,bank_transfer,east,0,paid
CUST101152,user1152@example.com,45.0,13.8,101.27,51390.0,21182.0,546.0,4,family,two-year,bank_transfer,west,0,paid
CUST101153,user1153@example.com,35.0,21.2,95.97,65859.0,38656.0,563.0,1,basic,month-to-month,bank_transfer,west,1,overdue
CUST101154,user1154@example.com,50.0,27.1,20.32,57996.0,25090.0,635.0,0,basic,month-to-month,e_check,south,0,paid
CUST101155,user1155@example.com,43.0,8.3,103.49,47771.0,6348.0,786.0,5,family,month-to-month,mailed_check,west,1,overdue
CUST101156,user1156@example.com,42.0,8.6,64.78,55585.0,9179.0,547.0,0,standard,month-to-month,bank_transfer,south,1,overdue
CUST101157,user1157@example.com,60.0,42.7,74.75,66131.0,34945.0,600.0,3,premium,month-to-month,mailed_check,west,1,unpaid
CUST101158,user1158@example.com,18.0,26.5,98.46,64229.0,4906.0,,0,standard,month-to-month,e_check,north,1,overdue
CUST101159,user1159@example.com,25.0,20.1,111.31,58773.0,19398.0,777.0,0,standard,one-year,bank_transfer,east,0,paid
CUST101160,user1160@example.com,28.0,1.1,95.07,43331.0,23757.0,685.0,2,premium,month-to-month,mailed_check,east,1,overdue
CUST101161,user1161@example.com,38.0,22.9,76.03,111383.0,53121.0,704.0,0,standard,one-year,credit_card,south,0,paid
CUST101162,user1162@example.com,39.0,7.8,35.61,62190.0,7066.0,578.0,1,family,two-year,credit_card,west,0,paid
CUST101163,user1163@example.com,24.0,50.1,19.34,70249.0,32122.0,544.0,4,standard,two-year,bank_transfer,south,0,paid
CUST101164,user1164@example.com,30.0,5.6,91.95,44844.0,11666.0,558.0,0,standard,month-to-month,credit_card,east,0,paid
CUST101165,user1165@example.com,32.0,43.6,103.55,58791.0,32083.0,580.0,2,premium,month-to-month,mailed_check,south,0,paid
CUST101166,user1166@example.com,71.0,36.8,49.63,58632.0,21403.0,668.0,2,standard,two-year,e_check,east,0,paid
CUST101167,user1167@example.com,64.0,44.6,63.26,16761.0,5897.0,,2,basic,two-year,bank_transfer,east,1,unpaid
CUST101168,user1168@example.com,37.0,65.6,56.07,40667.0,2228.0,670.0,0,basic,one-year,bank_transfer,east,0,paid
CUST101169,user1169@example.com,38.0,17.5,55.4,40297.0,7548.0,625.0,1,standard,month-to-month,e_check,east,0,paid
CUST101170,user1170@example.com,28.0,42.1,96.87,42991.0,11909.0,605.0,0,standard,month-to-month,e_check,west,1,overdue
CUST101171,user1171@example.com,19.0,51.0,75.46,33603.0,15059.0,721.0,2,family,month-to-month,bank_transfer,north,1,overdue
CUST101172,user1172@example.com,41.0,40.1,64.27,55877.0,18776.0,573.0,2,premium,month-to-month,e_check,north,0,paid
CUST101173,user1173@example.com,30.0,9.2,136.44,82947.0,43041.0,765.0,0,standard,month-to-month,credit_card,south,1,overdue
CUST101174,user1174@example.com,41.0,11.8,34.14,57610.0,3969.0,716.0,0,basic,one-year,mailed_check,west,1,overdue
CUST101175,user1175@example.com,23.0,63.6,83.7,31375.0,7141.0,571.0,2,premium,one-year,e_check,south,1,overdue
CUST101176,user1176@example.com,33.0,23.4,43.78,34382.0,13020.0,746.0,3,standard,one-year,bank_transfer,south,0,paid
CUST101177,user1177@example.com,44.0,50.2,66.06,47459.0,19568.0,561.0,1,premium,two-year,bank_transfer,east,0,paid
CUST101178,user1178@example.com,46.0,5.2,73.72,26688.0,8709.0,753.0,4,standard,one-year,credit_card,west,0,paid
CUST101179,user1179@example.com,47.0,15.8,91.11,61089.0,16456.0,677.0,2,standard,month-to-month,bank_transfer,north,1,overdue
CUST101180,user1180@example.com,26.0,23.6,63.47,82062.0,7333.0,524.0,3,standard,two-year,mailed_check,east,1,overdue
CUST101181,user1181@example.com,52.0,41.5,60.83,43482.0,18825.0,546.0,1,standard,month-to-month,mailed_check,east,0,paid
CUST101182,user1182@example.com,32.0,16.8,63.02,56523.0,30921.0,618.0,1,standard,month-to-month,e_check,south,1,unpaid
CUST101183,user1183@example.com,50.0,20.0,43.0,46421.0,22972.0,719.0,1,basic,month-to-month,credit_card,west,1,overdue
CUST101184,user1184@example.com,42.0,21.9,85.81,42407.0,18476.0,636.0,2,basic,two-year,credit_card,east,0,paid
CUST101185,user1185@example.com,25.0,14.7,77.03,58792.0,23445.0,634.0,1,basic,month-to-month,bank_transfer,north,1,unpaid
CUST101186,user1186@example.com,38.0,21.3,80.88,41734.0,19808.0,653.0,4,standard,month-to-month,credit_card,south,1,overdue
CUST101187,user1187@example.com,46.0,10.1,68.26,38832.0,18531.0,490.0,2,basic,one-year,credit_card,west,1,overdue
CUST101188,user1188@example.com,49.0,24.3,65.18,22614.0,1217.0,716.0,1,standard,two-year,credit_card,west,0,paid
CUST101189,user1189@example.com,40.0,29.4,99.39,56292.0,13894.0,757.0,4,standard,two-year,credit_card,north,0,paid
CUST101190,user1190@example.com,60.0,28.8,95.54,76340.0,40264.0,713.0,0,standard,month-to-month,credit_card,south,0,paid
CUST101191,user1191@example.com,54.0,1.8,105.37,69146.0,35813.0,616.0,1,standard,two-year,bank_transfer,north,0,paid
CUST101192,user1192@example.com,39.0,0.6,79.31,84840.0,37370.0,579.0,1,premium,month-to-month,mailed_check,north,1,overdue
CUST101193,user1193@example.com,51.0,33.2,103.82,41510.0,9132.0,563.0,3,basic,month-to-month,credit_card,east,1,overdue
CUST101194,user1194@example.com,65.0,15.7,59.6,72016.0,35205.0,559.0,4,basic,month-to-month,mailed_check,east,1,overdue
CUST101195,user1195@example.com,66.0,8.6,64.98,32947.0,5843.0,,4,standard,month-to-month,bank_transfer,west,1,unpaid
CUST101196,user1196@example.com,27.0,90.6,99.88,69185.0,11987.0,644.0,6,basic,one-year,e_check,north,0,paid
CUST101197,user1197@example.com,31.0,4.3,91.09,87884.0,30289.0,722.0,1,standard,one-year,mailed_check,west,0,paid
CUST101198,user1198@example.com,60.0,14.9,62.74,64968.0,23664.0,,2,premium,one-year,e_check,east,1,overdue
CUST101199,user1199@example.com,29.0,6.9,43.84,88236.0,21462.0,661.0,2,basic,month-to-month,credit_card,north,1,overdue
CUST101200,user1200@example.com,26.0,38.7,64.9,43025.0,16439.0,575.0,2,basic,one-year,credit_card,east,0,paid
CUST101201,user1201@example.com,36.0,51.6,52.88,52315.0,23019.0,691.0,0,premium,two-year,e_check,north,0,paid
CUST101202,user1202@example.com,47.0,10.4,113.11,36686.0,5471.0,563.0,0,standard,month-to-month,e_check,west,1,unpaid
CUST101203,user1203@example.com,41.0,12.1,89.0,55696.0,11626.0,698.0,0,family,month-to-month,bank_transfer,west,1,overdue
CUST101204,user1204@example.com,34.0,5.4,50.85,60393.0,26266.0,567.0,0,basic,two-year,e_check,south,0,paid
CUST101205,user1205@example.com,34.0,18.4,43.88,55521.0,31091.0,615.0,3,premium,month-to-month,bank_transfer,south,0,paid
CUST101206,user1206@example.com,33.0,18.5,50.54,45517.0,24417.0,615.0,2,premium,month-to-month,credit_card,north,1,unpaid
CUST101207,user1207@example.com,31.0,10.1,56.03,45186.0,5481.0,762.0,0,family,month-to-month,e_check,north,0,overdue
CUST101208,user1208@example.com,69.0,39.7,65.83,61903.0,22493.0,455.0,2,basic,one-year,credit_card,east,0,paid
CUST101209,user1209@example.com,46.0,23.0,97.86,51814.0,25394.0,836.0,1,standard,month-to-month,bank_transfer,west,0,paid
CUST101210,user1210@example.com,53.0,24.1,45.84,31964.0,5770.0,586.0,1,standard,month-to-month,bank_transfer,north,1,overdue
CUST101211,user1211@example.com,36.0,8.0,127.24,17054.0,6886.0,640.0,2,standard,month-to-month,credit_card,south,1,overdue
CUST101212,user1212@example.com,40.0,52.1,46.42,43090.0,12289.0,683.0,0,basic,month-to-month,mailed_check,south,0,paid
CUST101213,user1213@example.com,33.0,85.6,34.77,27355.0,11339.0,676.0,2,standard,two-year,mailed_check,south,0,paid
CUST101214,user1214@example.com,18.0,18.1,112.21,38289.0,2591.0,,1,basic,month-to-month,credit_card,north,1,overdue
CUST101215,user1215@example.com,25.0,25.6,103.03,46534.0,10336.0,699.0,2,basic,two-year,credit_card,west,1,overdue
CUST101216,user1216@example.com,20.0,5.3,65.44,52078.0,11407.0,813.0,3,premium,month-to-month,bank_transfer,north,0,paid
CUST101217,user1217@example.com,18.0,38.4,79.53,41680.0,11682.0,709.0,3,standard,one-year,e_check,east,0,paid
CUST101218,user1218@example.com,28.0,21.3,80.16,98824.0,11167.0,641.0,4,premium,one-year,credit_card,east,0,paid
CUST101219,user1219@example.com,58.0,11.7,73.42,29778.0,8640.0,,2,basic,month-to-month,mailed_check,south,1,unpaid
CUST101220,user1220@example.com,41.0,22.1,37.59,,27542.0,,2,premium,month-to-month,e_check,north,0,paid
CUST101221,user1221@example.com,57.0,22.4,10.0,51749.0,3346.0,753.0,2,basic,month-to-month,credit_card,east,1,overdue
CUST101222,user1222@example.com,47.0,2.0,48.88,41849.0,9019.0,790.0,4,basic,month-to-month,bank_transfer,east,1,overdue
CUST101223,user1223@example.com,51.0,63.2,115.4,66752.0,9847.0,730.0,1,premium,one-year,credit_card,south,0,overdue
CUST101224,user1224@example.com,31.0,19.5,116.39,,26862.0,397.0,1,basic,two-year,bank_transfer,south,1,overdue
CUST101225,user1225@example.com,48.0,16.8,63.45,38861.0,4726.0,470.0,1,standard,month-to-month,mailed_check,west,1,unpaid
CUST101226,user1226@example.com,51.0,6.3,46.05,90796.0,35872.0,649.0,2,family,month-to-month,credit_card,east,1,overdue
CUST101227,user1227@example.com,35.0,19.8,76.95,12000.0,3252.0,637.0,2,basic,month-to-month,credit_card,east,1,overdue
CUST101228,user1228@example.com,49.0,4.7,80.97,50103.0,10423.0,652.0,2,family,month-to-month,bank_transfer,south,1,overdue
CUST101229,user1229@example.com,49.0,13.1,85.02,58801.0,30562.0,750.0,3,basic,month-to-month,bank_transfer,west,1,overdue
CUST101230,user1230@example.com,35.0,23.7,10.0,83160.0,34532.0,746.0,1,basic,two-year,mailed_check,east,0,paid
CUST101231,user1231@example.com,29.0,48.2,148.94,47031.0,18397.0,664.0,3,standard,two-year,credit_card,west,1,unpaid
CUST101232,user1232@example.com,28.0,0.5,98.31,108220.0,10986.0,528.0,5,basic,two-year,e_check,north,1,overdue
CUST101233,user1233@example.com,43.0,9.2,65.05,70182.0,13505.0,552.0,2,premium,one-year,bank_transfer,south,0,paid
CUST101234,user1234@example.com,46.0,4.9,52.04,12000.0,2425.0,655.0,2,family,two-year,e_check,west,0,paid
CUST101235,user1235@example.com,32.0,72.7,94.68,25926.0,7490.0,683.0,2,standard,two-year,credit_card,north,0,paid
CUST101236,user1236@example.com,42.0,7.3,82.38,59739.0,33263.0,553.0,0,standard,month-to-month,mailed_check,west,1,unpaid
CUST101237,user1237@example.com,49.0,9.6,72.3,32123.0,8738.0,703.0,0,standard,one-year,mailed_check,west,0,paid
CUST101238,user1238@example.com,49.0,19.5,81.46,65957.0,15197.0,510.0,1,standard,month-to-month,e_check,south,0,paid
CUST101239,user1239@example.com,61.0,4.5,67.18,45925.0,4088.0,437.0,2,standard,one-year,bank_transfer,north,1,overdue
CUST101240,user1240@example.com,57.0,15.1,80.05,31079.0,8134.0,580.0,1,standard,month-to-month,bank_transfer,west,1,unpaid
CUST101241,user1241@example.com,30.0,104.2,88.16,35708.0,2814.0,760.0,1,basic,month-to-month,mailed_check,south,0,paid
CUST101242,user1242@example.com,62.0,3.5,78.58,72038.0,18072.0,772.0,1,standard,one-year,credit_card,east,1,overdue
CUST101243,user1243@example.com,36.0,1.0,77.27,14541.0,8467.0,522.0,1,standard,month-to-month,bank_transfer,south,1,unpaid
CUST101244,user1244@example.com,55.0,2.1,104.82,75905.0,27010.0,529.0,1,basic,month-to-month,credit_card,north,1,overdue
CUST101245,user1245@example.com,43.0,21.3,30.07,76491.0,12612.0,711.0,1,standard,two-year,e_check,west,0,paid
CUST101246,user1246@example.com,37.0,51.3,50.05,48372.0,10379.0,615.0,0,basic,two-year,bank_transfer,south,0,paid
CUST101247,user1247@example.com,20.0,14.6,70.66,26911.0,9798.0,759.0,4,basic,two-year,e_check,east,0,paid
CUST101248,user1248@example.com,40.0,18.8,51.75,66117.0,4007.0,710.0,2,basic,two-year,mailed_check,south,0,paid
CUST101249,user1249@example.com,23.0,9.7,60.1,,24663.0,723.0,1,basic,month-to-month,e_check,east,1,overdue
CUST101250,user1250@example.com,54.0,14.4,102.19,24698.0,9088.0,584.0,2,basic,month-to-month,credit_card,north,1,overdue
CUST101251,user1251@example.com,60.0,48.6,66.28,93183.0,29889.0,686.0,2,basic,month-to-month,mailed_check,north,1,overdue
CUST101252,user1252@example.com,32.0,21.0,24.27,37312.0,16564.0,811.0,1,premium,month-to-month,credit_card,west,0,paid
CUST101253,user1253@example.com,46.0,71.4,59.42,25557.0,4093.0,661.0,3,basic,one-year,bank_transfer,south,0,paid
CUST101254,user1254@example.com,33.0,34.3,71.45,60701.0,3758.0,646.0,3,standard,two-year,bank_transfer,south,0,paid
CUST101255,user1255@example.com,34.0,32.8,70.99,53643.0,20833.0,615.0,3,standard,two-year,bank_transfer,north,1,unpaid
CUST101256,user1256@example.com,51.0,31.5,83.9,84724.0,11692.0,522.0,1,premium,one-year,mailed_check,east,1,unpaid
CUST101257,user1257@example.com,42.0,32.6,81.86,47390.0,2689.0,562.0,1,basic,month-to-month,mailed_check,north,0,paid
CUST101258,user1258@example.com,63.0,42.3,66.53,47601.0,26700.0,579.0,1,premium,month-to-month,credit_card,west,0,paid
CUST101259,user1259@example.com,36.0,7.9,40.17,61705.0,29842.0,518.0,3,basic,month-to-month,bank_transfer,east,1,overdue
CUST101260,user1260@example.com,54.0,10.7,58.97,58990.0,6655.0,527.0,4,standard,month-to-month,e_check,east,0,paid
CUST101261,user1261@example.com,43.0,34.2,54.43,59601.0,32363.0,454.0,1,premium,month-to-month,credit_card,north,0,paid
CUST101262,user1262@example.com,52.0,59.6,62.87,60439.0,5268.0,587.0,2,standard,month-to-month,bank_transfer,north,0,paid
CUST101263,user1263@example.com,37.0,12.8,87.28,58292.0,28659.0,704.0,0,family,month-to-month,bank_transfer,west,0,paid
CUST101264,user1264@example.com,41.0,8.2,80.1,46670.0,12972.0,625.0,2,premium,two-year,bank_transfer,west,0,paid
CUST101265,user1265@example.com,41.0,2.9,90.6,71654.0,24004.0,625.0,1,basic,month-to-month,bank_transfer,east,0,overdue
CUST101266,user1266@example.com,32.0,2.0,60.4,47802.0,19961.0,,0,basic,month-to-month,e_check,north,1,overdue
CUST101267,user1267@example.com,50.0,20.9,107.71,71087.0,7416.0,785.0,1,premium,one-year,credit_card,east,1,unpaid
CUST101268,user1268@example.com,50.0,6.6,86.82,82755.0,45455.0,832.0,2,premium,month-to-month,mailed_check,east,0,paid
CUST101269,user1269@example.com,49.0,57.2,72.81,41449.0,5347.0,662.0,0,standard,two-year,credit_card,south,0,paid
CUST101270,user1270@example.com,60.0,3.9,85.08,103090.0,58542.0,627.0,1,basic,two-year,mailed_check,west,1,overdue
CUST101271,user1271@example.com,59.0,14.5,53.11,40748.0,4088.0,,2,standard,month-to-month,credit_card,south,1,unpaid
CUST101272,user1272@example.com,38.0,32.2,17.28,40892.0,5913.0,697.0,0,basic,month-to-month,mailed_check,east,0,paid
CUST101273,user1273@example.com,46.0,9.7,54.83,65800.0,5373.0,637.0,0,standard,month-to-month,credit_card,south,1,unpaid
CUST101274,user1274@example.com,35.0,12.0,88.69,63831.0,17157.0,638.0,0,family,two-year,credit_card,east,1,overdue
CUST101275,user1275@example.com,42.0,95.1,72.01,56436.0,21162.0,643.0,0,basic,month-to-month,mailed_check,east,0,paid
CUST101276,user1276@example.com,35.0,2.9,66.58,71365.0,28103.0,575.0,5,standard,two-year,credit_card,west,1,overdue
CUST101277,user1277@example.com,61.0,21.0,48.8,60053.0,30368.0,463.0,0,basic,two-year,e_check,east,0,paid
CUST101278,user1278@example.com,46.0,10.2,21.1,96315.0,32806.0,596.0,0,premium,two-year,e_check,west,1,overdue
CUST101279,user1279@example.com,39.0,4.5,105.62,53935.0,17829.0,767.0,0,standard,one-year,bank_transfer,south,1,overdue
CUST101280,user1280@example.com,56.0,66.3,64.8,37910.0,8696.0,763.0,0,basic,month-to-month,mailed_check,north,1,overdue
CUST101281,user1281@example.com,18.0,23.9,59.26,43966.0,17943.0,725.0,0,standard,one-year,mailed_check,west,0,paid
CUST101282,user1282@example.com,18.0,6.5,53.21,64426.0,35415.0,611.0,2,premium,month-to-month,credit_card,west,1,overdue
CUST101283,user1283@example.com,52.0,16.3,101.36,64719.0,15883.0,587.0,1,premium,month-to-month,e_check,south,1,unpaid
CUST101284,user1284@example.com,43.0,34.0,92.03,59130.0,14546.0,780.0,0,standard,one-year,e_check,east,0,paid
CUST101285,user1285@example.com,45.0,12.6,45.82,38010.0,9078.0,563.0,4,standard,month-to-month,credit_card,east,0,paid
CUST101286,user1286@example.com,26.0,12.2,99.11,77173.0,13511.0,653.0,3,basic,two-year,mailed_check,north,0,paid
CUST101287,user1287@example.com,42.0,18.5,66.37,93740.0,33905.0,785.0,2,standard,month-to-month,e_check,south,1,overdue
CUST101288,user1288@example.com,66.0,7.5,54.74,55585.0,6007.0,660.0,1,standard,month-to-month,e_check,north,0,paid
CUST101289,user1289@example.com,52.0,0.5,62.66,91212.0,46440.0,627.0,3,basic,month-to-month,mailed_check,north,1,overdue
CUST101290,user1290@example.com,44.0,58.1,50.42,72325.0,9096.0,743.0,1,basic,month-to-month,e_check,west,0,paid
CUST101291,user1291@example.com,37.0,1.3,36.98,99374.0,14475.0,656.0,1,basic,one-year,credit_card,west,0,paid
CUST101292,user1292@example.com,37.0,22.0,89.4,64453.0,5654.0,666.0,2,standard,month-to-month,mailed_check,south,0,paid
CUST101293,user1293@example.com,18.0,2.9,64.48,57732.0,14995.0,771.0,0,premium,one-year,mailed_check,west,0,paid
CUST101294,user1294@example.com,45.0,2.8,85.43,71848.0,33532.0,446.0,0,family,month-to-month,e_check,east,1,overdue
CUST101295,user1295@example.com,52.0,16.5,77.18,46328.0,25506.0,679.0,3,family,month-to-month,bank_transfer,north,1,overdue
CUST101296,user1296@example.com,23.0,5.7,83.71,63142.0,18239.0,,1,premium,one-year,credit_card,south,1,unpaid
CUST101297,user1297@example.com,34.0,44.0,18.85,81614.0,14635.0,633.0,2,standard,month-to-month,bank_transfer,south,1,unpaid
CUST101298,user1298@example.com,28.0,6.4,48.33,71390.0,32062.0,659.0,3,premium,two-year,credit_card,west,0,paid
CUST101299,user1299@example.com,30.0,49.9,759.1179471944058,54381.0,23301.0,596.0,1,basic,one-year,credit_card,west,0,overdue
CUST101300,user1300@example.com,43.0,43.2,38.13,59008.0,25073.0,668.0,2,standard,month-to-month,credit_card,east,1,overdue
CUST101301,user1301@example.com,18.0,71.0,79.33,70154.0,20617.0,681.0,1,family,one-year,bank_transfer,east,0,paid
CUST101302,user1302@example.com,49.0,22.5,35.23,69489.0,25080.0,666.0,1,standard,one-year,e_check,east,0,paid
CUST101303,user1303@example.com,51.0,57.6,70.41,70001.0,5886.0,659.0,3,standard,two-year,bank_transfer,east,0,paid
CUST101304,user1304@example.com,39.0,5.0,110.25,61789.0,11586.0,641.0,1,standard,month-to-month,mailed_check,west,0,paid
CUST101305,user1305@example.com,18.0,43.2,89.37,38509.0,21558.0,642.0,2,premium,one-year,mailed_check,west,0,paid
CUST101306,user1306@example.com,30.0,7.9,23.73,41697.0,3043.0,656.0,2,basic,month-to-month,mailed_check,north,0,paid
CUST101307,user1307@example.com,57.0,48.5,91.21,64223.0,13865.0,575.0,4,standard,month-to-month,e_check,south,1,overdue
CUST101308,user1308@example.com,18.0,28.9,115.56,71629.0,12510.0,752.0,2,family,one-year,e_check,north,1,overdue
CUST101309,user1309@example.com,38.0,19.2,139.93,69039.0,8397.0,643.0,3,family,one-year,mailed_check,west,1,overdue
CUST101310,user1310@example.com,28.0,24.5,81.88,41496.0,23171.0,618.0,0,standard,one-year,credit_card,north,0,paid
CUST101311,user1311@example.com,52.0,23.1,35.89,51977.0,6198.0,682.0,0,basic,month-to-month,e_check,west,0,overdue
CUST101312,user1312@example.com,34.0,6.5,80.87,31514.0,10058.0,641.0,2,premium,month-to-month,mailed_check,north,1,unpaid
CUST101313,user1313@example.com,47.0,23.3,109.9,27171.0,13904.0,749.0,1,premium,one-year,mailed_check,north,1,unpaid
CUST101314,user1314@example.com,49.0,71.5,65.32,56630.0,2952.0,722.0,2,basic,month-to-month,bank_transfer,south,1,overdue
CUST101315,user1315@example.com,64.0,21.5,96.08,82163.0,9012.0,657.0,2,premium,month-to-month,credit_card,west,1,overdue
CUST101316,user1316@example.com,40.0,3.3,49.01,56996.0,13567.0,,1,family,month-to-month,mailed_check,south,0,paid
CUST101317,user1317@example.com,47.0,45.3,79.31,93163.0,12217.0,669.0,2,standard,month-to-month,mailed_check,west,0,paid
CUST101318,user1318@example.com,24.0,7.0,10.0,51718.0,7782.0,558.0,3,basic,month-to-month,e_check,west,0,paid
CUST101319,user1319@example.com,56.0,30.5,46.24,55624.0,20867.0,721.0,2,premium,one-year,mailed_check,south,0,paid
CUST101320,user1320@example.com,33.0,1.7,69.85,35180.0,5061.0,498.0,1,standard,one-year,e_check,south,1,overdue
CUST101321,user1321@example.com,35.0,9.1,60.92,48055.0,19288.0,369.0,2,premium,month-to-month,e_check,west,0,paid
CUST101322,user1322@example.com,42.0,0.6,37.48,31201.0,17271.0,706.0,3,standard,month-to-month,credit_card,east,1,overdue
CUST101323,user1323@example.com,23.0,19.8,57.51,24093.0,4245.0,685.0,0,standard,month-to-month,e_check,north,0,paid
CUST101324,user1324@example.com,45.0,16.7,78.24,31541.0,5260.0,680.0,1,family,two-year,mailed_check,east,1,overdue
CUST101325,user1325@example.com,54.0,17.6,67.84,56706.0,3191.0,761.0,3,standard,month-to-month,mailed_check,east,0,paid
CUST101326,user1326@example.com,46.0,39.1,71.52,,2338.0,648.0,1,standard,month-to-month,credit_card,north,0,paid
CUST101327,user1327@example.com,23.0,11.3,88.3,45003.0,12067.0,620.0,2,standard,one-year,credit_card,south,0,paid
CUST101328,user1328@example.com,41.0,7.7,61.42,63197.0,20158.0,714.0,2,premium,month-to-month,mailed_check,south,0,overdue
CUST101329,user1329@example.com,51.0,1.1,103.98,24024.0,3617.0,593.0,0,standard,two-year,credit_card,south,1,overdue
CUST101330,user1330@example.com,19.0,18.8,45.27,56621.0,12889.0,631.0,0,basic,month-to-month,e_check,east,0,paid
CUST101331,user1331@example.com,29.0,35.6,118.2,71962.0,9151.0,670.0,4,basic,month-to-month,mailed_check,west,0,paid
CUST101332,user1332@example.com,53.0,56.2,97.83,73691.0,31296.0,677.0,1,standard,two-year,e_check,west,0,paid
CUST101333,user1333@example.com,45.0,2.5,61.1,65331.0,17386.0,623.0,3,basic,two-year,bank_transfer,east,0,paid
CUST101334,user1334@example.com,47.0,3.2,62.77,53956.0,24490.0,611.0,1,premium,month-to-month,mailed_check,south,0,paid
CUST101335,user1335@example.com,64.0,6.7,75.17,42525.0,14997.0,560.0,2,premium,month-to-month,credit_card,west,1,overdue
CUST101336,user1336@example.com,48.0,52.5,84.97,53353.0,13739.0,587.0,0,premium,two-year,bank_transfer,east,0,paid
CUST101337,user1337@example.com,50.0,11.3,97.36,88069.0,34743.0,796.0,2,standard,month-to-month,e_check,north,1,overdue
CUST101338,user1338@example.com,75.0,24.1,36.49,60461.0,3261.0,629.0,2,basic,two-year,credit_card,north,0,paid
CUST101339,user1339@example.com,39.0,6.6,80.94,52862.0,22715.0,665.0,0,premium,month-to-month,bank_transfer,east,1,overdue
CUST101340,user1340@example.com,32.0,25.9,17.09,66274.0,16839.0,531.0,1,standard,two-year,credit_card,east,0,paid
CUST101341,user1341@example.com,47.0,0.2,65.57,55994.0,18616.0,850.0,1,standard,one-year,mailed_check,north,0,paid
CUST101342,user1342@example.com,47.0,18.5,106.35,59516.0,20109.0,581.0,1,basic,two-year,bank_transfer,south,1,unpaid
CUST101343,user1343@example.com,36.0,3.1,34.56,50066.0,17880.0,556.0,0,family,month-to-month,e_check,north,1,overdue
CUST101344,user1344@example.com,30.0,66.9,30.02,46701.0,20376.0,645.0,0,premium,two-year,mailed_check,west,0,paid
CUST101345,user1345@example.com,70.0,6.0,75.52,74920.0,8305.0,579.0,0,family,month-to-month,mailed_check,west,1,unpaid
CUST101346,user1346@example.com,46.0,2.4,104.69,15993.0,5101.0,679.0,0,family,month-to-month,credit_card,west,1,overdue
CUST101347,user1347@example.com,33.0,45.3,78.13,64572.0,6182.0,529.0,1,basic,one-year,e_check,east,0,paid
CUST101348,user1348@example.com,53.0,2.5,22.38,45465.0,8128.0,741.0,2,premium,month-to-month,credit_card,south,1,overdue
CUST101349,user1349@example.com,41.0,9.3,27.92,16896.0,2604.0,725.0,0,standard,month-to-month,e_check,north,1,overdue
CUST101350,user1350@example.com,39.0,67.0,72.44,35508.0,13468.0,641.0,1,standard,one-year,mailed_check,east,1,overdue
CUST101351,user1351@example.com,49.0,14.7,40.52,54279.0,20808.0,518.0,0,standard,one-year,bank_transfer,east,1,overdue
CUST101352,user1352@example.com,26.0,38.5,73.42,57030.0,28914.0,585.0,1,basic,one-year,e_check,south,1,unpaid
CUST101353,user1353@example.com,46.0,2.3,74.9,69800.0,23523.0,655.0,0,standard,month-to-month,credit_card,east,0,paid
CUST101354,user1354@example.com,65.0,8.1,57.76,71160.0,32703.0,553.0,1,standard,month-to-month,credit_card,south,1,overdue
CUST101355,user1355@example.com,48.0,43.1,115.37,24066.0,12971.0,566.0,1,basic,month-to-month,credit_card,west,1,overdue
CUST101356,user1356@example.com,37.0,3.9,84.76,62550.0,7721.0,734.0,3,standard,one-year,e_check,west,1,overdue
CUST101357,user1357@example.com,36.0,4.4,100.29,69571.0,31066.0,662.0,2,basic,month-to-month,e_check,north,1,overdue
CUST101358,user1358@example.com,37.0,3.9,93.01,59378.0,13679.0,,2,premium,two-year,e_check,north,1,unpaid
CUST101359,user1359@example.com,39.0,120.0,66.25,65049.0,13201.0,692.0,1,basic,two-year,mailed_check,north,0,paid
CUST101360,user1360@example.com,37.0,23.3,770.1739814980986,16350.0,9477.0,637.0,3,standard,two-year,credit_card,south,1,unpaid
CUST101361,user1361@example.com,53.0,5.9,62.56,35196.0,5756.0,645.0,2,basic,month-to-month,credit_card,east,1,overdue
CUST101362,user1362@example.com,21.0,31.3,87.03,82321.0,45524.0,686.0,3,premium,month-to-month,credit_card,north,1,overdue
CUST101363,user1363@example.com,52.0,11.4,53.74,49406.0,24853.0,715.0,4,premium,month-to-month,e_check,south,0,paid
CUST101364,user1364@example.com,37.0,2.1,113.13,99462.0,53038.0,690.0,5,basic,one-year,bank_transfer,south,1,overdue
CUST101365,user1365@example.com,47.0,47.7,51.35,29432.0,10957.0,767.0,1,basic,two-year,bank_transfer,east,0,paid
CUST101366,user1366@example.com,28.0,36.1,75.36,86275.0,32059.0,652.0,2,standard,two-year,e_check,south,1,overdue
CUST101367,user1367@example.com,58.0,34.2,64.27,42786.0,11613.0,542.0,4,family,month-to-month,e_check,north,1,overdue
CUST101368,user1368@example.com,57.0,5.3,58.73,72249.0,19544.0,737.0,1,standard,month-to-month,e_check,west,1,overdue
CUST101369,user1369@example.com,54.0,30.5,124.31,49092.0,25423.0,630.0,1,premium,one-year,mailed_check,east,1,overdue
CUST101370,user1370@example.com,24.0,11.2,59.02,57314.0,15089.0,589.0,2,premium,month-to-month,mailed_check,west,0,paid
CUST101371,user1371@example.com,52.0,19.3,62.38,66911.0,21256.0,707.0,1,premium,one-year,bank_transfer,north,0,paid
CUST101372,user1372@example.com,47.0,61.9,53.4,42733.0,25555.0,680.0,1,basic,one-year,credit_card,west,0,paid
CUST101373,user1373@example.com,23.0,49.7,71.03,71022.0,17391.0,548.0,2,basic,one-year,e_check,south,1,overdue
CUST101374,user1374@example.com,42.0,18.3,67.47,49683.0,24962.0,704.0,0,standard,month-to-month,e_check,south,0,paid
CUST101375,user1375@example.com,46.0,13.7,42.02,58561.0,11856.0,800.0,0,standard,one-year,bank_transfer,west,0,paid
CUST101376,user1376@example.com,49.0,26.3,59.39,12000.0,765.0,676.0,3,standard,month-to-month,mailed_check,east,1,overdue
CUST101377,user1377@example.com,44.0,39.6,85.24,48253.0,18162.0,630.0,2,standard,month-to-month,e_check,north,0,paid
CUST101378,user1378@example.com,45.0,30.3,95.67,80271.0,25176.0,516.0,1,basic,one-year,credit_card,east,0,paid
CUST101379,user1379@example.com,60.0,11.7,70.6,68894.0,33253.0,814.0,1,premium,month-to-month,e_check,north,1,overdue
CUST101380,user1380@example.com,57.0,2.0,71.47,72731.0,3803.0,609.0,2,basic,two-year,bank_transfer,south,1,unpaid
CUST101381,user1381@example.com,18.0,15.3,60.98,56066.0,4979.0,537.0,1,basic,month-to-month,credit_card,east,0,paid
CUST101382,user1382@example.com,38.0,0.5,57.44,,46283.0,659.0,2,basic,two-year,e_check,east,0,paid
CUST101383,user1383@example.com,40.0,3.5,47.01,60769.0,19109.0,731.0,1,standard,two-year,credit_card,north,0,paid
CUST101384,user1384@example.com,21.0,32.0,31.08,41798.0,13731.0,749.0,3,standard,month-to-month,e_check,north,1,unpaid
CUST101385,user1385@example.com,43.0,18.0,52.44,72103.0,12532.0,596.0,0,standard,month-to-month,e_check,east,0,paid
CUST101386,user1386@example.com,57.0,18.1,92.6,73452.0,41078.0,642.0,3,standard,month-to-month,e_check,north,0,paid
CUST101387,user1387@example.com,29.0,17.3,59.39,67592.0,37374.0,650.0,2,standard,one-year,mailed_check,east,0,paid
CUST101388,user1388@example.com,46.0,20.2,61.35,46941.0,15687.0,728.0,1,basic,month-to-month,credit_card,south,1,overdue
CUST101389,user1389@example.com,31.0,27.6,60.86,,10295.0,,2,standard,two-year,e_check,west,0,overdue
CUST101390,user1390@example.com,34.0,41.0,101.12,82866.0,48936.0,672.0,1,premium,one-year,e_check,west,0,paid
CUST101391,user1391@example.com,60.0,44.2,46.79,64551.0,34912.0,723.0,0,basic,one-year,credit_card,north,0,paid
CUST101392,user1392@example.com,35.0,10.6,76.93,25445.0,8569.0,541.0,0,basic,one-year,mailed_check,west,1,overdue
CUST101393,user1393@example.com,48.0,7.0,68.29,42425.0,16737.0,684.0,2,basic,one-year,e_check,west,1,overdue
CUST101394,user1394@example.com,20.0,55.4,71.7,41495.0,12109.0,668.0,2,standard,month-to-month,e_check,east,0,paid
CUST101395,user1395@example.com,64.0,5.7,76.11,39914.0,6519.0,646.0,2,basic,one-year,bank_transfer,east,0,paid
CUST101396,user1396@example.com,49.0,93.5,71.43,12774.0,5427.0,630.0,1,family,one-year,e_check,north,0,paid
CUST101397,user1397@example.com,40.0,58.7,89.83,92812.0,38797.0,661.0,3,basic,one-year,mailed_check,west,0,paid
CUST101398,user1398@example.com,49.0,11.4,69.27,37474.0,13155.0,604.0,0,premium,two-year,credit_card,north,0,paid
CUST101399,user1399@example.com,25.0,36.6,113.61,38921.0,19381.0,850.0,1,basic,month-to-month,e_check,south,1,overdue
CUST101400,user1400@example.com,56.0,63.2,71.11,16166.0,4826.0,759.0,0,basic,one-year,mailed_check,west,0,paid
CUST101401,user1401@example.com,38.0,1.3,27.41,72329.0,37864.0,737.0,1,standard,month-to-month,e_check,north,0,paid
CUST101402,user1402@example.com,40.0,22.9,85.96,53183.0,9007.0,608.0,1,basic,one-year,mailed_check,south,1,unpaid
CUST101403,user1403@example.com,36.0,39.2,79.8,47982.0,27781.0,573.0,5,family,two-year,bank_transfer,west,1,overdue
CUST101404,user1404@example.com,35.0,40.4,70.81,49040.0,7983.0,633.0,3,standard,one-year,mailed_check,west,1,overdue
CUST101405,user1405@example.com,50.0,2.2,63.51,66756.0,9217.0,659.0,1,premium,month-to-month,bank_transfer,south,1,unpaid
CUST101406,user1406@example.com,45.0,23.9,17.13,45400.0,17337.0,534.0,2,basic,month-to-month,e_check,north,1,overdue
CUST101407,user1407@example.com,50.0,3.0,21.33,15222.0,1540.0,688.0,2,basic,two-year,credit_card,east,0,paid
CUST101408,user1408@example.com,42.0,31.2,111.19,29169.0,4153.0,737.0,3,premium,month-to-month,credit_card,east,0,paid
CUST101409,user1409@example.com,48.0,2.4,55.36,28131.0,12686.0,471.0,0,basic,two-year,e_check,south,0,paid
CUST101410,user1410@example.com,37.0,15.0,94.14,60506.0,13280.0,578.0,4,standard,two-year,bank_transfer,east,0,paid
CUST101411,user1411@example.com,69.0,14.4,29.92,73600.0,36069.0,748.0,1,premium,month-to-month,e_check,north,1,overdue
CUST101412,user1412@example.com,23.0,8.4,43.83,84316.0,11429.0,680.0,2,basic,two-year,bank_transfer,north,0,paid
CUST101413,user1413@example.com,57.0,9.6,86.97,22302.0,5841.0,581.0,3,standard,one-year,credit_card,north,1,unpaid
CUST101414,user1414@example.com,58.0,4.0,67.44,67405.0,17691.0,709.0,0,family,two-year,e_check,south,0,paid
CUST101415,user1415@example.com,32.0,9.4,83.44,42699.0,13417.0,602.0,0,standard,month-to-month,bank_transfer,west,0,paid
CUST101416,user1416@example.com,69.0,45.7,69.66,113469.0,31285.0,631.0,1,basic,one-year,mailed_check,east,0,paid
CUST101417,user1417@example.com,54.0,113.1,64.81,82671.0,21720.0,559.0,1,family,month-to-month,mailed_check,east,0,paid
CUST101418,user1418@example.com,54.0,5.6,53.0,89038.0,20536.0,651.0,1,family,month-to-month,mailed_check,west,0,paid
CUST101419,user1419@example.com,42.0,120.0,40.15,71049.0,4144.0,731.0,2,standard,month-to-month,credit_card,east,0,paid
CUST101420,user1420@example.com,39.0,87.8,105.07,62638.0,24374.0,612.0,2,premium,one-year,bank_transfer,east,1,overdue
CUST101421,user1421@example.com,39.0,29.8,109.18,46948.0,14574.0,702.0,1,premium,month-to-month,mailed_check,north,1,overdue
CUST101422,user1422@example.com,47.0,32.3,44.03,43014.0,10982.0,646.0,0,standard,two-year,credit_card,west,0,paid
CUST101423,user1423@example.com,59.0,1.0,42.4,38998.0,6484.0,736.0,3,basic,month-to-month,bank_transfer,west,1,overdue
CUST101424,user1424@example.com,44.0,19.1,61.31,67352.0,36388.0,613.0,3,basic,one-year,credit_card,east,1,unpaid
CUST101425,user1425@example.com,31.0,15.3,78.51,86208.0,15590.0,774.0,2,basic,two-year,credit_card,west,1,overdue
CUST101426,user1426@example.com,52.0,9.0,65.45,47864.0,26637.0,705.0,0,basic,month-to-month,bank_transfer,east,1,overdue
CUST101427,user1427@example.com,53.0,64.4,82.49,40553.0,6874.0,670.0,0,basic,month-to-month,mailed_check,north,0,paid
CUST101428,user1428@example.com,50.0,23.9,68.77,25330.0,14800.0,672.0,5,basic,month-to-month,credit_card,north,1,overdue
CUST101429,user1429@example.com,51.0,109.8,67.13,59894.0,16825.0,613.0,2,basic,two-year,credit_card,east,0,paid
CUST101430,user1430@example.com,39.0,2.8,130.33,79585.0,27297.0,608.0,1,standard,two-year,bank_transfer,east,0,paid
CUST101431,user1431@example.com,31.0,25.6,56.87,80587.0,17273.0,671.0,3,basic,one-year,credit_card,west,0,paid
CUST101432,user1432@example.com,32.0,10.3,111.0,82569.0,46779.0,554.0,1,family,one-year,credit_card,south,1,overdue
CUST101433,user1433@example.com,22.0,45.4,106.17,63308.0,13004.0,602.0,0,standard,month-to-month,e_check,west,0,paid
CUST101434,user1434@example.com,45.0,6.1,82.6,56804.0,25654.0,575.0,0,family,month-to-month,mailed_check,east,1,overdue
CUST101435,user1435@example.com,41.0,51.9,21.85,80645.0,4941.0,696.0,1,basic,one-year,credit_card,east,0,paid
CUST101436,user1436@example.com,37.0,56.2,70.78,32799.0,11719.0,697.0,1,basic,month-to-month,bank_transfer,east,0,paid
CUST101437,user1437@example.com,18.0,40.2,57.13,46183.0,21146.0,751.0,4,premium,two-year,credit_card,east,1,overdue
CUST101438,user1438@example.com,27.0,40.6,70.5,89217.0,27566.0,623.0,1,standard,two-year,credit_card,north,0,paid
CUST101439,user1439@example.com,55.0,9.0,43.43,33508.0,13531.0,585.0,1,standard,two-year,e_check,north,0,paid
CUST101440,user1440@example.com,34.0,16.4,88.91,54311.0,25658.0,532.0,1,premium,month-to-month,credit_card,east,0,paid
CUST101441,user1441@example.com,46.0,8.6,94.62,67627.0,21988.0,672.0,0,standard,month-to-month,credit_card,east,0,paid
CUST101442,user1442@example.com,25.0,20.2,99.25,56654.0,9628.0,762.0,1,family,two-year,credit_card,west,0,paid
CUST101443,user1443@example.com,59.0,14.7,60.45,77988.0,20918.0,644.0,0,standard,month-to-month,mailed_check,west,0,paid
CUST101444,user1444@example.com,40.0,14.0,43.51,85514.0,38646.0,652.0,2,standard,month-to-month,mailed_check,south,0,paid
CUST101445,user1445@example.com,45.0,3.0,78.79,64593.0,12861.0,650.0,1,basic,month-to-month,mailed_check,north,1,overdue
CUST101446,user1446@example.com,70.0,79.5,113.9,82801.0,32923.0,670.0,1,basic,month-to-month,credit_card,east,0,paid
CUST101447,user1447@example.com,60.0,2.1,71.73,36426.0,4792.0,730.0,2,basic,month-to-month,mailed_check,north,1,overdue
CUST101448,user1448@example.com,38.0,1.7,81.31,51849.0,29122.0,804.0,0,basic,month-to-month,mailed_check,south,1,unpaid
CUST101449,user1449@example.com,35.0,0.2,64.13,103104.0,39349.0,690.0,2,premium,one-year,e_check,west,1,unpaid
CUST101450,user1450@example.com,38.0,24.8,57.41,93859.0,28866.0,695.0,5,basic,month-to-month,e_check,west,1,overdue
CUST101451,user1451@example.com,48.0,92.8,86.46,29461.0,14623.0,631.0,0,premium,month-to-month,e_check,west,1,overdue
CUST101452,user1452@example.com,41.0,2.9,67.35,54745.0,26740.0,641.0,4,family,one-year,bank_transfer,east,1,overdue
CUST101453,user1453@example.com,37.0,2.3,80.09,57721.0,5976.0,640.0,1,standard,month-to-month,e_check,north,1,overdue
CUST101454,user1454@example.com,60.0,17.4,82.69,63331.0,13862.0,621.0,3,standard,month-to-month,bank_transfer,west,1,overdue
CUST101455,user1455@example.com,41.0,20.0,78.69,80481.0,24323.0,660.0,1,premium,one-year,e_check,north,0,paid
CUST101456,user1456@example.com,70.0,87.2,83.95,91783.0,21780.0,700.0,1,standard,one-year,e_check,south,0,paid
CUST101457,user1457@example.com,43.0,1.5,48.67,55748.0,12516.0,655.0,3,premium,month-to-month,mailed_check,south,1,overdue
CUST101458,user1458@example.com,63.0,34.6,47.15,77440.0,18872.0,628.0,1,premium,month-to-month,mailed_check,east,0,paid
CUST101459,user1459@example.com,46.0,11.7,68.93,67964.0,8708.0,660.0,0,standard,two-year,credit_card,west,0,paid
CUST101460,user1460@example.com,54.0,12.5,69.54,54577.0,6313.0,573.0,1,standard,month-to-month,credit_card,east,0,paid
CUST101461,user1461@example.com,33.0,47.3,56.94,21037.0,4064.0,714.0,3,basic,month-to-month,credit_card,north,1,overdue
CUST101462,user1462@example.com,32.0,8.3,76.03,75369.0,6674.0,617.0,1,standard,month-to-month,bank_transfer,north,0,paid
CUST101463,user1463@example.com,48.0,25.0,92.71,67104.0,22186.0,558.0,2,basic,one-year,e_check,north,1,unpaid
CUST101464,user1464@example.com,54.0,1.0,99.69,62792.0,8428.0,687.0,0,standard,one-year,mailed_check,south,0,overdue
CUST101465,user1465@example.com,42.0,1.6,105.31,35375.0,3083.0,691.0,0,premium,two-year,credit_card,west,0,paid
CUST101466,user1466@example.com,27.0,40.7,37.13,94183.0,48074.0,581.0,1,basic,one-year,mailed_check,north,0,paid
CUST101467,user1467@example.com,26.0,4.6,40.93,58049.0,21660.0,700.0,0,standard,month-to-month,mailed_check,south,0,paid
CUST101468,user1468@example.com,25.0,31.0,62.76,32172.0,17505.0,701.0,1,standard,one-year,e_check,east,0,paid
CUST101469,user1469@example.com,21.0,8.0,72.01,28954.0,17108.0,808.0,0,basic,month-to-month,credit_card,east,1,overdue
CUST101470,user1470@example.com,43.0,64.7,64.04,68549.0,25805.0,631.0,4,basic,two-year,e_check,east,0,paid
CUST101471,user1471@example.com,56.0,30.5,56.18,69145.0,33728.0,646.0,3,basic,month-to-month,e_check,south,1,overdue
CUST101472,user1472@example.com,42.0,21.7,62.39,45740.0,6301.0,601.0,3,basic,month-to-month,bank_transfer,west,0,paid
CUST101473,user1473@example.com,18.0,32.7,82.08,64253.0,27892.0,689.0,1,basic,two-year,mailed_check,east,0,paid
CUST101474,user1474@example.com,40.0,98.6,36.76,68352.0,24077.0,650.0,1,standard,one-year,credit_card,north,0,paid
CUST101475,user1475@example.com,40.0,10.9,128.58,57799.0,24392.0,729.0,0,premium,month-to-month,bank_transfer,east,1,overdue
CUST101476,user1476@example.com,67.0,47.6,70.52,40973.0,4409.0,615.0,1,standard,one-year,credit_card,east,0,paid
CUST101477,user1477@example.com,25.0,22.5,96.27,74227.0,41916.0,688.0,1,basic,month-to-month,e_check,north,0,paid
CUST101478,user1478@example.com,37.0,0.1,55.5,71753.0,20063.0,631.0,2,basic,month-to-month,e_check,south,1,overdue
CUST101479,user1479@example.com,62.0,29.6,84.36,66354.0,31630.0,503.0,2,basic,month-to-month,mailed_check,north,1,overdue
CUST101480,user1480@example.com,47.0,11.0,72.5,38325.0,22797.0,700.0,4,standard,two-year,bank_transfer,west,0,paid
CUST101481,user1481@example.com,49.0,1.9,91.42,28379.0,15050.0,510.0,3,standard,one-year,mailed_check,north,1,overdue
CUST101482,user1482@example.com,43.0,3.9,65.03,56530.0,12518.0,637.0,1,basic,month-to-month,bank_transfer,east,0,paid
CUST101483,user1483@example.com,46.0,0.4,108.79,73591.0,19950.0,638.0,1,standard,one-year,credit_card,north,1,overdue
CUST101484,user1484@example.com,51.0,59.3,32.7,75807.0,30835.0,649.0,2,basic,two-year,mailed_check,north,0,overdue
CUST101485,user1485@example.com,32.0,7.7,93.73,66688.0,23068.0,654.0,2,premium,one-year,credit_card,north,1,overdue
CUST101486,user1486@example.com,53.0,55.0,72.97,45991.0,12678.0,653.0,4,basic,month-to-month,mailed_check,west,0,paid
CUST101487,user1487@example.com,26.0,31.8,44.54,38916.0,15930.0,679.0,3,family,two-year,bank_transfer,west,0,paid
CUST101488,user1488@example.com,46.0,2.8,118.8,54663.0,30078.0,641.0,0,standard,two-year,bank_transfer,west,1,unpaid
CUST101489,user1489@example.com,44.0,9.2,116.22,54852.0,12080.0,850.0,2,standard,month-to-month,credit_card,north,0,paid
CUST101490,user1490@example.com,35.0,14.9,18.15,77146.0,9303.0,623.0,3,basic,two-year,bank_transfer,north,0,paid
CUST101491,user1491@example.com,42.0,13.7,74.42,45406.0,19146.0,552.0,1,basic,month-to-month,credit_card,west,1,overdue
CUST101492,user1492@example.com,35.0,15.1,87.64,47067.0,17616.0,537.0,4,standard,month-to-month,e_check,south,1,overdue
CUST101493,user1493@example.com,29.0,23.4,81.04,96100.0,52670.0,,2,standard,month-to-month,bank_transfer,west,0,paid
CUST101494,user1494@example.com,38.0,69.0,107.89,86024.0,39439.0,523.0,0,standard,two-year,bank_transfer,east,0,paid
CUST101495,user1495@example.com,29.0,8.7,102.69,37344.0,10023.0,553.0,0,basic,one-year,credit_card,south,1,unpaid
CUST101496,user1496@example.com,46.0,7.4,76.63,84375.0,33609.0,542.0,3,basic,two-year,mailed_check,east,1,overdue
CUST101497,user1497@example.com,28.0,0.4,126.93,32562.0,17073.0,687.0,3,standard,one-year,credit_card,north,1,overdue
CUST101498,user1498@example.com,51.0,16.8,93.42,46319.0,11168.0,756.0,1,family,one-year,credit_card,west,0,paid
CUST101499,user1499@example.com,28.0,24.6,61.21,48595.0,2799.0,574.0,0,standard,two-year,mailed_check,west,0,paid
CUST101500,user1500@example.com,35.0,8.5,56.19,53448.0,21085.0,684.0,4,family,month-to-month,mailed_check,south,1,overdue
CUST101501,user1501@example.com,35.0,3.6,101.08,67395.0,4331.0,439.0,2,family,one-year,e_check,east,1,overdue
CUST101502,user1502@example.com,58.0,17.1,50.18,57129.0,32313.0,590.0,1,basic,month-to-month,credit_card,north,1,overdue
CUST101503,user1503@example.com,46.0,8.6,59.76,67295.0,9590.0,698.0,1,family,month-to-month,bank_transfer,south,0,paid
CUST101504,user1504@example.com,39.0,20.0,64.01,46963.0,12015.0,625.0,2,premium,month-to-month,bank_transfer,south,0,overdue
CUST101505,user1505@example.com,48.0,72.9,78.89,62484.0,35645.0,730.0,0,basic,one-year,credit_card,south,0,paid
CUST101506,user1506@example.com,18.0,56.5,65.16,56579.0,5316.0,471.0,1,premium,two-year,bank_transfer,east,0,paid
CUST101507,user1507@example.com,41.0,31.6,37.08,27233.0,1427.0,,2,standard,month-to-month,bank_transfer,west,1,overdue
CUST101508,user1508@example.com,66.0,31.5,99.05,64660.0,6919.0,686.0,1,basic,two-year,bank_transfer,east,0,paid
CUST101509,user1509@example.com,44.0,59.8,59.89,56921.0,33716.0,685.0,1,basic,one-year,e_check,west,0,paid
CUST101510,user1510@example.com,43.0,7.2,120.5,40722.0,23800.0,691.0,3,premium,one-year,e_check,west,1,unpaid
CUST101511,user1511@example.com,49.0,30.5,77.6,46503.0,12162.0,667.0,0,basic,one-year,bank_transfer,north,0,paid
CUST101512,user1512@example.com,53.0,39.9,101.68,46994.0,21551.0,558.0,1,family,month-to-month,mailed_check,south,1,unpaid
CUST101513,user1513@example.com,18.0,20.1,85.77,50102.0,22784.0,588.0,3,premium,month-to-month,e_check,north,1,overdue
CUST101514,user1514@example.com,22.0,0.5,102.88,90179.0,9460.0,835.0,1,standard,month-to-month,mailed_check,north,0,paid
CUST101515,user1515@example.com,45.0,12.1,84.26,96805.0,17359.0,549.0,1,standard,month-to-month,bank_transfer,west,1,overdue
CUST101516,user1516@example.com,33.0,56.0,75.88,12000.0,6467.0,537.0,0,family,month-to-month,e_check,east,1,overdue
CUST101517,user1517@example.com,58.0,45.4,97.33,64763.0,9140.0,704.0,1,basic,month-to-month,e_check,west,1,overdue
CUST101518,user1518@example.com,38.0,28.2,132.15,74099.0,24932.0,565.0,1,premium,one-year,credit_card,west,0,paid
CUST101519,user1519@example.com,19.0,2.4,63.26,50678.0,9339.0,793.0,1,standard,one-year,bank_transfer,east,0,paid
CUST101520,user1520@example.com,27.0,18.4,89.87,73562.0,26239.0,850.0,1,premium,one-year,bank_transfer,south,1,unpaid
CUST101521,user1521@example.com,18.0,17.8,69.87,88083.0,13925.0,631.0,2,basic,month-to-month,e_check,north,1,overdue
CUST101522,user1522@example.com,39.0,1.1,82.65,27563.0,4649.0,675.0,1,premium,month-to-month,mailed_check,east,1,unpaid
CUST101523,user1523@example.com,40.0,9.9,71.05,57675.0,4368.0,504.0,3,premium,two-year,credit_card,north,0,paid
CUST101524,user1524@example.com,37.0,20.3,16.06,94135.0,55972.0,733.0,1,standard,two-year,e_check,east,0,paid
CUST101525,user1525@example.com,55.0,24.7,65.0,30245.0,3394.0,471.0,1,basic,one-year,credit_card,east,0,paid
CUST101526,user1526@example.com,56.0,33.5,94.99,52695.0,14680.0,,1,basic,one-year,bank_transfer,west,0,paid
CUST101527,user1527@example.com,40.0,6.1,50.87,46032.0,12873.0,659.0,4,premium,two-year,bank_transfer,north,1,unpaid
CUST101528,user1528@example.com,18.0,25.7,93.02,76038.0,16500.0,694.0,2,basic,month-to-month,mailed_check,east,1,unpaid
CUST101529,user1529@example.com,49.0,11.1,74.59,78825.0,38364.0,531.0,2,premium,month-to-month,e_check,north,0,paid
CUST101530,user1530@example.com,49.0,2.2,65.21,58247.0,13730.0,607.0,2,standard,one-year,e_check,east,1,unpaid
CUST101531,user1531@example.com,46.0,15.8,92.65,55644.0,21924.0,517.0,4,standard,month-to-month,mailed_check,south,1,unpaid
CUST101532,user1532@example.com,54.0,27.0,87.03,20617.0,7188.0,625.0,1,basic,month-to-month,bank_transfer,south,0,paid
CUST101533,user1533@example.com,28.0,11.7,80.51,83460.0,43835.0,586.0,2,basic,two-year,credit_card,east,1,overdue
CUST101534,user1534@example.com,66.0,29.9,95.4,47937.0,24003.0,599.0,4,family,month-to-month,bank_transfer,north,0,paid
CUST101535,user1535@example.com,30.0,23.8,75.08,52153.0,8859.0,702.0,0,standard,one-year,e_check,south,0,paid
CUST101536,user1536@example.com,51.0,7.7,28.88,74432.0,34429.0,673.0,0,premium,month-to-month,e_check,east,1,overdue
CUST101537,user1537@example.com,22.0,1.6,60.55,58952.0,28646.0,695.0,3,family,month-to-month,bank_transfer,west,1,unpaid
CUST101538,user1538@example.com,31.0,24.1,24.89,75077.0,41709.0,640.0,2,basic,month-to-month,bank_transfer,west,1,overdue
CUST101539,user1539@example.com,60.0,22.1,86.43,67068.0,38884.0,707.0,4,basic,month-to-month,credit_card,north,1,overdue
CUST101540,user1540@example.com,39.0,5.0,92.4,59076.0,26899.0,647.0,1,standard,month-to-month,credit_card,north,1,unpaid
CUST101541,user1541@example.com,52.0,3.3,93.54,61209.0,18207.0,611.0,0,standard,one-year,credit_card,west,1,overdue
CUST101542,user1542@example.com,45.0,8.4,82.23,32545.0,6871.0,696.0,2,basic,month-to-month,bank_transfer,west,0,paid
CUST101543,user1543@example.com,41.0,23.1,94.2,52020.0,27340.0,616.0,1,standard,month-to-month,e_check,south,1,overdue
CUST101544,user1544@example.com,58.0,5.0,30.58,76681.0,42447.0,624.0,4,standard,month-to-month,mailed_check,south,1,overdue
CUST101545,user1545@example.com,39.0,34.7,67.31,37027.0,3838.0,735.0,0,basic,month-to-month,e_check,west,0,paid
CUST101546,user1546@example.com,21.0,37.0,34.63,40694.0,14442.0,728.0,3,standard,month-to-month,e_check,south,1,overdue
CUST101547,user1547@example.com,32.0,6.0,61.04,37408.0,4528.0,626.0,3,basic,month-to-month,mailed_check,north,1,overdue
CUST101548,user1548@example.com,49.0,2.6,110.41,58068.0,10938.0,720.0,1,standard,one-year,e_check,north,0,paid
CUST101549,user1549@example.com,47.0,4.2,97.33,,21656.0,548.0,2,standard,one-year,credit_card,south,1,overdue
CUST101550,user1550@example.com,23.0,87.3,86.56,65943.0,14583.0,627.0,2,standard,month-to-month,e_check,east,1,overdue
CUST101551,user1551@example.com,33.0,5.1,65.46,12000.0,5326.0,590.0,3,premium,month-to-month,mailed_check,south,0,paid
CUST101552,user1552@example.com,35.0,4.1,45.16,67973.0,6351.0,650.0,1,standard,month-to-month,bank_transfer,south,0,paid
CUST101553,user1553@example.com,38.0,2.9,74.68,46158.0,17890.0,709.0,1,basic,one-year,credit_card,north,1,overdue
CUST101554,user1554@example.com,25.0,1.4,97.77,65188.0,24105.0,694.0,0,basic,one-year,e_check,north,1,overdue
CUST101555,user1555@example.com,34.0,2.0,80.25,52010.0,25119.0,684.0,2,basic,month-to-month,e_check,north,1,overdue
CUST101556,user1556@example.com,33.0,82.7,30.36,37791.0,3899.0,661.0,2,premium,one-year,e_check,north,0,paid
CUST101557,user1557@example.com,51.0,0.3,72.62,53571.0,12478.0,,0,basic,month-to-month,credit_card,south,0,paid
CUST101558,user1558@example.com,52.0,16.5,22.17,46171.0,20011.0,746.0,1,standard,month-to-month,bank_transfer,east,0,paid
CUST101559,user1559@example.com,40.0,2.8,90.1,61154.0,26995.0,526.0,0,standard,month-to-month,e_check,east,1,overdue
CUST101560,user1560@example.com,37.0,20.2,52.67,37280.0,11083.0,597.0,0,standard,month-to-month,bank_transfer,north,1,unpaid
CUST101561,user1561@example.com,44.0,3.7,39.42,32505.0,9881.0,683.0,1,standard,month-to-month,bank_transfer,east,0,paid
CUST101562,user1562@example.com,32.0,46.6,90.45,69642.0,40443.0,772.0,2,basic,one-year,e_check,south,1,overdue
CUST101563,user1563@example.com,28.0,61.0,83.98,77177.0,17706.0,622.0,0,basic,month-to-month,bank_transfer,north,0,paid
CUST101564,user1564@example.com,31.0,33.0,75.81,66601.0,8829.0,629.0,1,basic,month-to-month,bank_transfer,north,1,overdue
CUST101565,user1565@example.com,34.0,22.3,124.79,42025.0,24125.0,547.0,0,standard,month-to-month,e_check,west,1,overdue
CUST101566,user1566@example.com,28.0,28.9,85.87,40199.0,19910.0,607.0,1,premium,one-year,bank_transfer,south,1,unpaid
CUST101567,user1567@example.com,44.0,18.2,53.88,41350.0,7459.0,707.0,3,basic,month-to-month,e_check,south,0,paid
CUST101568,user1568@example.com,51.0,10.5,82.98,72808.0,37969.0,776.0,3,basic,one-year,credit_card,north,0,paid
CUST101569,user1569@example.com,23.0,2.5,62.85,38499.0,7267.0,627.0,2,premium,two-year,credit_card,east,1,overdue
CUST101570,user1570@example.com,42.0,31.2,101.67,72681.0,36711.0,586.0,0,basic,one-year,e_check,south,1,overdue
CUST101571,user1571@example.com,39.0,25.3,77.02,67738.0,26805.0,656.0,4,standard,one-year,e_check,south,0,paid
CUST101572,user1572@example.com,46.0,6.3,79.5,79755.0,25156.0,521.0,1,standard,two-year,bank_transfer,south,0,paid
CUST101573,user1573@example.com,42.0,16.8,33.94,76263.0,42741.0,749.0,2,standard,two-year,e_check,south,0,paid
CUST101574,user1574@example.com,25.0,0.3,71.53,65853.0,32607.0,,2,premium,month-to-month,mailed_check,east,0,paid
CUST101575,user1575@example.com,27.0,15.2,68.59,25626.0,3113.0,675.0,1,family,month-to-month,e_check,east,1,overdue
CUST101576,user1576@example.com,42.0,10.3,44.39,67203.0,29439.0,674.0,0,basic,month-to-month,mailed_check,north,1,unpaid
CUST101577,user1577@example.com,54.0,1.3,64.46,57309.0,27751.0,700.0,3,basic,month-to-month,mailed_check,north,1,overdue
CUST101578,user1578@example.com,18.0,0.2,80.89,47535.0,16524.0,670.0,2,standard,month-to-month,e_check,west,1,overdue
CUST101579,user1579@example.com,46.0,8.3,69.89,82244.0,16600.0,650.0,0,standard,two-year,credit_card,north,0,paid
CUST101580,user1580@example.com,56.0,47.5,34.7,51973.0,9301.0,684.0,2,standard,one-year,bank_transfer,north,1,overdue
CUST101581,user1581@example.com,40.0,69.5,63.17,44411.0,26015.0,717.0,4,premium,month-to-month,e_check,west,1,overdue
CUST101582,user1582@example.com,49.0,96.4,58.3,77481.0,22488.0,794.0,2,standard,month-to-month,bank_transfer,west,1,overdue
CUST101583,user1583@example.com,34.0,31.1,74.84,46898.0,15727.0,562.0,1,standard,one-year,bank_transfer,south,0,paid
CUST101584,user1584@example.com,41.0,28.5,72.14,43410.0,16452.0,503.0,2,basic,month-to-month,bank_transfer,north,0,paid
CUST101585,user1585@example.com,23.0,5.6,59.71,32457.0,3419.0,526.0,1,premium,month-to-month,credit_card,west,0,paid
CUST101586,user1586@example.com,18.0,1.3,58.73,38596.0,3656.0,505.0,2,standard,two-year,credit_card,west,0,paid
CUST101587,user1587@example.com,53.0,45.8,71.68,40312.0,6409.0,554.0,1,basic,two-year,e_check,west,0,paid
CUST101588,user1588@example.com,30.0,103.6,94.07,67421.0,5794.0,544.0,2,standard,month-to-month,mailed_check,west,0,paid
CUST101589,user1589@example.com,37.0,13.7,76.97,34619.0,18838.0,617.0,1,basic,one-year,e_check,north,0,paid
CUST101590,user1590@example.com,25.0,12.3,105.58,17843.0,2345.0,718.0,2,standard,month-to-month,e_check,west,1,overdue
CUST101591,user1591@example.com,25.0,10.9,98.33,61065.0,10663.0,700.0,0,basic,two-year,mailed_check,south,0,paid
CUST101592,user1592@example.com,40.0,5.4,107.42,,14623.0,600.0,5,standard,month-to-month,e_check,south,1,unpaid
CUST101593,user1593@example.com,33.0,19.3,104.22,54675.0,29684.0,607.0,0,basic,month-to-month,credit_card,east,0,paid
CUST101594,user1594@example.com,47.0,51.6,109.07,80648.0,6207.0,811.0,2,basic,month-to-month,bank_transfer,west,0,paid
CUST101595,user1595@example.com,47.0,9.9,41.17,56431.0,9525.0,698.0,0,standard,month-to-month,credit_card,west,1,overdue
CUST101596,user1596@example.com,46.0,0.5,86.19,85192.0,37872.0,664.0,1,premium,month-to-month,bank_transfer,south,1,overdue
CUST101597,user1597@example.com,45.0,31.5,100.46,53637.0,17998.0,660.0,2,standard,month-to-month,e_check,west,1,overdue
CUST101598,user1598@example.com,61.0,31.4,104.98,75139.0,28326.0,627.0,0,basic,one-year,bank_transfer,south,1,overdue
CUST101599,user1599@example.com,29.0,57.6,50.73,44051.0,2613.0,810.0,1,standard,one-year,mailed_check,north,0,paid
CUST101600,user1600@example.com,41.0,77.6,86.43,57154.0,30105.0,635.0,0,standard,month-to-month,mailed_check,west,0,overdue
CUST101601,user1601@example.com,56.0,44.8,71.88,36341.0,13385.0,662.0,3,standard,month-to-month,e_check,east,1,overdue
CUST101602,user1602@example.com,57.0,10.6,116.18,38716.0,19703.0,518.0,0,basic,month-to-month,bank_transfer,north,1,overdue
CUST101603,user1603@example.com,25.0,8.0,35.32,50507.0,29297.0,599.0,1,standard,month-to-month,bank_transfer,south,1,unpaid
CUST101604,user1604@example.com,38.0,7.4,50.77,28429.0,12870.0,606.0,0,basic,month-to-month,credit_card,north,1,overdue
CUST101605,user1605@example.com,58.0,4.4,24.73,58187.0,3902.0,689.0,1,basic,one-year,e_check,south,1,unpaid
CUST101606,user1606@example.com,48.0,12.9,73.62,48945.0,21601.0,588.0,1,premium,one-year,bank_transfer,east,1,overdue
CUST101607,user1607@example.com,44.0,43.2,126.6,59692.0,21484.0,654.0,1,basic,two-year,e_check,north,0,paid
CUST101608,user1608@example.com,39.0,18.1,68.89,28736.0,3073.0,601.0,1,premium,two-year,e_check,south,1,overdue
CUST101609,user1609@example.com,37.0,4.4,72.53,69035.0,13720.0,562.0,0,standard,month-to-month,e_check,west,0,paid
CUST101610,user1610@example.com,45.0,0.3,83.76,88952.0,12708.0,559.0,1,basic,one-year,e_check,south,0,paid
CUST101611,user1611@example.com,39.0,5.7,67.09,84731.0,47336.0,636.0,2,standard,one-year,mailed_check,east,0,paid
CUST101612,user1612@example.com,41.0,31.7,79.15,93078.0,45367.0,,3,basic,two-year,credit_card,south,1,unpaid
CUST101613,user1613@example.com,43.0,14.3,79.81,55849.0,24320.0,635.0,1,premium,month-to-month,mailed_check,east,1,overdue
CUST101614,user1614@example.com,34.0,6.4,48.86,47953.0,22530.0,583.0,0,basic,month-to-month,e_check,north,0,paid
CUST101615,user1615@example.com,48.0,2.8,67.65,64752.0,24650.0,639.0,1,standard,month-to-month,credit_card,west,1,overdue
CUST101616,user1616@example.com,77.0,1.2,88.55,50236.0,26142.0,624.0,0,premium,month-to-month,credit_card,south,1,overdue
CUST101617,user1617@example.com,21.0,55.3,93.21,20191.0,3548.0,567.0,1,basic,one-year,e_check,north,1,unpaid
CUST101618,user1618@example.com,46.0,6.7,102.46,71386.0,13405.0,657.0,1,premium,two-year,e_check,north,0,paid
CUST101619,user1619@example.com,33.0,3.2,78.39,50312.0,18890.0,795.0,3,standard,month-to-month,e_check,east,1,overdue
CUST101620,user1620@example.com,49.0,34.5,78.89,25653.0,12713.0,638.0,2,family,month-to-month,credit_card,east,0,paid
CUST101621,user1621@example.com,43.0,12.6,88.75,,22851.0,533.0,1,standard,month-to-month,credit_card,south,1,overdue
CUST101622,user1622@example.com,51.0,44.3,55.13,50767.0,29797.0,767.0,1,basic,month-to-month,e_check,north,1,overdue
CUST101623,user1623@example.com,56.0,3.4,54.11,55237.0,25920.0,751.0,3,premium,month-to-month,mailed_check,south,1,unpaid
CUST101624,user1624@example.com,44.0,50.9,66.88,55477.0,9875.0,765.0,1,standard,month-to-month,e_check,east,0,paid
CUST101625,user1625@example.com,56.0,2.3,38.12,82380.0,14570.0,647.0,3,premium,month-to-month,mailed_check,west,1,overdue
CUST101626,user1626@example.com,18.0,3.3,80.17,29229.0,8625.0,587.0,2,standard,one-year,mailed_check,north,0,paid
CUST101627,user1627@example.com,61.0,0.0,96.23,51957.0,21177.0,579.0,0,standard,month-to-month,credit_card,south,1,overdue
CUST101628,user1628@example.com,47.0,26.6,52.25,37421.0,12429.0,741.0,1,family,month-to-month,bank_transfer,west,0,paid
CUST101629,user1629@example.com,55.0,5.2,80.88,80123.0,6980.0,,2,standard,one-year,mailed_check,west,1,overdue
CUST101630,user1630@example.com,27.0,94.7,54.27,43771.0,13790.0,576.0,1,premium,one-year,e_check,south,1,overdue
CUST101631,user1631@example.com,32.0,2.5,44.59,48123.0,24033.0,448.0,1,family,month-to-month,credit_card,south,0,paid
CUST101632,user1632@example.com,44.0,19.6,121.39,75994.0,13844.0,649.0,1,premium,one-year,credit_card,south,0,paid
CUST101633,user1633@example.com,42.0,56.2,44.94,81495.0,32539.0,578.0,3,premium,month-to-month,bank_transfer,east,1,overdue
CUST101634,user1634@example.com,45.0,4.1,38.02,84452.0,16751.0,593.0,1,basic,month-to-month,bank_transfer,west,0,paid
CUST101635,user1635@example.com,55.0,7.9,75.37,22138.0,7873.0,631.0,1,basic,two-year,credit_card,south,1,overdue
CUST101636,user1636@example.com,21.0,37.8,76.71,64658.0,28161.0,683.0,3,premium,two-year,credit_card,south,1,overdue
CUST101637,user1637@example.com,54.0,60.7,86.68,60402.0,9904.0,588.0,0,family,month-to-month,credit_card,north,1,overdue
CUST101638,user1638@example.com,42.0,16.1,120.03,53975.0,24653.0,661.0,3,standard,month-to-month,mailed_check,south,0,paid
CUST101639,user1639@example.com,40.0,12.5,50.57,56331.0,23777.0,640.0,0,premium,month-to-month,credit_card,east,0,paid
CUST101640,user1640@example.com,24.0,27.9,55.54,80715.0,17920.0,466.0,2,basic,one-year,mailed_check,east,1,overdue
CUST101641,user1641@example.com,48.0,18.2,110.22,75772.0,41086.0,694.0,0,basic,month-to-month,mailed_check,east,0,paid
CUST101642,user1642@example.com,18.0,4.9,93.48,72938.0,34958.0,614.0,1,basic,month-to-month,bank_transfer,south,1,overdue
CUST101643,user1643@example.com,50.0,46.9,90.0,59138.0,19907.0,549.0,0,basic,month-to-month,mailed_check,north,0,paid
CUST101644,user1644@example.com,24.0,1.6,55.25,100412.0,9587.0,592.0,3,basic,two-year,e_check,south,0,paid
CUST101645,user1645@example.com,43.0,5.4,98.15,46988.0,13736.0,,1,basic,month-to-month,e_check,south,1,overdue
CUST101646,user1646@example.com,41.0,26.0,90.08,22681.0,5249.0,654.0,1,standard,two-year,mailed_check,north,0,paid
CUST101647,user1647@example.com,56.0,16.1,74.74,49695.0,9658.0,702.0,3,standard,month-to-month,bank_transfer,west,1,unpaid
CUST101648,user1648@example.com,40.0,16.8,55.38,56155.0,22685.0,685.0,1,standard,month-to-month,bank_transfer,south,1,overdue
CUST101649,user1649@example.com,34.0,3.3,72.67,81064.0,45149.0,556.0,3,basic,two-year,mailed_check,south,1,overdue
CUST101650,user1650@example.com,36.0,48.8,111.21,44780.0,5849.0,414.0,3,standard,month-to-month,e_check,east,1,overdue
CUST101651,user1651@example.com,57.0,6.8,42.65,64825.0,29683.0,660.0,0,basic,one-year,bank_transfer,east,0,paid
CUST101652,user1652@example.com,48.0,27.7,50.01,25455.0,9977.0,700.0,0,standard,month-to-month,mailed_check,west,1,unpaid
CUST101653,user1653@example.com,37.0,0.5,54.3,76628.0,31944.0,634.0,0,basic,month-to-month,mailed_check,south,0,paid
CUST101654,user1654@example.com,39.0,16.5,59.73,56366.0,29020.0,703.0,0,premium,one-year,credit_card,east,0,paid
CUST101655,user1655@example.com,23.0,19.1,69.61,49389.0,12668.0,570.0,1,basic,month-to-month,credit_card,north,1,overdue
CUST101656,user1656@example.com,47.0,75.8,93.96,97633.0,36003.0,622.0,3,basic,one-year,e_check,north,1,unpaid
CUST101657,user1657@example.com,21.0,45.2,81.54,76398.0,15452.0,576.0,0,basic,month-to-month,credit_card,east,0,paid
CUST101658,user1658@example.com,51.0,101.8,71.52,34203.0,7057.0,706.0,3,basic,two-year,e_check,north,0,paid
CUST101659,user1659@example.com,44.0,7.1,76.92,52812.0,17550.0,577.0,4,basic,month-to-month,bank_transfer,south,0,paid
CUST101660,user1660@example.com,71.0,42.8,85.6,109726.0,5927.0,815.0,1,family,month-to-month,credit_card,east,0,paid
CUST101661,user1661@example.com,29.0,9.9,27.96,94576.0,17635.0,610.0,0,basic,month-to-month,mailed_check,east,0,paid
CUST101662,user1662@example.com,41.0,4.0,96.79,73459.0,9799.0,714.0,2,standard,two-year,mailed_check,south,1,overdue
CUST101663,user1663@example.com,64.0,44.5,49.34,18059.0,2094.0,611.0,0,standard,two-year,e_check,south,0,paid
CUST101664,user1664@example.com,56.0,25.4,58.91,81643.0,21353.0,757.0,3,premium,month-to-month,e_check,west,0,paid
CUST101665,user1665@example.com,34.0,51.3,78.51,42296.0,4543.0,754.0,3,standard,month-to-month,bank_transfer,east,0,paid
CUST101666,user1666@example.com,45.0,8.0,68.11,81470.0,10987.0,624.0,2,basic,month-to-month,bank_transfer,south,1,unpaid
CUST101667,user1667@example.com,42.0,19.1,82.17,40547.0,16940.0,672.0,1,basic,one-year,credit_card,east,0,paid
CUST101668,user1668@example.com,45.0,20.6,73.55,64777.0,26444.0,752.0,2,standard,month-to-month,credit_card,south,0,paid
CUST101669,user1669@example.com,34.0,8.3,62.77,42194.0,24041.0,674.0,2,standard,two-year,e_check,east,0,overdue
CUST101670,user1670@example.com,41.0,49.0,108.22,47734.0,26547.0,576.0,4,standard,one-year,bank_transfer,south,0,paid
CUST101671,user1671@example.com,23.0,4.9,87.7,67444.0,35790.0,656.0,1,standard,month-to-month,e_check,west,0,paid
CUST101672,user1672@example.com,44.0,39.3,77.55,28622.0,12308.0,590.0,3,premium,one-year,e_check,north,0,paid
CUST101673,user1673@example.com,47.0,79.8,87.31,102448.0,20144.0,662.0,4,standard,two-year,credit_card,north,0,paid
CUST101674,user1674@example.com,39.0,6.3,52.37,34456.0,5099.0,587.0,1,basic,month-to-month,mailed_check,east,1,overdue
CUST101675,user1675@example.com,23.0,9.2,124.37,33337.0,19075.0,680.0,0,premium,month-to-month,mailed_check,north,0,paid
CUST101676,user1676@example.com,54.0,17.8,42.81,67503.0,39003.0,507.0,2,basic,one-year,credit_card,east,1,overdue
CUST101677,user1677@example.com,46.0,104.2,72.83,80839.0,26470.0,560.0,1,family,month-to-month,mailed_check,north,0,paid
CUST101678,user1678@example.com,33.0,2.3,62.84,48526.0,17063.0,587.0,2,premium,month-to-month,credit_card,north,1,overdue
CUST101679,user1679@example.com,39.0,6.7,61.89,33571.0,1778.0,637.0,3,premium,month-to-month,bank_transfer,east,0,paid
CUST101680,user1680@example.com,24.0,19.2,58.64,36552.0,4815.0,529.0,1,family,one-year,bank_transfer,west,0,paid
CUST101681,user1681@example.com,30.0,2.2,50.71,34400.0,12050.0,579.0,2,premium,two-year,credit_card,south,0,paid
CUST101682,user1682@example.com,36.0,43.0,99.71,61164.0,9174.0,712.0,0,basic,two-year,bank_transfer,north,0,paid
CUST101683,user1683@example.com,57.0,4.9,39.88,53600.0,16793.0,,3,standard,month-to-month,e_check,west,1,overdue
CUST101684,user1684@example.com,34.0,1.2,94.59,63517.0,30946.0,447.0,6,standard,month-to-month,bank_transfer,south,1,overdue
CUST101685,user1685@example.com,50.0,8.2,86.21,62297.0,30552.0,603.0,2,standard,two-year,e_check,south,1,overdue
CUST101686,user1686@example.com,36.0,50.3,60.48,71486.0,37453.0,752.0,0,basic,one-year,credit_card,south,0,paid
CUST101687,user1687@example.com,45.0,4.6,83.32,46801.0,8407.0,681.0,2,basic,month-to-month,mailed_check,south,1,unpaid
CUST101688,user1688@example.com,40.0,1.9,66.05,40236.0,11570.0,683.0,1,standard,one-year,mailed_check,south,1,unpaid
CUST101689,user1689@example.com,52.0,10.9,42.47,58126.0,22946.0,695.0,2,premium,one-year,credit_card,east,1,unpaid
CUST101690,user1690@example.com,36.0,46.7,42.74,53900.0,19921.0,573.0,1,basic,one-year,bank_transfer,east,0,paid
CUST101691,user1691@example.com,23.0,6.4,86.39,60059.0,36005.0,667.0,3,basic,month-to-month,mailed_check,east,1,overdue
CUST101692,user1692@example.com,25.0,36.9,85.09,40766.0,8233.0,688.0,2,standard,one-year,bank_transfer,east,0,paid
CUST101693,user1693@example.com,36.0,35.9,76.05,67844.0,6054.0,659.0,2,standard,month-to-month,e_check,north,1,overdue
CUST101694,user1694@example.com,27.0,8.5,60.21,31433.0,8277.0,619.0,0,basic,two-year,mailed_check,east,0,paid
CUST101695,user1695@example.com,47.0,16.1,65.24,46192.0,15470.0,646.0,2,basic,two-year,credit_card,south,0,paid
CUST101696,user1696@example.com,36.0,7.9,61.86,77581.0,20402.0,,1,standard,two-year,e_check,north,0,paid
CUST101697,user1697@example.com,70.0,6.9,26.33,32374.0,7305.0,699.0,2,premium,month-to-month,mailed_check,west,0,paid
CUST101698,user1698@example.com,21.0,21.5,71.53,76005.0,14554.0,535.0,0,basic,month-to-month,e_check,south,0,paid
CUST101699,user1699@example.com,44.0,81.1,83.06,26818.0,7646.0,585.0,0,family,one-year,e_check,east,1,overdue
CUST101700,user1700@example.com,28.0,11.5,71.69,23295.0,9995.0,705.0,1,family,month-to-month,e_check,west,1,overdue
CUST101701,user1701@example.com,36.0,95.5,114.23,25123.0,3313.0,673.0,3,standard,month-to-month,credit_card,south,1,unpaid
CUST101702,user1702@example.com,44.0,13.8,44.89,57336.0,30161.0,611.0,2,family,one-year,mailed_check,north,0,paid
CUST101703,user1703@example.com,18.0,24.0,53.47,69592.0,28019.0,513.0,2,standard,month-to-month,e_check,west,1,overdue
CUST101704,user1704@example.com,45.0,12.0,73.33,80852.0,8817.0,646.0,2,standard,month-to-month,e_check,east,1,overdue
CUST101705,user1705@example.com,65.0,4.4,76.09,79257.0,4988.0,600.0,0,premium,two-year,e_check,west,0,paid
CUST101706,user1706@example.com,37.0,1.1,22.47,,5654.0,688.0,1,basic,month-to-month,mailed_check,east,1,overdue
CUST101707,user1707@example.com,45.0,60.0,85.07,38364.0,3825.0,609.0,2,premium,two-year,bank_transfer,south,0,paid
CUST101708,user1708@example.com,54.0,9.0,76.21,38190.0,15427.0,510.0,1,family,one-year,mailed_check,east,1,overdue
CUST101709,user1709@example.com,40.0,71.8,17.02,70756.0,40152.0,539.0,0,standard,one-year,credit_card,south,0,paid
CUST101710,user1710@example.com,35.0,13.8,67.08,83426.0,10288.0,616.0,2,basic,month-to-month,bank_transfer,east,1,overdue
CUST101711,user1711@example.com,18.0,0.1,49.79,34377.0,7095.0,659.0,4,basic,month-to-month,mailed_check,west,1,unpaid
CUST101712,user1712@example.com,50.0,18.8,58.67,80880.0,42560.0,,0,basic,two-year,e_check,west,0,paid
CUST101713,user1713@example.com,41.0,52.6,36.55,16593.0,5445.0,589.0,1,basic,one-year,mailed_check,south,0,paid
CUST101714,user1714@example.com,30.0,24.5,80.4,62799.0,17893.0,713.0,3,premium,month-to-month,credit_card,south,0,paid
CUST101715,user1715@example.com,44.0,44.1,114.04,52924.0,16421.0,739.0,2,basic,month-to-month,mailed_check,east,1,overdue
CUST101716,user1716@example.com,35.0,17.7,76.63,,5378.0,672.0,2,family,month-to-month,bank_transfer,north,1,unpaid
CUST101717,user1717@example.com,36.0,5.5,16.02,55625.0,9499.0,627.0,2,premium,one-year,e_check,east,1,overdue
CUST101718,user1718@example.com,49.0,12.4,77.14,37925.0,21963.0,600.0,2,premium,month-to-month,credit_card,south,1,overdue
CUST101719,user1719@example.com,26.0,23.1,65.13,63922.0,25817.0,693.0,1,standard,month-to-month,credit_card,east,1,unpaid
CUST101720,user1720@example.com,55.0,46.1,42.47,56213.0,11662.0,625.0,1,basic,two-year,bank_transfer,south,0,paid
CUST101721,user1721@example.com,25.0,3.3,78.84,73706.0,42074.0,724.0,3,premium,month-to-month,e_check,north,1,overdue
CUST101722,user1722@example.com,34.0,55.3,91.99,86808.0,23319.0,728.0,3,standard,month-to-month,bank_transfer,north,0,paid
CUST101723,user1723@example.com,65.0,1.0,53.29,57538.0,7335.0,683.0,0,basic,month-to-month,mailed_check,north,0,paid
CUST101724,user1724@example.com,56.0,0.2,28.91,38626.0,22439.0,610.0,0,premium,one-year,credit_card,west,0,paid
CUST101725,user1725@example.com,43.0,6.9,19.71,32242.0,13421.0,616.0,1,basic,month-to-month,mailed_check,south,1,unpaid
CUST101726,user1726@example.com,31.0,31.0,53.36,88965.0,41284.0,519.0,1,standard,two-year,mailed_check,north,0,paid
CUST101727,user1727@example.com,36.0,3.0,66.11,86407.0,5390.0,646.0,1,basic,month-to-month,e_check,east,1,overdue
CUST101728,user1728@example.com,43.0,63.2,57.1,72747.0,14966.0,643.0,2,basic,month-to-month,bank_transfer,west,1,overdue
CUST101729,user1729@example.com,42.0,31.2,52.92,56197.0,32032.0,540.0,2,standard,month-to-month,bank_transfer,south,1,overdue
CUST101730,user1730@example.com,41.0,4.6,84.2,71303.0,9664.0,839.0,0,basic,one-year,credit_card,south,0,paid
CUST101731,user1731@example.com,42.0,6.0,81.57,81089.0,43011.0,694.0,3,standard,month-to-month,bank_transfer,east,1,unpaid
CUST101732,user1732@example.com,39.0,4.2,74.99,42641.0,20201.0,583.0,0,basic,month-to-month,credit_card,east,1,unpaid
CUST101733,user1733@example.com,25.0,18.4,90.41,55596.0,14354.0,814.0,0,standard,month-to-month,e_check,south,0,paid
CUST101734,user1734@example.com,36.0,32.2,53.59,32875.0,17677.0,610.0,1,standard,month-to-month,credit_card,north,0,paid
CUST101735,user1735@example.com,53.0,5.5,42.64,52419.0,29223.0,,0,basic,month-to-month,mailed_check,east,1,overdue
CUST101736,user1736@example.com,26.0,6.4,56.94,85885.0,45242.0,657.0,0,premium,month-to-month,credit_card,west,0,paid
CUST101737,user1737@example.com,40.0,13.1,55.22,76571.0,20989.0,613.0,1,standard,month-to-month,mailed_check,north,1,overdue
CUST101738,user1738@example.com,32.0,0.8,18.72,57700.0,21518.0,,0,basic,two-year,mailed_check,south,0,paid
CUST101739,user1739@example.com,43.0,74.9,56.36,12000.0,2620.0,765.0,1,standard,month-to-month,credit_card,south,0,paid
CUST101740,user1740@example.com,37.0,2.7,97.62,41884.0,5088.0,720.0,1,standard,one-year,mailed_check,south,0,paid
CUST101741,user1741@example.com,60.0,14.3,90.02,57048.0,31157.0,640.0,1,standard,one-year,credit_card,south,1,overdue
CUST101742,user1742@example.com,48.0,19.1,83.13,50682.0,29884.0,486.0,1,standard,month-to-month,bank_transfer,south,1,overdue
CUST101743,user1743@example.com,26.0,11.2,73.29,55655.0,4576.0,674.0,3,basic,two-year,mailed_check,east,0,paid
CUST101744,user1744@example.com,50.0,46.4,106.22,59852.0,25632.0,550.0,0,basic,month-to-month,credit_card,west,1,overdue
CUST101745,user1745@example.com,33.0,10.2,43.5,44326.0,25359.0,693.0,1,premium,two-year,bank_transfer,west,0,paid
CUST101746,user1746@example.com,35.0,10.3,45.88,54849.0,21082.0,593.0,1,basic,two-year,bank_transfer,north,0,paid
CUST101747,user1747@example.com,46.0,21.6,98.11,52011.0,3948.0,,1,standard,month-to-month,bank_transfer,south,1,overdue
CUST101748,user1748@example.com,36.0,15.2,70.69,40936.0,2383.0,599.0,0,family,month-to-month,bank_transfer,west,1,unpaid
CUST101749,user1749@example.com,53.0,23.7,53.22,91927.0,30084.0,732.0,1,premium,month-to-month,credit_card,east,0,paid
CUST101750,user1750@example.com,33.0,5.0,83.8,45471.0,25781.0,509.0,2,basic,one-year,e_check,south,1,unpaid
CUST101751,user1751@example.com,35.0,15.5,59.04,12000.0,2441.0,709.0,3,basic,month-to-month,credit_card,west,1,overdue
CUST101752,user1752@example.com,34.0,12.1,49.06,90665.0,22003.0,677.0,4,basic,two-year,bank_transfer,south,1,unpaid
CUST101753,user1753@example.com,35.0,12.1,48.37,38074.0,18573.0,644.0,1,basic,two-year,bank_transfer,south,0,paid
CUST101754,user1754@example.com,55.0,8.7,78.04,72998.0,35836.0,614.0,2,standard,month-to-month,bank_transfer,east,1,overdue
CUST101755,user1755@example.com,50.0,14.6,75.15,41382.0,23547.0,689.0,0,standard,month-to-month,credit_card,east,1,overdue
CUST101756,user1756@example.com,63.0,11.1,107.92,66386.0,33941.0,615.0,0,standard,two-year,credit_card,north,1,unpaid
CUST101757,user1757@example.com,69.0,106.3,62.75,54037.0,20353.0,614.0,0,premium,month-to-month,mailed_check,south,0,paid
CUST101758,user1758@example.com,30.0,53.0,62.32,75007.0,42477.0,655.0,4,basic,month-to-month,mailed_check,west,0,paid
CUST101759,user1759@example.com,43.0,5.8,105.99,50726.0,19678.0,788.0,2,standard,one-year,e_check,west,0,paid
CUST101760,user1760@example.com,28.0,1.3,94.64,41894.0,15956.0,529.0,3,standard,one-year,credit_card,east,1,overdue
CUST101761,user1761@example.com,33.0,2.1,73.62,60140.0,3520.0,690.0,1,premium,month-to-month,mailed_check,south,1,unpaid
CUST101762,user1762@example.com,34.0,8.2,30.97,47350.0,14229.0,639.0,1,standard,month-to-month,mailed_check,north,1,unpaid
CUST101763,user1763@example.com,29.0,17.6,49.7,16417.0,1209.0,632.0,2,basic,one-year,bank_transfer,west,0,paid
CUST101764,user1764@example.com,29.0,17.5,43.65,42970.0,23390.0,528.0,0,premium,month-to-month,credit_card,east,0,paid
CUST101765,user1765@example.com,40.0,13.0,70.91,112375.0,6266.0,510.0,1,basic,month-to-month,mailed_check,north,1,unpaid
CUST101766,user1766@example.com,27.0,58.9,57.29,18573.0,4065.0,677.0,0,standard,month-to-month,mailed_check,west,1,overdue
CUST101767,user1767@example.com,52.0,45.0,110.07,59821.0,35730.0,548.0,3,basic,month-to-month,bank_transfer,west,1,unpaid
CUST101768,user1768@example.com,31.0,56.8,30.71,50142.0,24434.0,731.0,2,standard,month-to-month,bank_transfer,south,0,paid
CUST101769,user1769@example.com,76.0,3.8,40.97,91728.0,42811.0,569.0,1,family,one-year,bank_transfer,west,1,overdue
CUST101770,user1770@example.com,37.0,3.9,76.12,32779.0,14491.0,694.0,0,standard,one-year,e_check,west,0,paid
CUST101771,user1771@example.com,43.0,32.1,83.04,57026.0,4458.0,604.0,1,standard,month-to-month,e_check,north,0,paid
CUST101772,user1772@example.com,26.0,3.1,10.0,68724.0,14330.0,600.0,0,standard,month-to-month,e_check,east,0,paid
CUST101773,user1773@example.com,62.0,30.1,26.61,51414.0,25149.0,577.0,2,premium,one-year,e_check,east,0,paid
CUST101774,user1774@example.com,55.0,2.0,63.41,39649.0,21512.0,685.0,1,standard,month-to-month,e_check,west,1,overdue
CUST101775,user1775@example.com,46.0,18.4,103.9,54556.0,13232.0,707.0,1,basic,one-year,bank_transfer,north,0,paid
CUST101776,user1776@example.com,26.0,1.6,117.19,48810.0,9405.0,625.0,4,premium,two-year,e_check,north,1,unpaid
CUST101777,user1777@example.com,45.0,7.7,59.64,48754.0,8763.0,697.0,0,standard,month-to-month,credit_card,north,0,paid
CUST101778,user1778@example.com,29.0,8.3,65.73,73614.0,25871.0,651.0,0,family,one-year,bank_transfer,west,0,paid
CUST101779,user1779@example.com,60.0,36.7,49.08,63059.0,13262.0,543.0,0,premium,month-to-month,credit_card,east,0,paid
CUST101780,user1780@example.com,52.0,2.7,85.83,66035.0,4077.0,680.0,0,premium,one-year,bank_transfer,south,1,overdue
CUST101781,user1781@example.com,43.0,29.0,108.21,61606.0,16320.0,626.0,2,standard,two-year,bank_transfer,east,0,paid
CUST101782,user1782@example.com,18.0,7.7,101.4,74198.0,26307.0,441.0,2,family,two-year,credit_card,south,1,overdue
CUST101783,user1783@example.com,30.0,20.3,69.27,81085.0,32340.0,619.0,0,premium,month-to-month,credit_card,south,0,paid
CUST101784,user1784@example.com,50.0,55.1,49.04,49266.0,11756.0,515.0,1,standard,two-year,mailed_check,north,0,paid
CUST101785,user1785@example.com,57.0,35.0,70.2,71389.0,15894.0,551.0,0,basic,month-to-month,e_check,west,1,overdue
CUST101786,user1786@example.com,55.0,39.8,104.52,29076.0,5994.0,630.0,3,standard,one-year,e_check,east,1,unpaid
CUST101787,user1787@example.com,23.0,80.9,59.99,12000.0,4714.0,644.0,1,basic,month-to-month,bank_transfer,east,0,paid
CUST101788,user1788@example.com,46.0,2.5,24.61,91528.0,18854.0,583.0,1,basic,one-year,credit_card,south,0,paid
CUST101789,user1789@example.com,54.0,70.7,61.0,48333.0,26789.0,692.0,1,basic,month-to-month,e_check,east,1,unpaid
CUST101790,user1790@example.com,22.0,65.8,63.02,60049.0,12306.0,641.0,0,basic,two-year,bank_transfer,west,0,paid
CUST101791,user1791@example.com,42.0,19.9,24.47,30496.0,14791.0,616.0,0,standard,month-to-month,bank_transfer,east,1,overdue
CUST101792,user1792@example.com,45.0,45.9,75.8,29573.0,6679.0,653.0,1,premium,month-to-month,credit_card,west,0,paid
CUST101793,user1793@example.com,38.0,0.4,82.65,40741.0,16260.0,746.0,2,basic,month-to-month,credit_card,south,1,unpaid
CUST101794,user1794@example.com,20.0,18.0,116.5,67858.0,29481.0,478.0,0,standard,month-to-month,e_check,west,1,unpaid
CUST101795,user1795@example.com,38.0,14.5,36.69,44669.0,6517.0,754.0,4,family,month-to-month,bank_transfer,north,0,paid
CUST101796,user1796@example.com,38.0,97.1,88.26,48284.0,12505.0,601.0,3,standard,month-to-month,e_check,west,1,unpaid
CUST101797,user1797@example.com,40.0,7.1,94.17,40110.0,4820.0,588.0,6,basic,month-to-month,e_check,east,1,overdue
CUST101798,user1798@example.com,35.0,18.1,82.99,78316.0,25912.0,618.0,4,standard,two-year,e_check,south,1,unpaid
CUST101799,user1799@example.com,37.0,4.7,44.83,72371.0,39817.0,579.0,0,standard,month-to-month,e_check,west,1,unpaid
CUST101800,user1800@example.com,42.0,18.6,43.38,45317.0,17127.0,567.0,0,basic,two-year,bank_transfer,east,1,overdue
CUST101801,user1801@example.com,47.0,39.2,72.43,68682.0,29940.0,718.0,0,standard,one-year,bank_transfer,west,1,overdue
CUST101802,user1802@example.com,38.0,29.4,72.25,50095.0,10304.0,,2,family,month-to-month,e_check,east,1,unpaid
CUST101803,user1803@example.com,37.0,0.1,56.01,48249.0,14838.0,497.0,2,standard,month-to-month,bank_transfer,north,1,unpaid
CUST101804,user1804@example.com,43.0,1.3,102.29,54006.0,24704.0,704.0,2,family,two-year,bank_transfer,west,1,overdue
CUST101805,user1805@example.com,19.0,26.0,59.98,67865.0,8294.0,692.0,3,standard,one-year,e_check,east,0,paid
CUST101806,user1806@example.com,48.0,23.2,22.66,37156.0,4345.0,531.0,1,basic,month-to-month,mailed_check,west,0,paid
CUST101807,user1807@example.com,42.0,16.8,64.4,65048.0,11282.0,664.0,1,premium,month-to-month,e_check,north,1,unpaid
CUST101808,user1808@example.com,42.0,6.6,82.01,,18917.0,700.0,1,premium,one-year,e_check,east,1,unpaid
CUST101809,user1809@example.com,54.0,0.3,78.55,58662.0,33984.0,522.0,1,basic,two-year,e_check,north,0,paid
CUST101810,user1810@example.com,19.0,37.0,78.36,55714.0,7646.0,673.0,0,basic,one-year,credit_card,east,0,paid
CUST101811,user1811@example.com,18.0,22.7,107.35,53317.0,5749.0,596.0,2,standard,month-to-month,e_check,north,1,unpaid
CUST101812,user1812@example.com,45.0,35.3,42.13,64564.0,8117.0,693.0,1,family,month-to-month,e_check,north,1,overdue
CUST101813,user1813@example.com,42.0,32.3,59.41,22792.0,3683.0,,1,premium,month-to-month,bank_transfer,west,1,overdue
CUST101814,user1814@example.com,44.0,17.3,108.63,89022.0,22504.0,733.0,0,standard,month-to-month,e_check,north,1,unpaid
CUST101815,user1815@example.com,36.0,12.3,20.82,74624.0,11823.0,631.0,1,premium,month-to-month,e_check,east,0,paid
CUST101816,user1816@example.com,50.0,2.2,68.66,42110.0,4139.0,601.0,2,basic,one-year,mailed_check,east,0,paid
CUST101817,user1817@example.com,53.0,15.1,100.72,55631.0,6962.0,592.0,0,standard,one-year,mailed_check,south,1,unpaid
CUST101818,user1818@example.com,48.0,15.3,100.35,43853.0,21239.0,720.0,1,premium,one-year,bank_transfer,north,0,paid
CUST101819,user1819@example.com,39.0,6.5,86.5,60985.0,20493.0,592.0,1,basic,month-to-month,credit_card,west,1,unpaid
CUST101820,user1820@example.com,18.0,49.4,87.14,56227.0,25878.0,735.0,0,basic,month-to-month,credit_card,east,0,paid
CUST101821,user1821@example.com,51.0,26.2,43.97,59573.0,8768.0,667.0,1,standard,month-to-month,mailed_check,north,0,paid
CUST101822,user1822@example.com,57.0,3.4,104.33,34434.0,7501.0,539.0,1,family,month-to-month,bank_transfer,east,1,overdue
CUST101823,user1823@example.com,50.0,63.7,40.0,45369.0,26780.0,652.0,4,family,month-to-month,credit_card,south,0,paid
CUST101824,user1824@example.com,31.0,20.7,41.49,77921.0,7568.0,654.0,1,standard,month-to-month,e_check,east,1,unpaid
CUST101825,user1825@example.com,50.0,7.7,79.7,44324.0,12910.0,537.0,3,standard,month-to-month,credit_card,north,0,paid
CUST101826,user1826@example.com,52.0,70.1,57.67,12000.0,2552.0,,3,standard,month-to-month,credit_card,north,0,paid
CUST101827,user1827@example.com,61.0,15.0,75.17,51987.0,2809.0,693.0,1,basic,month-to-month,e_check,south,1,overdue
CUST101828,user1828@example.com,31.0,43.8,80.77,103230.0,36528.0,740.0,1,standard,month-to-month,credit_card,west,0,paid
CUST101829,user1829@example.com,39.0,23.9,114.45,71978.0,25372.0,737.0,2,standard,one-year,bank_transfer,south,0,paid
CUST101830,user1830@example.com,51.0,6.4,80.84,43317.0,9801.0,841.0,1,basic,one-year,e_check,north,1,unpaid
CUST101831,user1831@example.com,43.0,30.1,54.54,53988.0,16722.0,650.0,4,premium,month-to-month,mailed_check,west,1,overdue
CUST101832,user1832@example.com,29.0,7.8,86.91,68597.0,18217.0,694.0,0,standard,two-year,bank_transfer,east,0,paid
CUST101833,user1833@example.com,47.0,9.5,49.21,19875.0,6068.0,602.0,1,premium,month-to-month,bank_transfer,north,0,paid
CUST101834,user1834@example.com,49.0,12.4,92.83,37879.0,19562.0,801.0,1,standard,month-to-month,e_check,north,1,overdue
CUST101835,user1835@example.com,43.0,11.5,71.62,62967.0,27875.0,579.0,1,basic,two-year,e_check,north,0,paid
CUST101836,user1836@example.com,45.0,22.1,80.01,86890.0,17737.0,797.0,3,standard,month-to-month,credit_card,south,0,paid
CUST101837,user1837@example.com,39.0,36.0,25.48,46214.0,8399.0,787.0,2,family,month-to-month,credit_card,north,0,paid
CUST101838,user1838@example.com,60.0,13.6,13.73,86340.0,38756.0,587.0,1,standard,month-to-month,e_check,north,0,paid
CUST101839,user1839@example.com,31.0,17.0,32.46,39914.0,6924.0,733.0,2,standard,month-to-month,bank_transfer,east,1,overdue
CUST101840,user1840@example.com,35.0,2.7,113.64,12000.0,6590.0,687.0,2,premium,two-year,bank_transfer,west,0,paid
CUST101841,user1841@example.com,42.0,17.9,41.3,69876.0,35501.0,617.0,2,premium,two-year,e_check,north,0,overdue
CUST101842,user1842@example.com,53.0,5.2,88.31,65808.0,12430.0,639.0,1,family,two-year,bank_transfer,east,1,overdue
CUST101843,user1843@example.com,24.0,9.5,53.95,69724.0,34222.0,671.0,1,standard,month-to-month,credit_card,west,1,overdue
CUST101844,user1844@example.com,26.0,10.2,64.0,68942.0,10703.0,679.0,0,basic,month-to-month,bank_transfer,west,0,paid
CUST101845,user1845@example.com,18.0,18.5,68.88,58835.0,3746.0,770.0,2,basic,month-to-month,e_check,south,1,overdue
CUST101846,user1846@example.com,42.0,32.5,111.09,49824.0,28829.0,696.0,0,standard,one-year,e_check,west,0,paid
CUST101847,user1847@example.com,29.0,15.1,84.61,50586.0,23712.0,588.0,2,basic,month-to-month,mailed_check,west,1,overdue
CUST101848,user1848@example.com,37.0,1.7,79.63,45792.0,14606.0,709.0,0,family,month-to-month,bank_transfer,east,1,overdue
CUST101849,user1849@example.com,50.0,64.7,102.42,46992.0,24143.0,510.0,3,family,month-to-month,bank_transfer,north,1,unpaid
CUST101850,user1850@example.com,34.0,5.8,54.17,18779.0,1722.0,619.0,3,standard,two-year,mailed_check,south,0,paid
CUST101851,user1851@example.com,45.0,14.4,96.71,30714.0,14031.0,627.0,0,basic,two-year,e_check,south,0,paid
CUST101852,user1852@example.com,38.0,72.7,92.53,51732.0,29796.0,703.0,2,basic,one-year,credit_card,east,1,overdue
CUST101853,user1853@example.com,50.0,64.0,92.25,12000.0,6003.0,792.0,3,standard,one-year,e_check,west,1,overdue
CUST101854,user1854@example.com,48.0,20.4,66.12,14843.0,4266.0,667.0,2,standard,two-year,mailed_check,north,1,overdue
CUST101855,user1855@example.com,34.0,29.3,59.07,48314.0,11618.0,621.0,1,premium,month-to-month,mailed_check,south,1,overdue
CUST101856,user1856@example.com,40.0,44.5,48.25,52433.0,28357.0,594.0,3,family,month-to-month,e_check,west,0,paid
CUST101857,user1857@example.com,55.0,8.5,49.82,48733.0,10250.0,717.0,1,basic,month-to-month,credit_card,south,0,paid
CUST101858,user1858@example.com,47.0,29.3,47.07,12000.0,6787.0,634.0,5,family,month-to-month,bank_transfer,west,1,unpaid
CUST101859,user1859@example.com,25.0,8.1,79.17,86048.0,19440.0,610.0,2,family,one-year,e_check,north,1,overdue
CUST101860,user1860@example.com,50.0,32.5,64.29,26275.0,3120.0,726.0,3,premium,month-to-month,mailed_check,south,0,paid
CUST101861,user1861@example.com,29.0,12.0,80.79,38637.0,6945.0,744.0,0,standard,one-year,e_check,east,0,paid
CUST101862,user1862@example.com,59.0,7.7,82.2,29765.0,9992.0,573.0,2,standard,one-year,credit_card,east,1,overdue
CUST101863,user1863@example.com,54.0,42.0,43.51,80981.0,9888.0,530.0,0,standard,month-to-month,e_check,south,0,paid
CUST101864,user1864@example.com,45.0,4.3,42.76,63428.0,16426.0,642.0,1,standard,month-to-month,credit_card,west,1,overdue
CUST101865,user1865@example.com,44.0,25.6,64.28,45535.0,24963.0,559.0,3,basic,two-year,e_check,east,1,overdue
CUST101866,user1866@example.com,39.0,0.3,50.62,44127.0,4485.0,548.0,2,standard,one-year,mailed_check,south,1,overdue
CUST101867,user1867@example.com,50.0,14.9,47.99,58592.0,22734.0,567.0,3,family,one-year,mailed_check,west,1,overdue
CUST101868,user1868@example.com,38.0,47.8,112.39,30069.0,8181.0,734.0,2,basic,month-to-month,e_check,south,0,paid
CUST101869,user1869@example.com,45.0,39.0,31.67,62615.0,25428.0,702.0,3,basic,one-year,e_check,east,0,paid
CUST101870,user1870@example.com,52.0,17.7,120.58,44027.0,14057.0,847.0,0,basic,month-to-month,credit_card,east,0,paid
CUST101871,user1871@example.com,35.0,10.4,77.22,65393.0,34801.0,599.0,1,standard,month-to-month,credit_card,north,0,paid
CUST101872,user1872@example.com,35.0,6.1,94.66,64714.0,17562.0,756.0,0,standard,month-to-month,credit_card,north,0,paid
CUST101873,user1873@example.com,28.0,3.9,91.71,43128.0,14216.0,689.0,1,basic,month-to-month,bank_transfer,south,0,paid
CUST101874,user1874@example.com,29.0,1.5,85.42,13946.0,1695.0,605.0,0,standard,two-year,mailed_check,south,1,overdue
CUST101875,user1875@example.com,20.0,8.6,111.55,50063.0,16004.0,,0,basic,one-year,e_check,east,1,unpaid
CUST101876,user1876@example.com,51.0,3.9,42.94,26011.0,2942.0,605.0,3,standard,month-to-month,e_check,east,0,paid
CUST101877,user1877@example.com,64.0,31.9,66.09,56573.0,20973.0,671.0,4,premium,one-year,credit_card,east,0,paid
CUST101878,user1878@example.com,59.0,0.0,48.68,49869.0,14216.0,729.0,3,basic,month-to-month,credit_card,east,0,overdue
CUST101879,user1879@example.com,22.0,39.8,27.6,43240.0,20792.0,621.0,1,premium,month-to-month,bank_transfer,north,0,paid
CUST101880,user1880@example.com,51.0,5.9,53.47,29089.0,8150.0,718.0,2,standard,month-to-month,credit_card,south,0,paid
CUST101881,user1881@example.com,59.0,46.5,116.81,78736.0,31245.0,752.0,2,standard,month-to-month,credit_card,south,0,paid
CUST101882,user1882@example.com,37.0,29.2,65.66,45926.0,3786.0,770.0,1,standard,month-to-month,bank_transfer,east,0,paid
CUST101883,user1883@example.com,43.0,4.9,119.59,102067.0,44962.0,556.0,1,premium,two-year,bank_transfer,east,0,paid
CUST101884,user1884@example.com,18.0,24.9,122.15,55699.0,32115.0,646.0,3,premium,one-year,bank_transfer,south,0,paid
CUST101885,user1885@example.com,45.0,96.0,144.88,,18379.0,707.0,3,standard,two-year,mailed_check,south,0,paid
CUST101886,user1886@example.com,29.0,12.8,117.64,55784.0,3091.0,563.0,2,basic,month-to-month,bank_transfer,west,1,overdue
CUST101887,user1887@example.com,44.0,9.5,128.95,61831.0,23620.0,545.0,0,standard,month-to-month,mailed_check,west,1,unpaid
CUST101888,user1888@example.com,23.0,29.5,78.13,76854.0,9979.0,648.0,0,premium,one-year,mailed_check,east,0,paid
CUST101889,user1889@example.com,49.0,34.5,75.71,77085.0,23694.0,617.0,0,basic,one-year,e_check,west,1,unpaid
CUST101890,user1890@example.com,54.0,18.2,77.37,19668.0,1334.0,636.0,4,family,one-year,e_check,north,0,paid
CUST101891,user1891@example.com,33.0,1.4,70.0,72110.0,21168.0,612.0,2,basic,one-year,credit_card,west,0,paid
CUST101892,user1892@example.com,28.0,0.4,73.74,64943.0,34482.0,823.0,1,standard,month-to-month,credit_card,east,1,overdue
CUST101893,user1893@example.com,18.0,65.7,88.8,55718.0,6935.0,613.0,1,standard,one-year,e_check,west,1,overdue
CUST101894,user1894@example.com,39.0,19.6,58.35,89251.0,28924.0,697.0,2,basic,two-year,e_check,south,0,paid
CUST101895,user1895@example.com,35.0,8.6,35.56,90055.0,17077.0,691.0,1,standard,one-year,e_check,west,1,overdue
CUST101896,user1896@example.com,23.0,20.3,79.09,73092.0,14148.0,515.0,2,basic,two-year,e_check,north,0,paid
CUST101897,user1897@example.com,47.0,18.6,52.68,44129.0,17820.0,767.0,2,basic,month-to-month,credit_card,south,1,overdue
CUST101898,user1898@example.com,37.0,0.7,55.27,31150.0,14378.0,700.0,3,standard,month-to-month,e_check,south,1,unpaid
CUST101899,user1899@example.com,29.0,2.4,66.43,70088.0,37168.0,663.0,1,basic,two-year,e_check,south,0,paid
CUST101900,user1900@example.com,35.0,10.7,60.7,82191.0,16688.0,735.0,3,standard,one-year,e_check,south,0,paid
CUST101901,user1901@example.com,55.0,99.7,97.75,14427.0,1283.0,646.0,1,premium,month-to-month,e_check,north,0,paid
CUST101902,user1902@example.com,49.0,9.9,65.83,76726.0,22500.0,721.0,0,premium,month-to-month,bank_transfer,south,1,overdue
CUST101903,user1903@example.com,40.0,23.7,99.01,49903.0,18540.0,500.0,1,basic,month-to-month,e_check,north,1,unpaid
CUST101904,user1904@example.com,49.0,1.5,75.15,18820.0,8596.0,715.0,2,basic,month-to-month,e_check,south,1,overdue
CUST101905,user1905@example.com,28.0,10.3,67.79,64388.0,29994.0,665.0,1,family,month-to-month,e_check,north,1,overdue
CUST101906,user1906@example.com,42.0,10.5,73.96,73188.0,38423.0,666.0,3,family,two-year,bank_transfer,west,0,paid
CUST101907,user1907@example.com,44.0,28.8,37.71,47973.0,3221.0,583.0,0,family,month-to-month,credit_card,north,1,overdue
CUST101908,user1908@example.com,36.0,7.9,78.45,33853.0,19958.0,632.0,0,standard,month-to-month,bank_transfer,north,0,paid
CUST101909,user1909@example.com,47.0,60.0,91.23,89242.0,51916.0,,2,standard,month-to-month,credit_card,north,0,paid
CUST101910,user1910@example.com,33.0,3.1,94.77,41627.0,2895.0,559.0,1,standard,month-to-month,credit_card,north,1,unpaid
CUST101911,user1911@example.com,48.0,49.2,36.2,78189.0,17382.0,679.0,1,premium,month-to-month,mailed_check,south,0,paid
CUST101912,user1912@example.com,49.0,3.0,32.03,24739.0,11653.0,776.0,1,basic,month-to-month,e_check,east,0,paid
CUST101913,user1913@example.com,18.0,47.0,56.58,63320.0,19831.0,536.0,1,basic,two-year,e_check,east,0,paid
CUST101914,user1914@example.com,56.0,15.3,104.62,62750.0,3298.0,,1,basic,month-to-month,bank_transfer,east,1,overdue
CUST101915,user1915@example.com,18.0,112.5,75.52,72468.0,17762.0,616.0,0,standard,two-year,mailed_check,west,0,paid
CUST101916,user1916@example.com,35.0,2.1,50.63,84860.0,31264.0,607.0,1,basic,month-to-month,mailed_check,north,1,overdue
CUST101917,user1917@example.com,54.0,23.2,33.68,38727.0,20671.0,656.0,1,basic,two-year,bank_transfer,north,0,paid
CUST101918,user1918@example.com,38.0,85.3,52.9,65415.0,33106.0,657.0,1,basic,one-year,bank_transfer,west,0,paid
CUST101919,user1919@example.com,24.0,19.5,51.21,27669.0,15784.0,665.0,1,premium,two-year,mailed_check,east,0,paid
CUST101920,user1920@example.com,29.0,67.2,93.39,27442.0,8434.0,560.0,1,standard,two-year,e_check,west,1,unpaid
CUST101921,user1921@example.com,54.0,3.6,95.31,43433.0,21241.0,737.0,5,standard,month-to-month,bank_transfer,east,1,overdue
CUST101922,user1922@example.com,19.0,9.4,43.75,63187.0,6660.0,656.0,2,basic,month-to-month,e_check,south,1,unpaid
CUST101923,user1923@example.com,56.0,8.4,88.83,88537.0,29673.0,698.0,2,standard,month-to-month,bank_transfer,east,0,paid
CUST101924,user1924@example.com,41.0,18.2,86.27,92179.0,51078.0,747.0,1,standard,month-to-month,credit_card,north,1,overdue
CUST101925,user1925@example.com,28.0,12.0,40.51,47902.0,24496.0,496.0,0,basic,month-to-month,bank_transfer,north,0,paid
CUST101926,user1926@example.com,35.0,0.7,67.9,61111.0,25091.0,700.0,0,basic,month-to-month,mailed_check,south,1,unpaid
CUST101927,user1927@example.com,30.0,24.5,673.7910991535238,73860.0,9754.0,637.0,1,premium,month-to-month,mailed_check,west,0,paid
CUST101928,user1928@example.com,52.0,10.5,74.08,70308.0,10556.0,732.0,3,premium,month-to-month,mailed_check,south,1,overdue
CUST101929,user1929@example.com,51.0,70.8,27.24,51611.0,21845.0,586.0,2,basic,two-year,e_check,south,0,paid
CUST101930,user1930@example.com,21.0,7.7,73.28,56522.0,12947.0,725.0,2,standard,one-year,bank_transfer,south,1,overdue
CUST101931,user1931@example.com,37.0,33.5,85.91,52796.0,12206.0,566.0,2,premium,two-year,mailed_check,west,0,paid
CUST101932,user1932@example.com,32.0,18.3,109.49,50833.0,26239.0,682.0,3,standard,month-to-month,bank_transfer,north,1,unpaid
CUST101933,user1933@example.com,58.0,52.8,53.28,48172.0,2951.0,673.0,1,standard,two-year,bank_transfer,south,0,paid
CUST101934,user1934@example.com,26.0,5.8,56.36,52607.0,13987.0,638.0,0,family,month-to-month,mailed_check,west,0,paid
CUST101935,user1935@example.com,61.0,2.6,64.78,46884.0,8487.0,,1,standard,month-to-month,mailed_check,west,1,unpaid
CUST101936,user1936@example.com,42.0,3.9,77.28,32292.0,2096.0,621.0,2,standard,month-to-month,mailed_check,north,1,unpaid
CUST101937,user1937@example.com,28.0,2.3,72.43,72252.0,12219.0,724.0,2,standard,month-to-month,bank_transfer,east,0,paid
CUST101938,user1938@example.com,34.0,25.0,85.11,65325.0,9886.0,769.0,0,basic,month-to-month,e_check,west,0,paid
CUST101939,user1939@example.com,32.0,8.9,41.87,92532.0,30301.0,806.0,0,standard,two-year,bank_transfer,west,0,paid
CUST101940,user1940@example.com,27.0,40.5,79.92,62390.0,18053.0,692.0,0,basic,one-year,bank_transfer,south,0,paid
CUST101941,user1941@example.com,43.0,18.0,51.44,46661.0,14438.0,670.0,0,basic,month-to-month,mailed_check,south,0,paid
CUST101942,user1942@example.com,27.0,64.8,66.42,42471.0,22631.0,686.0,1,basic,month-to-month,mailed_check,west,0,paid
CUST101943,user1943@example.com,18.0,10.0,112.7,55947.0,18011.0,804.0,1,family,one-year,bank_transfer,south,0,paid
CUST101944,user1944@example.com,37.0,6.0,35.04,66058.0,26519.0,692.0,1,premium,month-to-month,bank_transfer,west,0,paid
CUST101945,user1945@example.com,20.0,29.2,63.01,50106.0,20349.0,657.0,2,basic,two-year,credit_card,south,0,paid
CUST101946,user1946@example.com,33.0,0.0,38.13,25595.0,8556.0,628.0,0,standard,month-to-month,bank_transfer,east,0,paid
CUST101947,user1947@example.com,31.0,82.5,73.83,40220.0,8753.0,637.0,3,standard,month-to-month,e_check,north,0,paid
CUST101948,user1948@example.com,32.0,0.4,96.21,55361.0,30268.0,681.0,1,standard,month-to-month,mailed_check,east,1,unpaid
CUST101949,user1949@example.com,66.0,20.3,74.24,69806.0,20313.0,590.0,0,basic,one-year,mailed_check,north,0,paid
CUST101950,user1950@example.com,43.0,24.8,67.08,25284.0,9206.0,600.0,0,family,one-year,e_check,south,0,paid
CUST101951,user1951@example.com,45.0,41.3,103.21,60302.0,21560.0,645.0,1,standard,one-year,credit_card,south,0,paid
CUST101952,user1952@example.com,21.0,8.5,78.26,59422.0,30020.0,614.0,0,premium,month-to-month,credit_card,south,0,paid
CUST101953,user1953@example.com,34.0,14.8,90.49,45968.0,15815.0,698.0,0,premium,month-to-month,mailed_check,south,1,overdue
CUST101954,user1954@example.com,45.0,6.6,87.88,43262.0,13035.0,704.0,5,family,month-to-month,mailed_check,west,1,unpaid
CUST101955,user1955@example.com,30.0,3.0,10.0,40274.0,12204.0,671.0,1,basic,two-year,mailed_check,north,1,overdue
CUST101956,user1956@example.com,53.0,33.6,68.08,57816.0,27692.0,689.0,0,standard,month-to-month,bank_transfer,east,1,overdue
CUST101957,user1957@example.com,28.0,27.0,654.2383026111956,77536.0,17949.0,659.0,0,standard,month-to-month,e_check,north,1,unpaid
CUST101958,user1958@example.com,39.0,60.6,49.27,78956.0,44544.0,347.0,2,standard,month-to-month,e_check,south,1,overdue
CUST101959,user1959@example.com,35.0,8.2,106.86,32520.0,16769.0,580.0,4,family,month-to-month,mailed_check,east,1,unpaid
CUST101960,user1960@example.com,44.0,5.6,60.63,51260.0,6463.0,707.0,1,standard,one-year,credit_card,north,0,paid
CUST101961,user1961@example.com,34.0,5.5,117.31,12000.0,2694.0,583.0,2,premium,month-to-month,credit_card,west,0,paid
CUST101962,user1962@example.com,39.0,0.5,34.81,57184.0,31342.0,718.0,2,standard,month-to-month,mailed_check,east,1,overdue
CUST101963,user1963@example.com,39.0,25.1,42.91,66953.0,13598.0,723.0,0,standard,month-to-month,e_check,north,0,paid
CUST101964,user1964@example.com,33.0,0.0,89.06,86419.0,19419.0,,2,basic,month-to-month,bank_transfer,west,1,overdue
CUST101965,user1965@example.com,48.0,11.6,61.47,19271.0,3268.0,603.0,0,basic,month-to-month,mailed_check,north,1,unpaid
CUST101966,user1966@example.com,45.0,14.6,77.68,33239.0,2656.0,651.0,3,standard,month-to-month,bank_transfer,west,1,overdue
CUST101967,user1967@example.com,41.0,16.9,67.19,57883.0,18126.0,646.0,1,basic,one-year,bank_transfer,east,0,overdue
CUST101968,user1968@example.com,37.0,80.4,66.44,22632.0,10528.0,700.0,6,basic,month-to-month,mailed_check,east,1,overdue
CUST101969,user1969@example.com,52.0,0.0,62.39,58444.0,24137.0,463.0,1,standard,month-to-month,mailed_check,east,0,paid
CUST101970,user1970@example.com,39.0,4.7,74.49,67460.0,4398.0,591.0,0,basic,month-to-month,mailed_check,south,1,unpaid
CUST101971,user1971@example.com,38.0,31.5,86.04,29374.0,9924.0,569.0,2,standard,month-to-month,e_check,west,0,paid
CUST101972,user1972@example.com,43.0,37.6,110.36,57652.0,13356.0,449.0,1,standard,month-to-month,mailed_check,north,0,paid
CUST101973,user1973@example.com,62.0,46.3,64.94,30756.0,12394.0,610.0,2,basic,month-to-month,bank_transfer,north,0,paid
CUST101974,user1974@example.com,26.0,32.4,60.16,82509.0,22511.0,530.0,0,basic,month-to-month,credit_card,west,1,overdue
CUST101975,user1975@example.com,51.0,8.4,56.94,59133.0,34847.0,619.0,4,standard,one-year,mailed_check,west,0,paid
CUST101976,user1976@example.com,19.0,29.6,106.74,42199.0,21338.0,611.0,0,standard,month-to-month,mailed_check,east,1,overdue
CUST101977,user1977@example.com,45.0,44.9,87.26,30237.0,13159.0,686.0,2,premium,month-to-month,bank_transfer,south,0,paid
CUST101978,user1978@example.com,61.0,37.7,22.52,62783.0,20945.0,630.0,2,standard,one-year,credit_card,east,0,paid
CUST101979,user1979@example.com,48.0,3.2,21.42,82159.0,30819.0,515.0,1,standard,two-year,credit_card,south,0,paid
CUST101980,user1980@example.com,44.0,6.2,49.25,,11601.0,678.0,0,standard,one-year,e_check,south,0,paid
CUST101981,user1981@example.com,35.0,4.0,75.75,46207.0,22506.0,844.0,0,basic,month-to-month,credit_card,south,1,unpaid
CUST101982,user1982@example.com,42.0,45.7,69.16,39957.0,21958.0,736.0,1,basic,two-year,e_check,north,0,paid
CUST101983,user1983@example.com,39.0,18.2,82.87,86110.0,51623.0,704.0,4,basic,month-to-month,mailed_check,west,1,overdue
CUST101984,user1984@example.com,33.0,9.2,65.61,16827.0,6384.0,634.0,3,standard,one-year,bank_transfer,east,0,paid
CUST101985,user1985@example.com,39.0,4.3,104.94,80712.0,34306.0,611.0,6,standard,one-year,e_check,north,1,overdue
CUST101986,user1986@example.com,44.0,2.0,89.3,47456.0,12810.0,605.0,2,basic,month-to-month,mailed_check,north,1,overdue
CUST101987,user1987@example.com,33.0,30.0,71.94,53568.0,2928.0,669.0,1,standard,month-to-month,e_check,east,1,overdue
CUST101988,user1988@example.com,32.0,2.2,98.63,48187.0,21047.0,559.0,2,family,month-to-month,mailed_check,north,1,unpaid
CUST101989,user1989@example.com,26.0,20.8,28.78,59792.0,33706.0,668.0,1,basic,month-to-month,credit_card,west,0,paid
CUST101990,user1990@example.com,47.0,7.1,67.87,40404.0,21123.0,597.0,4,premium,month-to-month,e_check,east,1,overdue
CUST101991,user1991@example.com,49.0,3.6,73.44,76168.0,40616.0,513.0,2,standard,one-year,mailed_check,west,1,overdue
CUST101992,user1992@example.com,45.0,0.1,85.05,76980.0,20875.0,596.0,0,premium,month-to-month,e_check,east,1,overdue
CUST101993,user1993@example.com,54.0,10.8,27.12,35332.0,15633.0,750.0,1,basic,one-year,e_check,west,0,paid
CUST101994,user1994@example.com,43.0,12.9,63.49,68349.0,27417.0,661.0,2,family,one-year,e_check,west,1,overdue
CUST101995,user1995@example.com,47.0,57.9,80.01,47870.0,16636.0,366.0,0,standard,one-year,credit_card,north,0,paid
CUST101996,user1996@example.com,46.0,10.8,81.93,56033.0,7474.0,596.0,1,standard,two-year,e_check,south,1,overdue
CUST101997,user1997@example.com,41.0,3.9,99.65,85503.0,31336.0,722.0,1,standard,month-to-month,bank_transfer,west,1,overdue
CUST101998,user1998@example.com,36.0,22.7,89.04,41519.0,8894.0,626.0,1,standard,month-to-month,mailed_check,north,1,overdue
CUST101999,user1999@example.com,69.0,1.0,68.48,73531.0,32131.0,692.0,2,standard,month-to-month,bank_transfer,west,0,paid
CUST102000,user2000@example.com,37.0,70.0,86.87,64143.0,36540.0,618.0,1,standard,one-year,bank_transfer,east,1,overdue
CUST102001,user2001@example.com,34.0,49.8,64.97,51119.0,23015.0,665.0,1,standard,month-to-month,e_check,west,0,paid
CUST102002,user2002@example.com,47.0,31.6,73.67,62348.0,12017.0,653.0,0,premium,month-to-month,credit_card,south,1,overdue
CUST102003,user2003@example.com,45.0,59.7,89.87,59968.0,18343.0,598.0,2,premium,month-to-month,bank_transfer,north,1,unpaid
CUST102004,user2004@example.com,25.0,14.6,68.87,31833.0,11481.0,696.0,2,standard,month-to-month,e_check,south,1,overdue
CUST102005,user2005@example.com,55.0,42.6,79.05,42866.0,19263.0,773.0,1,family,month-to-month,e_check,east,0,paid
CUST102006,user2006@example.com,41.0,15.5,94.03,34095.0,4477.0,681.0,0,premium,month-to-month,mailed_check,east,1,overdue
CUST102007,user2007@example.com,29.0,120.0,87.8,49468.0,16773.0,658.0,0,basic,month-to-month,mailed_check,south,0,paid
CUST102008,user2008@example.com,56.0,18.3,100.84,,42840.0,583.0,1,family,month-to-month,credit_card,south,1,unpaid
CUST102009,user2009@example.com,50.0,20.5,128.21,66621.0,4342.0,725.0,2,premium,month-to-month,bank_transfer,east,1,unpaid
CUST102010,user2010@example.com,27.0,17.8,87.57,26348.0,11861.0,609.0,0,standard,month-to-month,mailed_check,south,1,overdue
CUST102011,user2011@example.com,63.0,23.4,58.47,49533.0,26462.0,695.0,2,standard,one-year,mailed_check,north,0,paid
CUST102012,user2012@example.com,50.0,86.6,82.8,59672.0,29100.0,711.0,2,standard,two-year,e_check,east,0,paid
CUST102013,user2013@example.com,42.0,3.4,81.72,69882.0,39309.0,729.0,3,standard,month-to-month,bank_transfer,north,1,unpaid
CUST102014,user2014@example.com,61.0,4.7,85.34,41985.0,20173.0,730.0,0,standard,two-year,e_check,east,0,paid
CUST102015,user2015@example.com,44.0,17.6,107.38,30251.0,10132.0,728.0,2,family,month-to-month,bank_transfer,south,1,overdue
CUST102016,user2016@example.com,42.0,18.5,27.9,53873.0,16825.0,550.0,2,standard,month-to-month,e_check,west,0,overdue
CUST102017,user2017@example.com,34.0,10.8,107.85,66381.0,4481.0,581.0,0,basic,one-year,credit_card,east,1,overdue
CUST102018,user2018@example.com,49.0,3.1,116.26,59697.0,3596.0,540.0,2,premium,month-to-month,credit_card,east,1,overdue
CUST102019,user2019@example.com,48.0,36.4,84.2,37306.0,14986.0,535.0,3,standard,month-to-month,e_check,east,1,overdue
CUST102020,user2020@example.com,42.0,6.8,84.8,90092.0,18151.0,772.0,3,standard,one-year,e_check,east,1,overdue
CUST102021,user2021@example.com,33.0,38.3,63.96,53024.0,11607.0,571.0,1,basic,one-year,e_check,south,1,overdue
CUST102022,user2022@example.com,44.0,105.9,70.16,58874.0,29077.0,560.0,1,standard,month-to-month,credit_card,east,0,paid
CUST102023,user2023@example.com,41.0,60.0,87.45,41761.0,4644.0,646.0,3,premium,month-to-month,credit_card,east,1,unpaid
CUST102024,user2024@example.com,26.0,5.5,85.84,77130.0,15897.0,590.0,3,basic,one-year,bank_transfer,west,1,overdue
CUST102025,user2025@example.com,24.0,7.0,88.02,66437.0,28353.0,831.0,3,standard,one-year,mailed_check,east,0,paid
CUST102026,user2026@example.com,49.0,9.4,85.67,61293.0,4095.0,628.0,0,basic,one-year,credit_card,east,0,paid
CUST102027,user2027@example.com,18.0,32.4,92.46,31967.0,10737.0,686.0,1,standard,two-year,bank_transfer,south,0,paid
CUST102028,user2028@example.com,44.0,37.4,89.67,76881.0,7458.0,588.0,0,standard,two-year,e_check,south,0,paid
CUST102029,user2029@example.com,36.0,1.2,44.39,70138.0,32889.0,517.0,2,premium,month-to-month,e_check,north,0,paid
CUST102030,user2030@example.com,58.0,12.9,90.81,75299.0,30046.0,592.0,1,standard,month-to-month,e_check,west,1,overdue
CUST102031,user2031@example.com,36.0,51.6,116.46,55741.0,21444.0,593.0,0,family,two-year,mailed_check,east,0,paid
CUST102032,user2032@example.com,50.0,21.0,69.33,53503.0,9187.0,592.0,0,family,month-to-month,mailed_check,north,0,paid
CUST102033,user2033@example.com,37.0,21.3,107.49,51358.0,23038.0,522.0,5,premium,month-to-month,e_check,north,1,unpaid
CUST102034,user2034@example.com,43.0,6.8,47.07,100580.0,21718.0,661.0,2,standard,month-to-month,bank_transfer,east,1,overdue
CUST102035,user2035@example.com,51.0,12.7,69.26,,16069.0,623.0,2,basic,one-year,mailed_check,east,1,overdue
CUST102036,user2036@example.com,36.0,28.6,53.97,31275.0,3147.0,527.0,1,standard,month-to-month,e_check,north,1,overdue
CUST102037,user2037@example.com,54.0,31.1,104.48,47535.0,4889.0,659.0,0,premium,month-to-month,mailed_check,north,0,paid
CUST102038,user2038@example.com,30.0,48.2,111.01,44337.0,6947.0,711.0,1,standard,month-to-month,mailed_check,east,1,overdue
CUST102039,user2039@example.com,46.0,2.4,67.52,80197.0,13537.0,746.0,3,family,one-year,bank_transfer,south,1,unpaid
CUST102040,user2040@example.com,53.0,24.8,99.28,27880.0,3333.0,456.0,1,basic,month-to-month,e_check,south,1,unpaid
CUST102041,user2041@example.com,50.0,20.0,111.27,43774.0,5036.0,,1,premium,one-year,bank_transfer,north,0,paid
CUST102042,user2042@example.com,65.0,3.5,69.18,58810.0,31373.0,,1,family,one-year,e_check,east,1,overdue
CUST102043,user2043@example.com,33.0,16.7,73.24,80366.0,28534.0,598.0,3,standard,month-to-month,e_check,east,1,overdue
CUST102044,user2044@example.com,25.0,16.9,88.34,69263.0,27165.0,761.0,0,premium,month-to-month,e_check,west,0,paid
CUST102045,user2045@example.com,30.0,3.1,48.94,87380.0,18201.0,592.0,2,basic,month-to-month,mailed_check,north,0,paid
CUST102046,user2046@example.com,50.0,9.8,72.75,61916.0,4985.0,612.0,2,basic,one-year,mailed_check,west,1,overdue
CUST102047,user2047@example.com,48.0,61.7,123.57,50928.0,29668.0,584.0,4,basic,month-to-month,mailed_check,south,1,unpaid
CUST102048,user2048@example.com,43.0,51.1,57.5,72111.0,5748.0,,3,basic,month-to-month,bank_transfer,west,0,paid
CUST102049,user2049@example.com,29.0,35.5,91.35,27657.0,13896.0,466.0,1,basic,month-to-month,credit_card,east,1,overdue
CUST102050,user2050@example.com,51.0,9.8,83.1,20802.0,8650.0,605.0,1,basic,month-to-month,mailed_check,east,1,unpaid
CUST102051,user2051@example.com,27.0,15.2,65.91,74525.0,20430.0,581.0,2,basic,two-year,e_check,west,0,paid
CUST102052,user2052@example.com,56.0,77.9,75.54,59211.0,27274.0,512.0,0,premium,month-to-month,bank_transfer,east,0,paid
CUST102053,user2053@example.com,76.0,58.5,113.82,74280.0,34956.0,738.0,1,basic,month-to-month,mailed_check,east,1,unpaid
CUST102054,user2054@example.com,46.0,42.1,83.84,37953.0,20231.0,506.0,0,standard,month-to-month,mailed_check,south,1,unpaid
CUST102055,user2055@example.com,49.0,10.2,87.75,80696.0,28220.0,613.0,2,standard,two-year,bank_transfer,north,0,paid
CUST102056,user2056@example.com,36.0,4.6,110.02,68407.0,11461.0,644.0,1,standard,month-to-month,mailed_check,north,0,paid
CUST102057,user2057@example.com,20.0,4.0,62.76,54378.0,19843.0,590.0,3,family,month-to-month,e_check,east,1,overdue
CUST102058,user2058@example.com,35.0,0.7,43.83,59147.0,6188.0,511.0,0,premium,month-to-month,credit_card,north,1,overdue
CUST102059,user2059@example.com,29.0,18.2,114.21,61939.0,15914.0,637.0,1,standard,two-year,e_check,south,0,paid
CUST102060,user2060@example.com,25.0,21.3,73.41,37865.0,14605.0,589.0,1,basic,two-year,e_check,east,1,overdue
CUST102061,user2061@example.com,63.0,66.3,92.34,47300.0,8918.0,715.0,2,basic,two-year,bank_transfer,south,0,paid
CUST102062,user2062@example.com,45.0,22.5,50.94,61622.0,32401.0,691.0,1,premium,month-to-month,e_check,west,1,unpaid
CUST102063,user2063@example.com,47.0,5.7,79.71,46497.0,27286.0,806.0,2,premium,one-year,credit_card,east,0,paid
CUST102064,user2064@example.com,38.0,36.5,42.58,25612.0,2350.0,659.0,1,standard,month-to-month,bank_transfer,north,1,overdue
CUST102065,user2065@example.com,40.0,6.2,71.59,60898.0,9941.0,697.0,2,family,month-to-month,credit_card,north,1,overdue
CUST102066,user2066@example.com,54.0,52.1,53.8,71721.0,22245.0,621.0,3,premium,two-year,credit_card,east,0,paid
CUST102067,user2067@example.com,42.0,1.3,48.06,76371.0,5412.0,787.0,1,family,two-year,e_check,south,0,paid
CUST102068,user2068@example.com,48.0,7.1,62.42,65646.0,6637.0,651.0,1,premium,month-to-month,credit_card,north,0,paid
CUST102069,user2069@example.com,40.0,96.7,12.67,71366.0,38920.0,642.0,0,family,month-to-month,mailed_check,south,0,overdue
CUST102070,user2070@example.com,38.0,10.2,41.0,74750.0,5609.0,693.0,2,standard,month-to-month,credit_card,north,0,paid
CUST102071,user2071@example.com,25.0,0.1,89.56,56593.0,10533.0,598.0,2,standard,two-year,credit_card,north,0,paid
CUST102072,user2072@example.com,18.0,8.8,78.69,12622.0,3572.0,610.0,3,basic,two-year,e_check,west,0,paid
CUST102073,user2073@example.com,39.0,11.2,43.15,78196.0,4790.0,693.0,0,family,one-year,bank_transfer,east,0,paid
CUST102074,user2074@example.com,43.0,6.5,83.7,37134.0,18412.0,709.0,1,standard,month-to-month,mailed_check,west,0,paid
CUST102075,user2075@example.com,27.0,30.0,48.04,32382.0,16402.0,698.0,2,basic,one-year,credit_card,west,0,paid
CUST102076,user2076@example.com,42.0,18.4,88.05,32932.0,8795.0,644.0,1,premium,month-to-month,credit_card,north,1,overdue
CUST102077,user2077@example.com,43.0,26.7,67.11,104692.0,16853.0,672.0,3,basic,one-year,mailed_check,south,0,paid
CUST102078,user2078@example.com,18.0,25.6,61.87,63811.0,34509.0,727.0,0,standard,one-year,bank_transfer,west,0,paid
CUST102079,user2079@example.com,31.0,0.3,67.72,34168.0,14460.0,562.0,0,family,month-to-month,mailed_check,south,1,overdue
CUST102080,user2080@example.com,47.0,5.5,133.99,41332.0,13975.0,650.0,0,standard,month-to-month,e_check,south,1,overdue
CUST102081,user2081@example.com,47.0,48.2,51.03,54986.0,14616.0,,1,basic,month-to-month,e_check,south,0,paid
CUST102082,user2082@example.com,28.0,51.7,75.66,65848.0,22823.0,709.0,0,basic,month-to-month,bank_transfer,south,0,paid
CUST102083,user2083@example.com,44.0,16.1,89.53,60586.0,11344.0,587.0,2,standard,month-to-month,e_check,east,1,overdue
CUST102084,user2084@example.com,54.0,11.4,45.94,36428.0,10829.0,590.0,2,basic,one-year,mailed_check,north,1,overdue
CUST102085,user2085@example.com,51.0,12.8,30.14,61343.0,26208.0,640.0,0,basic,month-to-month,mailed_check,west,1,overdue
CUST102086,user2086@example.com,41.0,13.0,54.97,42776.0,11817.0,700.0,2,basic,one-year,credit_card,north,0,paid
CUST102087,user2087@example.com,36.0,59.6,88.99,75938.0,32405.0,841.0,0,basic,two-year,e_check,north,0,paid
CUST102088,user2088@example.com,34.0,0.5,61.45,56126.0,25610.0,526.0,0,premium,month-to-month,e_check,east,1,unpaid
CUST102089,user2089@example.com,48.0,21.5,64.22,39813.0,18495.0,582.0,1,standard,one-year,e_check,north,1,overdue
CUST102090,user2090@example.com,44.0,9.9,92.77,68779.0,24970.0,668.0,3,standard,two-year,e_check,south,0,paid
CUST102091,user2091@example.com,50.0,50.0,49.84,62665.0,9488.0,592.0,2,premium,month-to-month,e_check,east,1,overdue
CUST102092,user2092@example.com,44.0,29.1,67.78,45503.0,19808.0,717.0,1,basic,month-to-month,mailed_check,south,1,overdue
CUST102093,user2093@example.com,52.0,14.2,32.15,69602.0,34843.0,637.0,2,basic,month-to-month,credit_card,south,1,overdue
CUST102094,user2094@example.com,43.0,30.1,78.02,67582.0,6884.0,721.0,0,basic,one-year,e_check,west,0,paid
CUST102095,user2095@example.com,51.0,94.2,75.74,79036.0,42900.0,630.0,1,family,one-year,bank_transfer,east,0,paid
CUST102096,user2096@example.com,52.0,9.1,89.89,69203.0,39287.0,694.0,2,basic,one-year,mailed_check,south,0,paid
CUST102097,user2097@example.com,32.0,25.5,41.37,50721.0,21178.0,573.0,5,standard,one-year,e_check,east,1,overdue
CUST102098,user2098@example.com,20.0,65.0,65.2,21189.0,2354.0,805.0,0,standard,month-to-month,e_check,east,0,paid
CUST102099,user2099@example.com,61.0,38.5,38.04,58733.0,24053.0,514.0,1,standard,month-to-month,mailed_check,west,1,unpaid
CUST102100,user2100@example.com,45.0,2.6,63.85,61836.0,15202.0,593.0,1,premium,month-to-month,bank_transfer,south,0,paid
CUST102101,user2101@example.com,21.0,36.6,107.04,56024.0,12157.0,536.0,1,basic,two-year,credit_card,west,1,unpaid
CUST102102,user2102@example.com,33.0,24.1,61.98,12000.0,843.0,714.0,1,basic,month-to-month,bank_transfer,south,1,overdue
CUST102103,user2103@example.com,51.0,48.3,35.85,68577.0,30767.0,693.0,0,standard,month-to-month,bank_transfer,south,0,paid
CUST102104,user2104@example.com,39.0,14.8,53.0,36759.0,13295.0,553.0,2,basic,one-year,mailed_check,south,1,overdue
CUST102105,user2105@example.com,36.0,16.2,29.73,68714.0,20473.0,730.0,0,premium,one-year,bank_transfer,north,0,paid
CUST102106,user2106@example.com,59.0,38.0,37.61,89014.0,23480.0,594.0,0,standard,month-to-month,e_check,west,1,overdue
CUST102107,user2107@example.com,29.0,8.9,585.8237021265168,49944.0,13810.0,681.0,0,basic,month-to-month,mailed_check,east,1,overdue
CUST102108,user2108@example.com,32.0,20.1,33.84,63770.0,19080.0,700.0,0,basic,two-year,credit_card,east,0,paid
CUST102109,user2109@example.com,45.0,52.6,77.81,55656.0,17399.0,630.0,1,standard,month-to-month,bank_transfer,east,1,overdue
CUST102110,user2110@example.com,47.0,1.7,70.64,65512.0,6795.0,723.0,2,family,two-year,credit_card,west,0,paid
CUST102111,user2111@example.com,48.0,25.4,56.71,57069.0,14791.0,638.0,0,standard,two-year,credit_card,north,0,paid
CUST102112,user2112@example.com,53.0,90.0,75.68,44660.0,3806.0,677.0,1,basic,month-to-month,e_check,south,0,paid
CUST102113,user2113@example.com,44.0,19.2,46.56,36901.0,17593.0,628.0,1,standard,one-year,mailed_check,south,0,paid
CUST102114,user2114@example.com,48.0,34.9,91.02,86809.0,29275.0,501.0,1,standard,two-year,mailed_check,west,1,overdue
CUST102115,user2115@example.com,39.0,72.9,52.54,63771.0,31231.0,640.0,1,premium,month-to-month,bank_transfer,west,0,paid
CUST102116,user2116@example.com,43.0,9.5,60.34,71610.0,20490.0,580.0,0,standard,month-to-month,bank_transfer,east,1,unpaid
CUST102117,user2117@example.com,43.0,1.0,57.37,62981.0,8452.0,761.0,3,standard,month-to-month,mailed_check,east,0,paid
CUST102118,user2118@example.com,45.0,0.4,87.24,74515.0,16003.0,541.0,4,standard,one-year,mailed_check,north,1,unpaid
CUST102119,user2119@example.com,51.0,8.2,83.61,37081.0,6623.0,748.0,1,premium,one-year,credit_card,west,1,overdue
CUST102120,user2120@example.com,49.0,102.5,10.0,56664.0,16543.0,636.0,1,standard,month-to-month,credit_card,south,0,paid
CUST102121,user2121@example.com,43.0,9.5,76.36,65110.0,31507.0,682.0,1,standard,one-year,mailed_check,north,1,unpaid
CUST102122,user2122@example.com,32.0,68.6,26.39,80853.0,9229.0,540.0,1,basic,one-year,e_check,north,0,paid
CUST102123,user2123@example.com,43.0,9.1,61.47,108462.0,29291.0,625.0,2,basic,month-to-month,mailed_check,east,0,paid
CUST102124,user2124@example.com,42.0,34.2,67.3,63150.0,6346.0,597.0,1,basic,month-to-month,mailed_check,north,0,paid
CUST102125,user2125@example.com,44.0,0.7,61.2,41778.0,11084.0,818.0,1,premium,month-to-month,bank_transfer,north,1,overdue
CUST102126,user2126@example.com,68.0,19.8,82.52,31087.0,11514.0,595.0,2,family,month-to-month,e_check,north,1,overdue
CUST102127,user2127@example.com,36.0,14.8,88.0,36904.0,3245.0,742.0,1,premium,one-year,credit_card,east,0,paid
CUST102128,user2128@example.com,47.0,1.5,50.66,39518.0,3424.0,743.0,2,standard,two-year,bank_transfer,east,0,paid
CUST102129,user2129@example.com,55.0,42.6,49.76,12000.0,5421.0,741.0,0,standard,two-year,bank_transfer,south,0,paid
CUST102130,user2130@example.com,43.0,18.6,69.1,41487.0,11373.0,602.0,1,basic,month-to-month,credit_card,west,0,paid
CUST102131,user2131@example.com,70.0,5.3,31.41,69335.0,16866.0,794.0,1,basic,month-to-month,credit_card,west,0,paid
CUST102132,user2132@example.com,37.0,24.5,58.08,56508.0,24156.0,811.0,0,basic,month-to-month,bank_transfer,north,0,paid
CUST102133,user2133@example.com,46.0,30.3,103.7,49828.0,4814.0,679.0,1,standard,month-to-month,mailed_check,north,1,overdue
CUST102134,user2134@example.com,32.0,6.2,32.34,22561.0,11796.0,613.0,2,standard,month-to-month,e_check,west,0,paid
CUST102135,user2135@example.com,38.0,4.6,61.5,76008.0,36217.0,581.0,1,basic,two-year,credit_card,east,0,paid
CUST102136,user2136@example.com,45.0,24.0,55.19,65236.0,17242.0,688.0,2,standard,month-to-month,credit_card,west,0,paid
CUST102137,user2137@example.com,52.0,45.0,120.13,54741.0,16849.0,655.0,1,family,month-to-month,credit_card,east,0,paid
CUST102138,user2138@example.com,46.0,40.4,56.55,12000.0,3225.0,665.0,0,standard,month-to-month,bank_transfer,west,1,overdue
CUST102139,user2139@example.com,57.0,14.8,58.0,45185.0,21773.0,542.0,3,standard,month-to-month,e_check,south,0,paid
CUST102140,user2140@example.com,41.0,16.4,44.23,63674.0,4199.0,653.0,1,standard,month-to-month,bank_transfer,south,1,unpaid
CUST102141,user2141@example.com,38.0,20.9,70.23,54429.0,22820.0,742.0,0,basic,month-to-month,mailed_check,west,0,paid
CUST102142,user2142@example.com,74.0,0.7,76.75,58839.0,12733.0,715.0,2,basic,two-year,e_check,east,1,overdue
CUST102143,user2143@example.com,47.0,29.8,47.85,68709.0,32894.0,,3,basic,month-to-month,credit_card,south,0,paid
CUST102144,user2144@example.com,33.0,28.2,94.72,58095.0,34343.0,641.0,1,standard,one-year,credit_card,south,0,paid
CUST102145,user2145@example.com,34.0,64.1,76.78,67994.0,13832.0,533.0,1,family,two-year,bank_transfer,north,0,paid
CUST102146,user2146@example.com,31.0,120.0,91.3,38129.0,11256.0,597.0,2,basic,one-year,mailed_check,west,0,paid
CUST102147,user2147@example.com,53.0,9.8,61.8,,10726.0,623.0,3,basic,one-year,e_check,east,1,overdue
CUST102148,user2148@example.com,38.0,8.4,76.08,64547.0,22790.0,701.0,1,basic,two-year,e_check,east,0,paid
CUST102149,user2149@example.com,44.0,12.9,64.67,68648.0,9344.0,,0,basic,month-to-month,bank_transfer,east,0,paid
CUST102150,user2150@example.com,41.0,5.3,106.44,65379.0,24242.0,567.0,1,standard,two-year,credit_card,west,0,paid
CUST102151,user2151@example.com,51.0,4.6,72.91,57632.0,25828.0,711.0,1,premium,month-to-month,e_check,east,1,overdue
CUST102152,user2152@example.com,32.0,15.8,70.22,48519.0,27618.0,616.0,3,premium,month-to-month,credit_card,north,0,paid
CUST102153,user2153@example.com,29.0,42.3,58.54,59220.0,26587.0,583.0,0,basic,month-to-month,e_check,east,1,overdue
CUST102154,user2154@example.com,45.0,40.8,57.1,62586.0,23897.0,715.0,2,premium,two-year,mailed_check,north,0,paid
CUST102155,user2155@example.com,49.0,9.5,75.94,63786.0,11372.0,687.0,1,standard,month-to-month,e_check,east,1,overdue
CUST102156,user2156@example.com,46.0,1.3,90.49,107143.0,11127.0,,2,basic,month-to-month,bank_transfer,east,1,overdue
CUST102157,user2157@example.com,32.0,2.7,52.89,36584.0,14593.0,622.0,0,family,month-to-month,mailed_check,south,1,unpaid
CUST102158,user2158@example.com,50.0,4.7,73.16,119520.0,47073.0,680.0,3,premium,month-to-month,e_check,west,1,overdue
CUST102159,user2159@example.com,33.0,26.3,74.6,29864.0,15280.0,693.0,1,standard,two-year,credit_card,north,0,paid
CUST102160,user2160@example.com,36.0,10.0,78.96,62713.0,18523.0,667.0,3,standard,one-year,e_check,north,1,overdue
CUST102161,user2161@example.com,31.0,51.5,27.31,31103.0,4498.0,660.0,1,standard,month-to-month,credit_card,north,1,unpaid
CUST102162,user2162@example.com,58.0,20.8,46.88,61125.0,10611.0,601.0,2,family,month-to-month,mailed_check,east,1,overdue
CUST102163,user2163@example.com,50.0,3.3,35.85,74642.0,23290.0,606.0,0,basic,two-year,credit_card,north,0,paid
CUST102164,user2164@example.com,49.0,1.0,70.82,55652.0,12334.0,636.0,1,basic,month-to-month,e_check,north,0,paid
CUST102165,user2165@example.com,57.0,22.7,47.48,74462.0,11106.0,573.0,2,standard,month-to-month,mailed_check,west,1,overdue
CUST102166,user2166@example.com,76.0,1.0,57.59,46526.0,5086.0,564.0,4,basic,month-to-month,mailed_check,north,1,overdue
CUST102167,user2167@example.com,21.0,11.9,40.14,14003.0,3876.0,643.0,5,premium,month-to-month,bank_transfer,west,0,paid
CUST102168,user2168@example.com,33.0,7.3,59.92,67534.0,15913.0,729.0,1,basic,two-year,credit_card,west,0,paid
CUST102169,user2169@example.com,35.0,13.9,41.9,55613.0,32306.0,484.0,2,premium,one-year,bank_transfer,south,0,paid
CUST102170,user2170@example.com,32.0,15.3,88.95,45408.0,23659.0,619.0,1,basic,month-to-month,e_check,east,1,unpaid
CUST102171,user2171@example.com,29.0,31.3,81.98,46789.0,7061.0,672.0,3,premium,one-year,bank_transfer,east,0,paid
CUST102172,user2172@example.com,38.0,6.2,73.76,63132.0,29315.0,736.0,1,basic,one-year,mailed_check,east,0,paid
CUST102173,user2173@example.com,27.0,89.2,62.45,38709.0,12159.0,,1,basic,month-to-month,e_check,north,0,paid
CUST102174,user2174@example.com,46.0,34.3,19.06,62505.0,34962.0,629.0,1,basic,month-to-month,credit_card,north,0,paid
CUST102175,user2175@example.com,43.0,10.7,58.54,78773.0,30289.0,808.0,2,standard,month-to-month,bank_transfer,east,0,paid
CUST102176,user2176@example.com,48.0,0.2,50.96,96201.0,15604.0,686.0,2,basic,two-year,bank_transfer,south,1,overdue
CUST102177,user2177@example.com,48.0,9.5,76.18,83091.0,13110.0,715.0,1,standard,two-year,e_check,south,1,overdue
CUST102178,user2178@example.com,49.0,29.4,85.49,58235.0,33894.0,565.0,0,premium,two-year,mailed_check,east,0,paid
CUST102179,user2179@example.com,38.0,6.8,78.12,60153.0,33388.0,686.0,1,basic,one-year,credit_card,south,0,paid
CUST102180,user2180@example.com,67.0,4.8,101.58,46995.0,14830.0,722.0,1,basic,month-to-month,credit_card,south,0,overdue
CUST102181,user2181@example.com,45.0,39.9,55.79,45687.0,16455.0,595.0,0,standard,month-to-month,mailed_check,north,0,paid
CUST102182,user2182@example.com,20.0,35.8,54.76,72441.0,25420.0,442.0,2,basic,two-year,e_check,west,1,overdue
CUST102183,user2183@example.com,30.0,67.8,95.95,48850.0,22955.0,662.0,2,premium,one-year,mailed_check,south,0,paid
CUST102184,user2184@example.com,21.0,5.4,74.16,62322.0,19380.0,633.0,3,standard,two-year,mailed_check,west,0,paid
CUST102185,user2185@example.com,42.0,30.7,63.83,35750.0,4199.0,758.0,2,family,month-to-month,bank_transfer,north,0,paid
CUST102186,user2186@example.com,41.0,6.3,116.16,82406.0,18818.0,607.0,1,basic,month-to-month,bank_transfer,south,1,overdue
CUST102187,user2187@example.com,36.0,52.4,84.44,48551.0,17602.0,594.0,0,standard,two-year,credit_card,north,1,unpaid
CUST102188,user2188@example.com,66.0,59.8,65.24,76760.0,18660.0,556.0,1,premium,month-to-month,e_check,north,0,paid
CUST102189,user2189@example.com,49.0,27.2,52.85,40924.0,20357.0,600.0,1,standard,month-to-month,bank_transfer,south,0,overdue
CUST102190,user2190@example.com,51.0,1.3,103.16,39866.0,22777.0,850.0,1,basic,month-to-month,credit_card,south,1,unpaid
CUST102191,user2191@example.com,31.0,19.1,75.17,81561.0,14934.0,523.0,0,basic,month-to-month,credit_card,north,0,paid
CUST102192,user2192@example.com,30.0,2.5,70.61,42480.0,22898.0,543.0,1,standard,two-year,mailed_check,north,1,overdue
CUST102193,user2193@example.com,42.0,1.8,86.91,23642.0,10489.0,646.0,3,standard,one-year,mailed_check,north,1,overdue
CUST102194,user2194@example.com,44.0,4.7,92.0,34201.0,12751.0,808.0,0,basic,two-year,mailed_check,west,0,paid
CUST102195,user2195@example.com,20.0,37.9,83.75,72134.0,8780.0,709.0,0,premium,month-to-month,mailed_check,south,0,paid
CUST102196,user2196@example.com,40.0,13.8,92.1,70212.0,19380.0,774.0,2,basic,month-to-month,e_check,south,0,paid
CUST102197,user2197@example.com,42.0,69.2,81.28,39750.0,23748.0,619.0,3,family,month-to-month,bank_transfer,south,0,overdue
CUST102198,user2198@example.com,39.0,26.0,83.87,42366.0,17226.0,539.0,1,premium,month-to-month,e_check,north,1,overdue
CUST102199,user2199@example.com,32.0,7.1,51.71,68460.0,25702.0,614.0,1,standard,one-year,mailed_check,north,1,overdue
CUST102200,user2200@example.com,36.0,40.1,115.26,81318.0,5659.0,640.0,3,standard,month-to-month,credit_card,north,0,paid
CUST102201,user2201@example.com,40.0,5.3,39.16,53624.0,12145.0,651.0,2,basic,month-to-month,mailed_check,west,0,paid
CUST102202,user2202@example.com,43.0,4.1,77.73,66085.0,21047.0,633.0,1,standard,month-to-month,e_check,east,1,overdue
CUST102203,user2203@example.com,49.0,8.8,36.58,72469.0,29199.0,697.0,0,premium,two-year,mailed_check,west,0,paid
CUST102204,user2204@example.com,55.0,53.0,67.55,,51130.0,593.0,3,family,one-year,e_check,west,0,paid
CUST102205,user2205@example.com,38.0,120.0,55.72,31886.0,9627.0,576.0,1,basic,one-year,credit_card,north,0,paid
CUST102206,user2206@example.com,37.0,0.4,73.39,41626.0,8365.0,554.0,1,premium,one-year,mailed_check,north,0,paid
CUST102207,user2207@example.com,47.0,21.7,78.54,44871.0,9185.0,666.0,4,standard,two-year,mailed_check,south,0,paid
CUST102208,user2208@example.com,49.0,10.6,46.09,71550.0,9001.0,658.0,1,standard,one-year,credit_card,south,0,paid
CUST102209,user2209@example.com,37.0,46.0,69.26,49962.0,6497.0,737.0,0,premium,month-to-month,bank_transfer,east,0,paid
CUST102210,user2210@example.com,51.0,34.0,104.84,61245.0,13347.0,774.0,3,basic,month-to-month,e_check,north,1,unpaid
CUST102211,user2211@example.com,54.0,2.9,37.19,57437.0,27088.0,553.0,2,basic,one-year,mailed_check,north,1,unpaid
CUST102212,user2212@example.com,58.0,10.8,48.65,55035.0,15260.0,652.0,2,standard,month-to-month,e_check,north,1,overdue
CUST102213,user2213@example.com,63.0,0.6,91.52,57148.0,29875.0,634.0,1,standard,month-to-month,bank_transfer,east,1,overdue
CUST102214,user2214@example.com,32.0,4.2,71.94,75598.0,43245.0,527.0,0,standard,two-year,e_check,north,0,overdue
CUST102215,user2215@example.com,42.0,22.6,73.78,35588.0,3256.0,,0,standard,one-year,mailed_check,south,0,paid
CUST102216,user2216@example.com,42.0,21.8,95.56,52031.0,22943.0,775.0,1,family,one-year,bank_transfer,south,0,paid
CUST102217,user2217@example.com,41.0,66.5,50.15,,2974.0,599.0,1,basic,one-year,credit_card,north,0,paid
CUST102218,user2218@example.com,34.0,15.9,57.02,59531.0,5325.0,586.0,0,family,month-to-month,bank_transfer,north,0,paid
CUST102219,user2219@example.com,24.0,3.0,53.93,51089.0,10303.0,646.0,3,basic,two-year,credit_card,south,0,paid
CUST102220,user2220@example.com,43.0,20.7,61.29,76385.0,8088.0,723.0,3,family,month-to-month,e_check,west,1,unpaid
CUST102221,user2221@example.com,33.0,28.2,103.49,54904.0,22765.0,626.0,3,premium,month-to-month,credit_card,north,1,unpaid
CUST102222,user2222@example.com,43.0,6.8,27.47,,20473.0,660.0,3,premium,month-to-month,credit_card,east,0,paid
CUST102223,user2223@example.com,32.0,5.9,40.14,50066.0,20106.0,467.0,3,premium,two-year,bank_transfer,west,0,paid
CUST102224,user2224@example.com,29.0,26.0,35.86,89468.0,32785.0,696.0,2,basic,month-to-month,credit_card,west,0,paid
CUST102225,user2225@example.com,45.0,1.3,105.04,23598.0,11320.0,668.0,1,standard,month-to-month,bank_transfer,south,1,overdue
CUST102226,user2226@example.com,44.0,63.4,54.64,42450.0,20160.0,721.0,0,basic,two-year,mailed_check,north,0,paid
CUST102227,user2227@example.com,49.0,25.5,61.83,55720.0,29456.0,,2,standard,month-to-month,mailed_check,north,1,overdue
CUST102228,user2228@example.com,68.0,10.0,29.63,42271.0,18230.0,626.0,1,standard,one-year,bank_transfer,east,0,paid
CUST102229,user2229@example.com,45.0,11.5,63.44,64814.0,15927.0,727.0,2,standard,month-to-month,credit_card,east,1,unpaid
CUST102230,user2230@example.com,48.0,7.6,91.66,53870.0,18239.0,605.0,1,premium,month-to-month,credit_card,west,0,paid
CUST102231,user2231@example.com,29.0,0.8,76.32,60120.0,19228.0,,0,standard,month-to-month,credit_card,south,1,overdue
CUST102232,user2232@example.com,27.0,38.6,67.3,57357.0,6271.0,617.0,1,basic,month-to-month,mailed_check,south,0,paid
CUST102233,user2233@example.com,61.0,5.7,30.88,52939.0,26282.0,619.0,3,standard,two-year,e_check,south,0,paid
CUST102234,user2234@example.com,31.0,17.4,61.8,29184.0,16111.0,743.0,1,premium,two-year,credit_card,south,0,paid
CUST102235,user2235@example.com,29.0,5.8,73.67,58522.0,34611.0,536.0,0,premium,month-to-month,mailed_check,north,0,paid
CUST102236,user2236@example.com,42.0,32.7,45.2,19732.0,3678.0,646.0,1,standard,one-year,bank_transfer,west,0,paid
CUST102237,user2237@example.com,41.0,9.8,86.37,41561.0,4264.0,670.0,1,basic,two-year,e_check,east,0,paid
CUST102238,user2238@example.com,31.0,8.9,92.13,64784.0,7196.0,725.0,5,premium,month-to-month,e_check,west,0,paid
CUST102239,user2239@example.com,38.0,16.9,56.78,78794.0,38795.0,640.0,3,basic,two-year,mailed_check,west,0,paid
CUST102240,user2240@example.com,57.0,17.1,88.15,101988.0,40536.0,728.0,3,family,month-to-month,mailed_check,west,1,overdue
CUST102241,user2241@example.com,32.0,71.7,67.26,46435.0,21632.0,646.0,2,standard,month-to-month,mailed_check,south,0,paid
CUST102242,user2242@example.com,25.0,17.6,98.68,37698.0,20653.0,660.0,0,standard,two-year,bank_transfer,south,0,paid
CUST102243,user2243@example.com,53.0,4.1,120.85,65446.0,11417.0,657.0,2,basic,month-to-month,credit_card,north,0,paid
CUST102244,user2244@example.com,48.0,3.5,42.66,92399.0,23123.0,702.0,3,basic,month-to-month,e_check,west,1,overdue
CUST102245,user2245@example.com,35.0,65.2,89.24,85655.0,41611.0,693.0,2,basic,month-to-month,bank_transfer,south,1,overdue
CUST102246,user2246@example.com,23.0,65.7,102.62,34298.0,6608.0,561.0,3,standard,month-to-month,credit_card,west,1,overdue
CUST102247,user2247@example.com,33.0,12.7,45.73,52190.0,17135.0,667.0,3,standard,month-to-month,mailed_check,south,1,overdue
CUST102248,user2248@example.com,41.0,22.2,55.62,72007.0,21163.0,693.0,4,standard,one-year,bank_transfer,north,0,paid
CUST102249,user2249@example.com,56.0,5.6,55.34,73394.0,27700.0,767.0,4,premium,month-to-month,e_check,west,1,overdue
CUST102250,user2250@example.com,30.0,0.3,66.68,66837.0,39669.0,569.0,0,basic,two-year,credit_card,south,1,overdue
CUST102251,user2251@example.com,41.0,9.3,61.09,46025.0,4927.0,693.0,1,family,two-year,mailed_check,east,1,unpaid
CUST102252,user2252@example.com,50.0,37.9,65.04,66659.0,21101.0,622.0,3,standard,two-year,e_check,south,0,overdue
CUST102253,user2253@example.com,18.0,16.8,90.95,73587.0,42492.0,665.0,1,basic,one-year,mailed_check,west,0,paid
CUST102254,user2254@example.com,54.0,7.8,22.6,,8775.0,564.0,1,standard,one-year,e_check,north,1,unpaid
CUST102255,user2255@example.com,28.0,8.2,45.65,81605.0,37320.0,649.0,3,standard,two-year,credit_card,south,0,paid
CUST102256,user2256@example.com,46.0,50.1,86.75,74839.0,41992.0,676.0,2,premium,month-to-month,bank_transfer,west,0,paid
CUST102257,user2257@example.com,45.0,6.0,83.82,40161.0,7323.0,572.0,2,basic,one-year,e_check,west,1,overdue
CUST102258,user2258@example.com,55.0,3.0,43.54,73498.0,6965.0,766.0,0,standard,one-year,mailed_check,east,0,paid
CUST102259,user2259@example.com,49.0,22.1,83.99,71262.0,6530.0,526.0,4,premium,one-year,mailed_check,west,0,paid
CUST102260,user2260@example.com,18.0,6.3,103.17,72023.0,6493.0,693.0,1,family,month-to-month,credit_card,east,0,paid
CUST102261,user2261@example.com,33.0,80.7,68.77,86519.0,21006.0,456.0,3,basic,month-to-month,e_check,west,1,overdue
CUST102262,user2262@example.com,44.0,20.2,44.8,54791.0,6543.0,630.0,0,standard,two-year,mailed_check,west,0,paid
CUST102263,user2263@example.com,40.0,120.0,91.87,61630.0,16811.0,688.0,2,standard,month-to-month,credit_card,north,0,paid
CUST102264,user2264@example.com,48.0,0.7,113.08,12000.0,5577.0,707.0,3,standard,two-year,credit_card,south,1,unpaid
CUST102265,user2265@example.com,51.0,33.7,47.85,77316.0,16548.0,642.0,2,standard,one-year,e_check,west,1,unpaid
CUST102266,user2266@example.com,49.0,114.5,70.98,75392.0,23649.0,631.0,3,basic,month-to-month,e_check,south,0,paid
CUST102267,user2267@example.com,39.0,8.7,97.25,82121.0,9859.0,695.0,0,standard,one-year,bank_transfer,east,0,paid
CUST102268,user2268@example.com,20.0,30.9,72.88,36266.0,15742.0,726.0,3,basic,two-year,mailed_check,west,0,paid
CUST102269,user2269@example.com,37.0,13.2,26.32,74241.0,16684.0,760.0,1,premium,month-to-month,e_check,east,1,overdue
CUST102270,user2270@example.com,47.0,1.0,81.09,75375.0,9375.0,547.0,3,premium,one-year,credit_card,east,1,overdue
CUST102271,user2271@example.com,29.0,24.5,45.53,41982.0,24142.0,634.0,1,basic,two-year,mailed_check,north,1,overdue
CUST102272,user2272@example.com,50.0,8.7,38.23,76119.0,36027.0,475.0,1,basic,month-to-month,bank_transfer,north,1,unpaid
CUST102273,user2273@example.com,53.0,1.6,26.81,64261.0,26269.0,541.0,1,standard,two-year,credit_card,north,0,paid
CUST102274,user2274@example.com,44.0,10.7,99.76,21040.0,9418.0,594.0,2,standard,month-to-month,bank_transfer,north,0,paid
CUST102275,user2275@example.com,18.0,10.4,49.13,66690.0,18941.0,719.0,1,standard,one-year,bank_transfer,west,1,overdue
CUST102276,user2276@example.com,27.0,2.0,78.33,39656.0,8490.0,612.0,2,basic,month-to-month,bank_transfer,west,1,unpaid
CUST102277,user2277@example.com,65.0,8.6,84.47,21481.0,6981.0,627.0,1,standard,month-to-month,credit_card,west,1,unpaid
CUST102278,user2278@example.com,35.0,32.5,74.05,62331.0,31408.0,674.0,3,basic,month-to-month,credit_card,west,1,overdue
CUST102279,user2279@example.com,18.0,42.6,77.41,53693.0,31147.0,,0,basic,two-year,e_check,west,0,paid
CUST102280,user2280@example.com,57.0,36.0,79.53,83076.0,31810.0,490.0,3,basic,two-year,bank_transfer,east,0,paid
CUST102281,user2281@example.com,42.0,22.8,73.45,58634.0,15069.0,590.0,1,premium,two-year,credit_card,south,0,paid
CUST102282,user2282@example.com,55.0,85.0,51.0,70570.0,31405.0,640.0,2,premium,two-year,bank_transfer,north,0,paid
CUST102283,user2283@example.com,45.0,8.6,48.77,65176.0,28247.0,687.0,2,basic,one-year,bank_transfer,south,0,paid
CUST102284,user2284@example.com,48.0,10.2,67.38,75419.0,14036.0,633.0,4,basic,month-to-month,mailed_check,north,1,overdue
CUST102285,user2285@example.com,46.0,26.3,66.85,37272.0,10791.0,686.0,0,basic,two-year,mailed_check,east,0,paid
CUST102286,user2286@example.com,50.0,15.9,80.73,58971.0,7295.0,724.0,0,standard,month-to-month,e_check,east,0,paid
CUST102287,user2287@example.com,69.0,63.4,97.54,52185.0,14155.0,740.0,2,basic,two-year,credit_card,south,0,paid
CUST102288,user2288@example.com,54.0,35.0,78.6,68074.0,31961.0,664.0,0,premium,one-year,bank_transfer,north,0,paid
CUST102289,user2289@example.com,23.0,34.1,49.73,60116.0,13385.0,559.0,2,standard,one-year,bank_transfer,north,0,paid
CUST102290,user2290@example.com,47.0,49.9,15.47,42719.0,17009.0,550.0,1,premium,one-year,e_check,east,0,paid
CUST102291,user2291@example.com,56.0,26.8,50.78,48241.0,11106.0,558.0,4,basic,month-to-month,mailed_check,north,0,paid
CUST102292,user2292@example.com,56.0,16.3,36.39,87970.0,11516.0,564.0,1,standard,one-year,e_check,west,0,paid
CUST102293,user2293@example.com,37.0,18.8,51.74,21113.0,9665.0,658.0,2,basic,month-to-month,mailed_check,south,0,paid
CUST102294,user2294@example.com,56.0,59.4,76.06,69187.0,25884.0,801.0,1,standard,two-year,mailed_check,west,0,paid
CUST102295,user2295@example.com,53.0,0.4,72.11,79829.0,40234.0,667.0,3,basic,month-to-month,e_check,south,1,overdue
CUST102296,user2296@example.com,73.0,12.5,116.45,66577.0,28190.0,643.0,0,basic,two-year,bank_transfer,west,1,overdue
CUST102297,user2297@example.com,33.0,33.9,82.08,94420.0,47159.0,727.0,1,basic,one-year,e_check,north,0,paid
CUST102298,user2298@example.com,36.0,23.0,117.73,73770.0,9975.0,584.0,1,standard,one-year,bank_transfer,north,0,paid
CUST102299,user2299@example.com,38.0,2.1,87.88,62682.0,24322.0,733.0,2,premium,one-year,e_check,south,1,unpaid
CUST102300,user2300@example.com,36.0,49.9,97.14,45665.0,11510.0,727.0,3,family,month-to-month,e_check,east,0,paid
CUST102301,user2301@example.com,31.0,13.9,61.03,63053.0,29041.0,655.0,2,standard,one-year,e_check,east,0,paid
CUST102302,user2302@example.com,18.0,25.8,43.14,68634.0,25329.0,817.0,3,premium,month-to-month,bank_transfer,east,0,paid
CUST102303,user2303@example.com,37.0,0.6,58.78,55070.0,4395.0,739.0,1,basic,one-year,e_check,south,1,overdue
CUST102304,user2304@example.com,46.0,33.8,69.7,40143.0,13787.0,654.0,1,premium,month-to-month,credit_card,west,0,paid
CUST102305,user2305@example.com,36.0,38.6,54.3,30916.0,14201.0,639.0,0,basic,two-year,bank_transfer,east,0,paid
CUST102306,user2306@example.com,65.0,5.1,44.97,58708.0,11421.0,615.0,3,standard,one-year,mailed_check,west,0,paid
CUST102307,user2307@example.com,42.0,8.8,80.42,25394.0,10411.0,640.0,2,standard,one-year,credit_card,north,1,overdue
CUST102308,user2308@example.com,57.0,9.1,44.87,45569.0,23355.0,642.0,2,standard,month-to-month,mailed_check,east,1,unpaid
CUST102309,user2309@example.com,45.0,120.0,31.66,12000.0,1030.0,624.0,4,standard,one-year,mailed_check,west,0,paid
CUST102310,user2310@example.com,52.0,7.3,41.95,71660.0,26365.0,633.0,0,premium,month-to-month,e_check,north,1,overdue
CUST102311,user2311@example.com,45.0,95.0,64.14,78081.0,42022.0,555.0,1,basic,month-to-month,bank_transfer,north,1,unpaid
CUST102312,user2312@example.com,58.0,8.7,45.23,56579.0,6763.0,605.0,4,premium,month-to-month,mailed_check,north,0,paid
CUST102313,user2313@example.com,43.0,12.9,64.3,91629.0,18150.0,522.0,2,basic,month-to-month,mailed_check,south,1,overdue
CUST102314,user2314@example.com,48.0,21.8,85.01,81948.0,32309.0,683.0,1,basic,month-to-month,mailed_check,east,1,overdue
CUST102315,user2315@example.com,46.0,47.9,84.36,64596.0,24020.0,656.0,5,standard,month-to-month,bank_transfer,west,0,paid
CUST102316,user2316@example.com,39.0,42.8,53.48,52736.0,25649.0,640.0,2,basic,one-year,e_check,south,0,paid
CUST102317,user2317@example.com,47.0,20.4,37.4,48012.0,19012.0,721.0,2,standard,one-year,e_check,east,1,overdue
CUST102318,user2318@example.com,69.0,19.1,55.61,66250.0,24295.0,,2,basic,month-to-month,mailed_check,west,1,overdue
CUST102319,user2319@example.com,39.0,1.3,86.39,52175.0,15575.0,593.0,0,premium,two-year,mailed_check,east,0,paid
CUST102320,user2320@example.com,47.0,17.5,92.23,65965.0,6137.0,532.0,2,family,month-to-month,e_check,west,1,unpaid
CUST102321,user2321@example.com,57.0,18.1,78.82,67449.0,25300.0,732.0,1,standard,one-year,credit_card,west,0,paid
CUST102322,user2322@example.com,56.0,48.6,100.04,50408.0,6863.0,698.0,0,standard,two-year,e_check,south,0,paid
CUST102323,user2323@example.com,42.0,9.4,113.23,76916.0,45974.0,756.0,0,standard,one-year,bank_transfer,west,0,paid
CUST102324,user2324@example.com,18.0,12.3,57.92,50429.0,4699.0,777.0,1,basic,month-to-month,credit_card,west,0,paid
CUST102325,user2325@example.com,48.0,36.2,107.16,55427.0,5080.0,616.0,1,standard,two-year,bank_transfer,north,1,overdue
CUST102326,user2326@example.com,18.0,6.7,63.49,35450.0,17123.0,593.0,1,standard,one-year,mailed_check,west,0,paid
CUST102327,user2327@example.com,60.0,35.6,95.5,49588.0,5238.0,506.0,3,standard,month-to-month,mailed_check,west,1,unpaid
CUST102328,user2328@example.com,44.0,2.6,87.71,98164.0,26778.0,562.0,0,standard,one-year,bank_transfer,west,0,paid
CUST102329,user2329@example.com,54.0,19.2,20.57,36992.0,20720.0,624.0,2,standard,month-to-month,credit_card,west,1,overdue
CUST102330,user2330@example.com,31.0,1.3,45.84,63754.0,30815.0,485.0,2,family,month-to-month,e_check,west,1,unpaid
CUST102331,user2331@example.com,23.0,76.1,39.47,45910.0,8175.0,564.0,1,premium,month-to-month,mailed_check,north,0,paid
CUST102332,user2332@example.com,45.0,48.1,25.45,12000.0,2257.0,643.0,0,premium,month-to-month,mailed_check,north,0,paid
CUST102333,user2333@example.com,42.0,27.6,91.98,66179.0,24867.0,721.0,0,family,month-to-month,credit_card,south,1,overdue
CUST102334,user2334@example.com,36.0,16.2,121.72,43878.0,13933.0,593.0,1,standard,month-to-month,e_check,north,1,overdue
CUST102335,user2335@example.com,43.0,75.8,63.56,61381.0,7010.0,660.0,1,family,one-year,mailed_check,east,0,paid
CUST102336,user2336@example.com,75.0,8.6,91.35,74794.0,10266.0,799.0,1,standard,month-to-month,mailed_check,west,1,overdue
CUST102337,user2337@example.com,52.0,14.9,107.12,59692.0,29344.0,506.0,1,basic,one-year,credit_card,west,1,overdue
CUST102338,user2338@example.com,55.0,2.4,75.21,61566.0,14753.0,737.0,2,premium,one-year,credit_card,north,0,paid
CUST102339,user2339@example.com,52.0,15.3,69.37,37641.0,18424.0,680.0,0,premium,two-year,credit_card,east,0,paid
CUST102340,user2340@example.com,60.0,28.6,63.86,69137.0,10675.0,751.0,0,standard,month-to-month,e_check,east,1,overdue
CUST102341,user2341@example.com,40.0,25.3,83.44,51206.0,19442.0,727.0,5,standard,one-year,mailed_check,east,0,overdue
CUST102342,user2342@example.com,18.0,58.8,91.87,15031.0,4927.0,597.0,2,premium,one-year,e_check,west,0,paid
CUST102343,user2343@example.com,40.0,77.6,81.55,71545.0,16420.0,650.0,2,basic,one-year,mailed_check,north,0,paid
CUST102344,user2344@example.com,52.0,35.1,80.69,77660.0,29877.0,533.0,1,premium,month-to-month,credit_card,north,0,paid
CUST102345,user2345@example.com,30.0,5.5,68.72,84622.0,10027.0,608.0,0,basic,one-year,bank_transfer,east,0,overdue
CUST102346,user2346@example.com,40.0,22.3,30.18,98416.0,51281.0,652.0,1,family,one-year,credit_card,east,0,paid
CUST102347,user2347@example.com,34.0,104.1,92.44,70471.0,32336.0,674.0,0,basic,one-year,e_check,south,0,paid
CUST102348,user2348@example.com,60.0,98.7,37.88,65279.0,13567.0,713.0,0,standard,month-to-month,mailed_check,north,0,paid
CUST102349,user2349@example.com,51.0,32.2,85.48,76831.0,28357.0,777.0,0,premium,one-year,credit_card,north,1,overdue
CUST102350,user2350@example.com,50.0,12.2,88.89,37260.0,20351.0,615.0,2,basic,one-year,mailed_check,east,0,paid
CUST102351,user2351@example.com,49.0,9.8,41.49,21561.0,6086.0,742.0,2,premium,two-year,mailed_check,west,0,overdue
CUST102352,user2352@example.com,42.0,5.4,54.8,45460.0,11358.0,671.0,2,standard,month-to-month,mailed_check,west,1,overdue
CUST102353,user2353@example.com,44.0,2.2,123.04,80545.0,39420.0,545.0,1,basic,month-to-month,mailed_check,north,1,unpaid
CUST102354,user2354@example.com,28.0,28.5,68.01,41778.0,2116.0,638.0,4,standard,one-year,credit_card,east,0,paid
CUST102355,user2355@example.com,18.0,33.1,39.49,64312.0,27494.0,659.0,1,basic,two-year,mailed_check,east,0,overdue
CUST102356,user2356@example.com,44.0,20.3,90.02,66466.0,11212.0,583.0,0,family,two-year,bank_transfer,west,0,paid
CUST102357,user2357@example.com,46.0,78.6,50.68,59885.0,25861.0,567.0,2,standard,one-year,mailed_check,west,0,paid
CUST102358,user2358@example.com,57.0,58.2,21.99,29447.0,8565.0,564.0,0,premium,one-year,e_check,north,0,paid
CUST102359,user2359@example.com,61.0,49.4,82.99,61854.0,3783.0,607.0,1,standard,month-to-month,e_check,east,0,paid
CUST102360,user2360@example.com,61.0,40.3,47.08,46569.0,24721.0,581.0,1,family,month-to-month,mailed_check,west,0,paid
CUST102361,user2361@example.com,30.0,30.6,78.03,89057.0,31223.0,748.0,2,standard,month-to-month,bank_transfer,north,0,paid
CUST102362,user2362@example.com,38.0,5.1,49.68,77738.0,17295.0,454.0,0,basic,two-year,credit_card,south,0,paid
CUST102363,user2363@example.com,48.0,10.8,87.68,47274.0,20652.0,659.0,1,basic,month-to-month,mailed_check,west,1,overdue
CUST102364,user2364@example.com,72.0,33.4,74.59,90315.0,29151.0,692.0,0,basic,month-to-month,mailed_check,south,0,paid
CUST102365,user2365@example.com,60.0,27.0,10.0,61874.0,4283.0,573.0,2,family,two-year,bank_transfer,north,1,unpaid
CUST102366,user2366@example.com,55.0,13.8,79.55,21567.0,8792.0,631.0,4,family,month-to-month,mailed_check,west,0,paid
CUST102367,user2367@example.com,37.0,1.1,62.76,53434.0,31165.0,623.0,3,basic,month-to-month,mailed_check,west,1,overdue
CUST102368,user2368@example.com,31.0,11.0,105.42,87706.0,15093.0,644.0,0,basic,one-year,credit_card,north,1,overdue
CUST102369,user2369@example.com,51.0,49.3,79.88,38603.0,20252.0,703.0,2,basic,month-to-month,credit_card,south,0,paid
CUST102370,user2370@example.com,29.0,16.9,88.9,53635.0,21001.0,696.0,1,standard,one-year,mailed_check,west,1,overdue
CUST102371,user2371@example.com,39.0,10.8,52.24,,2581.0,602.0,2,standard,month-to-month,e_check,north,1,overdue
CUST102372,user2372@example.com,41.0,58.2,50.25,,13986.0,530.0,1,family,month-to-month,credit_card,south,0,paid
CUST102373,user2373@example.com,61.0,43.4,69.36,38315.0,11219.0,663.0,2,standard,two-year,e_check,north,1,overdue
CUST102374,user2374@example.com,38.0,17.9,60.98,30452.0,14817.0,597.0,0,standard,month-to-month,credit_card,north,0,paid
CUST102375,user2375@example.com,18.0,3.2,103.45,42635.0,17039.0,608.0,1,premium,one-year,bank_transfer,north,1,overdue
CUST102376,user2376@example.com,48.0,24.6,66.17,89766.0,4626.0,668.0,1,basic,two-year,mailed_check,east,1,overdue
CUST102377,user2377@example.com,34.0,49.8,39.38,54279.0,6484.0,615.0,1,premium,month-to-month,bank_transfer,north,1,overdue
CUST102378,user2378@example.com,43.0,14.5,49.31,70710.0,17242.0,675.0,1,standard,month-to-month,bank_transfer,east,0,paid
CUST102379,user2379@example.com,41.0,5.6,94.13,76831.0,24203.0,850.0,2,family,one-year,mailed_check,west,0,paid
CUST102380,user2380@example.com,39.0,46.9,65.82,32831.0,18473.0,705.0,2,family,one-year,bank_transfer,east,1,overdue
CUST102381,user2381@example.com,51.0,26.6,64.48,38370.0,19265.0,758.0,0,standard,month-to-month,bank_transfer,south,0,paid
CUST102382,user2382@example.com,24.0,35.7,96.5,70316.0,34517.0,691.0,1,premium,one-year,mailed_check,north,0,paid
CUST102383,user2383@example.com,36.0,22.3,47.13,42314.0,14673.0,656.0,0,family,one-year,e_check,east,0,paid
CUST102384,user2384@example.com,50.0,25.9,14.12,68992.0,6973.0,692.0,1,premium,month-to-month,bank_transfer,east,0,paid
CUST102385,user2385@example.com,35.0,2.6,48.68,88546.0,40749.0,688.0,2,standard,month-to-month,e_check,north,1,unpaid
CUST102386,user2386@example.com,23.0,54.5,76.05,25892.0,2527.0,719.0,1,basic,one-year,credit_card,south,0,paid
CUST102387,user2387@example.com,50.0,16.7,63.76,47861.0,4800.0,655.0,1,standard,month-to-month,credit_card,north,0,paid
CUST102388,user2388@example.com,55.0,10.2,30.99,51035.0,9712.0,545.0,0,premium,month-to-month,mailed_check,west,0,paid
CUST102389,user2389@example.com,41.0,8.3,95.4,44473.0,24790.0,533.0,1,basic,month-to-month,bank_transfer,south,1,overdue
CUST102390,user2390@example.com,18.0,37.0,74.09,42841.0,19812.0,687.0,2,premium,month-to-month,mailed_check,east,0,paid
CUST102391,user2391@example.com,50.0,14.1,79.73,45158.0,4162.0,560.0,1,standard,month-to-month,bank_transfer,west,1,overdue
CUST102392,user2392@example.com,22.0,24.5,80.49,54695.0,30378.0,705.0,1,premium,one-year,bank_transfer,south,0,paid
CUST102393,user2393@example.com,46.0,9.7,37.54,58298.0,28033.0,757.0,2,standard,two-year,bank_transfer,north,0,paid
CUST102394,user2394@example.com,31.0,15.0,77.57,74068.0,28294.0,632.0,1,basic,one-year,credit_card,south,0,paid
CUST102395,user2395@example.com,28.0,7.8,92.69,54498.0,6530.0,747.0,2,family,month-to-month,credit_card,east,0,paid
CUST102396,user2396@example.com,37.0,36.7,98.51,77363.0,17489.0,671.0,0,standard,one-year,credit_card,south,0,paid
CUST102397,user2397@example.com,40.0,58.2,88.03,43164.0,9296.0,652.0,3,standard,one-year,credit_card,south,0,paid
CUST102398,user2398@example.com,34.0,2.8,82.83,30973.0,12452.0,656.0,2,family,month-to-month,mailed_check,west,1,overdue
CUST102399,user2399@example.com,49.0,21.3,26.56,48905.0,18258.0,584.0,1,standard,month-to-month,mailed_check,north,0,paid
CUST102400,user2400@example.com,37.0,18.6,69.63,64250.0,13009.0,573.0,2,basic,month-to-month,bank_transfer,east,0,paid
CUST102401,user2401@example.com,54.0,15.5,46.09,72209.0,15966.0,518.0,2,basic,month-to-month,bank_transfer,east,0,paid
CUST102402,user2402@example.com,45.0,58.8,102.05,84205.0,28221.0,591.0,3,standard,two-year,bank_transfer,south,0,paid
CUST102403,user2403@example.com,34.0,43.7,98.26,60804.0,31312.0,821.0,4,premium,month-to-month,mailed_check,south,0,paid
CUST102404,user2404@example.com,32.0,14.3,46.24,70061.0,8367.0,,1,standard,one-year,mailed_check,east,0,paid
CUST102405,user2405@example.com,22.0,17.6,68.85,82376.0,36999.0,,1,standard,month-to-month,credit_card,west,0,paid
CUST102406,user2406@example.com,45.0,2.9,76.21,39415.0,23555.0,586.0,2,standard,month-to-month,mailed_check,north,1,overdue
CUST102407,user2407@example.com,38.0,0.7,92.52,50797.0,23486.0,589.0,0,basic,one-year,mailed_check,west,1,overdue
CUST102408,user2408@example.com,18.0,28.0,28.11,110418.0,32338.0,672.0,0,standard,one-year,bank_transfer,north,1,overdue
CUST102409,user2409@example.com,36.0,7.2,14.76,72128.0,32632.0,601.0,3,premium,month-to-month,bank_transfer,east,0,paid
CUST102410,user2410@example.com,31.0,11.8,70.95,65214.0,34132.0,634.0,2,basic,month-to-month,e_check,south,1,overdue
CUST102411,user2411@example.com,61.0,50.5,10.0,72874.0,34446.0,582.0,1,standard,one-year,e_check,south,0,paid
CUST102412,user2412@example.com,22.0,11.2,73.96,28286.0,1613.0,612.0,2,standard,month-to-month,e_check,west,1,overdue
CUST102413,user2413@example.com,25.0,60.3,84.81,42063.0,5145.0,,1,premium,one-year,e_check,east,0,paid
CUST102414,user2414@example.com,55.0,23.3,100.9,34754.0,3786.0,639.0,2,premium,one-year,credit_card,north,1,unpaid
CUST102415,user2415@example.com,58.0,27.3,54.44,63372.0,4278.0,808.0,3,premium,one-year,credit_card,west,1,unpaid
CUST102416,user2416@example.com,33.0,12.2,74.03,47621.0,21095.0,648.0,0,premium,month-to-month,e_check,south,0,paid
CUST102417,user2417@example.com,34.0,49.6,86.29,56908.0,11214.0,633.0,3,standard,month-to-month,credit_card,east,1,overdue
CUST102418,user2418@example.com,49.0,0.7,40.61,48780.0,21808.0,450.0,2,basic,one-year,credit_card,north,1,overdue
CUST102419,user2419@example.com,18.0,46.0,92.88,22472.0,9356.0,669.0,2,premium,month-to-month,mailed_check,north,0,paid
CUST102420,user2420@example.com,20.0,18.4,76.86,72700.0,24571.0,492.0,0,premium,one-year,e_check,east,1,overdue
CUST102421,user2421@example.com,39.0,27.4,54.86,19756.0,1637.0,694.0,4,basic,month-to-month,credit_card,north,1,overdue
CUST102422,user2422@example.com,61.0,87.5,73.53,40447.0,8814.0,661.0,1,premium,month-to-month,mailed_check,west,0,paid
CUST102423,user2423@example.com,37.0,27.1,66.52,28691.0,1862.0,714.0,1,premium,month-to-month,credit_card,north,1,unpaid
CUST102424,user2424@example.com,43.0,25.1,883.1701896016109,37405.0,20592.0,599.0,0,standard,month-to-month,e_check,east,1,overdue
CUST102425,user2425@example.com,56.0,10.7,60.99,59037.0,12973.0,652.0,1,premium,two-year,e_check,east,0,paid
CUST102426,user2426@example.com,67.0,4.2,75.68,79700.0,8147.0,704.0,0,family,month-to-month,bank_transfer,west,0,paid
CUST102427,user2427@example.com,35.0,9.0,54.48,23780.0,1222.0,576.0,2,basic,two-year,credit_card,north,0,paid
CUST102428,user2428@example.com,42.0,61.4,46.55,43856.0,16943.0,699.0,2,basic,one-year,credit_card,west,0,paid
CUST102429,user2429@example.com,64.0,102.5,74.29,20019.0,7838.0,695.0,0,basic,two-year,e_check,south,1,overdue
CUST102430,user2430@example.com,24.0,15.3,47.58,42892.0,25615.0,639.0,1,family,two-year,mailed_check,west,0,paid
CUST102431,user2431@example.com,54.0,7.2,90.01,56438.0,11781.0,776.0,2,basic,two-year,bank_transfer,east,1,unpaid
CUST102432,user2432@example.com,30.0,15.1,84.81,70342.0,5317.0,691.0,3,standard,month-to-month,bank_transfer,south,0,paid
CUST102433,user2433@example.com,43.0,72.2,50.87,12629.0,6045.0,516.0,0,basic,two-year,bank_transfer,east,0,paid
CUST102434,user2434@example.com,39.0,1.7,75.34,66011.0,14359.0,729.0,3,standard,month-to-month,mailed_check,west,1,overdue
CUST102435,user2435@example.com,31.0,2.1,50.76,35547.0,8242.0,597.0,2,standard,two-year,credit_card,west,0,paid
CUST102436,user2436@example.com,30.0,15.0,29.89,30676.0,16849.0,714.0,0,basic,month-to-month,mailed_check,south,0,paid
CUST102437,user2437@example.com,45.0,45.2,55.07,56350.0,20650.0,674.0,2,standard,month-to-month,bank_transfer,south,0,overdue
CUST102438,user2438@example.com,54.0,79.8,68.74,67543.0,18250.0,439.0,2,standard,two-year,mailed_check,east,1,overdue
CUST102439,user2439@example.com,40.0,37.4,83.04,52991.0,30354.0,698.0,0,standard,one-year,bank_transfer,west,0,paid
CUST102440,user2440@example.com,43.0,13.1,73.74,33137.0,6492.0,632.0,0,family,one-year,bank_transfer,east,1,unpaid
CUST102441,user2441@example.com,49.0,8.3,92.69,52980.0,3275.0,,1,basic,two-year,e_check,north,1,overdue
CUST102442,user2442@example.com,30.0,23.4,45.47,40496.0,7167.0,616.0,1,family,two-year,credit_card,north,0,paid
CUST102443,user2443@example.com,51.0,14.4,60.58,67081.0,4982.0,713.0,3,premium,one-year,e_check,east,0,paid
CUST102444,user2444@example.com,52.0,12.9,111.11,76507.0,20983.0,576.0,4,basic,one-year,bank_transfer,west,1,unpaid
CUST102445,user2445@example.com,73.0,68.7,21.72,75229.0,38148.0,739.0,0,standard,month-to-month,mailed_check,south,0,paid
CUST102446,user2446@example.com,37.0,7.7,58.7,54605.0,32018.0,528.0,3,basic,one-year,bank_transfer,south,1,overdue
CUST102447,user2447@example.com,37.0,54.7,43.21,77453.0,33706.0,674.0,2,premium,month-to-month,credit_card,west,0,paid
CUST102448,user2448@example.com,51.0,22.7,65.12,34580.0,19343.0,712.0,2,basic,month-to-month,mailed_check,south,1,overdue
CUST102449,user2449@example.com,52.0,8.0,59.14,90657.0,24903.0,710.0,3,basic,one-year,e_check,east,1,overdue
CUST102450,user2450@example.com,36.0,18.2,85.05,34468.0,7462.0,665.0,0,premium,one-year,credit_card,north,0,paid
CUST102451,user2451@example.com,37.0,15.1,76.39,14398.0,1941.0,633.0,4,premium,month-to-month,credit_card,east,1,overdue
CUST102452,user2452@example.com,48.0,4.1,37.36,82309.0,26790.0,606.0,2,premium,month-to-month,credit_card,south,0,paid
CUST102453,user2453@example.com,32.0,2.0,55.3,40797.0,9376.0,552.0,1,standard,month-to-month,bank_transfer,west,1,overdue
CUST102454,user2454@example.com,37.0,12.1,70.0,57335.0,6258.0,595.0,1,premium,one-year,credit_card,east,1,unpaid
CUST102455,user2455@example.com,43.0,55.6,88.48,34384.0,19343.0,573.0,1,standard,month-to-month,credit_card,north,0,paid
CUST102456,user2456@example.com,54.0,15.7,130.82,102272.0,12072.0,560.0,1,premium,one-year,credit_card,east,1,overdue
CUST102457,user2457@example.com,35.0,0.2,87.57,91436.0,41773.0,794.0,0,premium,month-to-month,bank_transfer,west,1,overdue
CUST102458,user2458@example.com,20.0,13.7,44.69,85931.0,7514.0,,0,standard,two-year,bank_transfer,south,1,overdue
CUST102459,user2459@example.com,19.0,2.4,67.65,56767.0,19296.0,740.0,2,standard,one-year,e_check,west,0,paid
CUST102460,user2460@example.com,27.0,19.8,74.52,74614.0,31423.0,551.0,3,basic,two-year,mailed_check,west,1,unpaid
CUST102461,user2461@example.com,26.0,1.3,57.02,53939.0,9655.0,568.0,2,standard,one-year,mailed_check,west,0,paid
CUST102462,user2462@example.com,40.0,8.9,81.76,77444.0,7094.0,567.0,0,family,month-to-month,mailed_check,east,1,overdue
CUST102463,user2463@example.com,28.0,63.8,13.22,46788.0,17609.0,,2,family,month-to-month,e_check,south,0,paid
CUST102464,user2464@example.com,34.0,41.8,83.83,86694.0,33082.0,724.0,2,basic,month-to-month,mailed_check,south,0,paid
CUST102465,user2465@example.com,33.0,33.8,58.09,45783.0,10145.0,697.0,0,standard,month-to-month,bank_transfer,east,0,paid
CUST102466,user2466@example.com,37.0,68.7,67.26,48054.0,12345.0,631.0,2,basic,one-year,credit_card,east,0,paid
CUST102467,user2467@example.com,58.0,16.6,106.64,45669.0,3429.0,850.0,0,premium,month-to-month,bank_transfer,north,0,paid
CUST102468,user2468@example.com,50.0,2.2,38.46,58849.0,12516.0,649.0,1,standard,month-to-month,bank_transfer,west,0,paid
CUST102469,user2469@example.com,42.0,24.8,76.82,47236.0,25292.0,655.0,0,premium,two-year,e_check,east,0,paid
CUST102470,user2470@example.com,36.0,77.7,89.85,64745.0,9337.0,595.0,2,basic,month-to-month,mailed_check,south,1,unpaid
CUST102471,user2471@example.com,37.0,12.0,74.26,45380.0,13951.0,586.0,0,standard,two-year,e_check,south,0,paid
CUST102472,user2472@example.com,46.0,34.6,29.65,70816.0,29902.0,607.0,2,standard,two-year,mailed_check,south,0,paid
CUST102473,user2473@example.com,49.0,9.7,103.76,85367.0,41965.0,718.0,1,standard,month-to-month,mailed_check,north,1,overdue
CUST102474,user2474@example.com,31.0,8.8,64.72,56551.0,5352.0,696.0,0,premium,month-to-month,credit_card,north,1,overdue
CUST102475,user2475@example.com,42.0,46.9,56.81,99367.0,37313.0,753.0,3,premium,one-year,mailed_check,west,0,paid
CUST102476,user2476@example.com,18.0,28.5,62.24,77551.0,30633.0,593.0,2,basic,month-to-month,bank_transfer,east,1,overdue
CUST102477,user2477@example.com,45.0,120.0,60.45,,15502.0,697.0,0,premium,month-to-month,credit_card,west,1,unpaid
CUST102478,user2478@example.com,51.0,11.5,40.25,53776.0,3601.0,674.0,1,family,month-to-month,credit_card,east,1,overdue
CUST102479,user2479@example.com,39.0,2.3,74.12,21771.0,11199.0,685.0,1,premium,month-to-month,mailed_check,west,1,unpaid
CUST102480,user2480@example.com,64.0,75.2,55.07,40877.0,11938.0,581.0,1,basic,month-to-month,credit_card,west,0,paid
CUST102481,user2481@example.com,31.0,28.3,86.77,42917.0,3581.0,567.0,0,basic,month-to-month,e_check,north,1,unpaid
CUST102482,user2482@example.com,45.0,51.3,82.94,35939.0,13223.0,693.0,0,basic,month-to-month,bank_transfer,east,0,paid
CUST102483,user2483@example.com,42.0,23.9,110.64,12000.0,3088.0,720.0,1,family,two-year,bank_transfer,north,0,paid
CUST102484,user2484@example.com,41.0,52.7,64.71,75493.0,7105.0,601.0,2,standard,two-year,e_check,north,0,paid
CUST102485,user2485@example.com,41.0,18.3,49.92,17800.0,3701.0,699.0,2,family,two-year,credit_card,east,0,paid
CUST102486,user2486@example.com,43.0,5.2,33.26,73578.0,16905.0,746.0,3,premium,month-to-month,bank_transfer,south,0,paid
CUST102487,user2487@example.com,52.0,17.2,124.83,98711.0,36148.0,621.0,0,standard,month-to-month,e_check,south,0,overdue
CUST102488,user2488@example.com,59.0,5.7,86.55,39433.0,10719.0,535.0,0,basic,two-year,e_check,south,1,unpaid
CUST102489,user2489@example.com,42.0,18.1,52.69,62751.0,6830.0,545.0,1,standard,two-year,e_check,east,0,paid
CUST102490,user2490@example.com,52.0,1.8,112.33,47027.0,18784.0,596.0,4,basic,month-to-month,mailed_check,west,1,overdue
CUST102491,user2491@example.com,34.0,44.8,713.52269556398,71542.0,32254.0,614.0,0,standard,month-to-month,mailed_check,east,0,paid
CUST102492,user2492@example.com,51.0,20.9,36.22,31112.0,10236.0,647.0,1,basic,one-year,credit_card,south,0,paid
CUST102493,user2493@example.com,33.0,23.5,51.16,52364.0,4443.0,649.0,1,standard,one-year,bank_transfer,east,0,paid
CUST102494,user2494@example.com,55.0,11.7,66.69,77424.0,8267.0,628.0,2,premium,one-year,credit_card,north,1,overdue
CUST102495,user2495@example.com,69.0,15.9,43.25,54023.0,30769.0,704.0,1,basic,two-year,e_check,south,1,overdue
CUST102496,user2496@example.com,41.0,74.7,67.59,22427.0,3457.0,589.0,2,basic,month-to-month,e_check,south,1,overdue
CUST102497,user2497@example.com,18.0,12.7,87.8,79833.0,17493.0,751.0,2,family,two-year,e_check,north,1,overdue
CUST102498,user2498@example.com,35.0,24.7,35.67,29080.0,12450.0,725.0,0,standard,month-to-month,credit_card,east,0,paid
CUST102499,user2499@example.com,57.0,29.2,77.33,56575.0,27468.0,719.0,3,basic,one-year,mailed_check,south,0,paid
CUST102500,user2500@example.com,49.0,52.7,99.21,66653.0,36730.0,597.0,1,standard,one-year,credit_card,east,0,overdue
CUST102501,user2501@example.com,45.0,15.0,80.01,57397.0,15345.0,641.0,0,basic,one-year,mailed_check,west,1,overdue
CUST102502,user2502@example.com,54.0,19.6,68.11,105749.0,63001.0,708.0,1,basic,month-to-month,bank_transfer,north,0,paid
CUST102503,user2503@example.com,48.0,24.1,53.3,69676.0,7465.0,634.0,3,premium,month-to-month,e_check,south,0,paid
CUST102504,user2504@example.com,57.0,5.6,90.77,50953.0,25711.0,594.0,0,basic,two-year,credit_card,south,0,paid
CUST102505,user2505@example.com,53.0,51.7,40.58,67053.0,13388.0,591.0,2,basic,month-to-month,bank_transfer,south,1,overdue
CUST102506,user2506@example.com,60.0,11.1,76.07,59199.0,33471.0,595.0,2,basic,month-to-month,bank_transfer,west,1,overdue
CUST102507,user2507@example.com,46.0,0.9,70.64,55887.0,29512.0,557.0,2,premium,month-to-month,e_check,north,1,overdue
CUST102508,user2508@example.com,53.0,6.7,98.14,59876.0,28097.0,850.0,1,standard,month-to-month,e_check,east,0,paid
CUST102509,user2509@example.com,38.0,18.1,55.43,46318.0,17696.0,494.0,1,standard,one-year,e_check,south,0,paid
CUST102510,user2510@example.com,35.0,14.3,57.56,59258.0,9952.0,572.0,3,basic,month-to-month,e_check,north,0,paid
CUST102511,user2511@example.com,62.0,24.9,38.95,44890.0,13649.0,698.0,2,family,month-to-month,mailed_check,north,0,paid
CUST102512,user2512@example.com,45.0,12.7,80.93,17076.0,1181.0,595.0,1,premium,two-year,credit_card,north,0,paid
CUST102513,user2513@example.com,52.0,22.2,59.4,77804.0,34247.0,622.0,0,premium,month-to-month,e_check,east,1,overdue
CUST102514,user2514@example.com,43.0,46.7,48.45,43691.0,4969.0,682.0,1,premium,two-year,mailed_check,north,1,overdue
CUST102515,user2515@example.com,35.0,4.9,50.83,57828.0,11106.0,733.0,0,family,month-to-month,credit_card,east,0,paid
CUST102516,user2516@example.com,42.0,42.0,83.43,39792.0,7353.0,628.0,2,standard,one-year,mailed_check,north,0,paid
CUST102517,user2517@example.com,59.0,14.0,42.43,40395.0,19526.0,724.0,0,premium,one-year,e_check,north,0,paid
CUST102518,user2518@example.com,49.0,81.8,44.65,34220.0,9252.0,514.0,1,premium,month-to-month,mailed_check,east,0,overdue
CUST102519,user2519@example.com,21.0,19.9,92.41,73966.0,25444.0,602.0,0,standard,two-year,bank_transfer,east,0,paid
CUST102520,user2520@example.com,39.0,3.6,65.85,78794.0,12981.0,690.0,0,basic,one-year,e_check,north,0,paid
CUST102521,user2521@example.com,63.0,42.7,93.89,55519.0,12978.0,808.0,1,standard,one-year,e_check,north,0,paid
CUST102522,user2522@example.com,39.0,23.2,61.02,44267.0,14676.0,573.0,4,premium,month-to-month,bank_transfer,south,0,paid
CUST102523,user2523@example.com,20.0,39.1,69.97,21139.0,3315.0,559.0,0,standard,one-year,e_check,east,0,paid
CUST102524,user2524@example.com,65.0,2.6,73.91,70909.0,30448.0,677.0,0,premium,one-year,e_check,north,1,overdue
CUST102525,user2525@example.com,50.0,1.7,104.68,41469.0,12320.0,654.0,1,basic,two-year,mailed_check,north,0,paid
CUST102526,user2526@example.com,41.0,3.4,102.65,32655.0,19299.0,593.0,1,basic,month-to-month,mailed_check,east,1,overdue
CUST102527,user2527@example.com,38.0,7.6,98.83,55585.0,10316.0,553.0,1,basic,month-to-month,mailed_check,south,0,paid
CUST102528,user2528@example.com,55.0,22.6,54.28,48317.0,12941.0,609.0,1,standard,month-to-month,e_check,west,0,paid
CUST102529,user2529@example.com,35.0,8.0,45.33,24639.0,13762.0,692.0,0,basic,month-to-month,bank_transfer,north,0,paid
CUST102530,user2530@example.com,56.0,34.2,89.02,27386.0,14714.0,623.0,3,basic,one-year,e_check,east,1,unpaid
CUST102531,user2531@example.com,49.0,2.3,104.42,61731.0,19525.0,744.0,2,family,one-year,credit_card,east,0,paid
CUST102532,user2532@example.com,45.0,3.0,99.07,41886.0,4942.0,639.0,1,premium,one-year,credit_card,south,0,paid
CUST102533,user2533@example.com,44.0,116.9,70.33,65205.0,17920.0,698.0,1,standard,one-year,mailed_check,west,0,paid
CUST102534,user2534@example.com,40.0,48.1,88.2,57931.0,21610.0,672.0,1,basic,month-to-month,bank_transfer,north,1,unpaid
CUST102535,user2535@example.com,55.0,9.8,88.63,75951.0,14417.0,618.0,1,basic,month-to-month,credit_card,east,1,overdue
CUST102536,user2536@example.com,32.0,3.6,73.72,38357.0,5950.0,717.0,2,standard,two-year,e_check,south,0,paid
CUST102537,user2537@example.com,23.0,21.6,74.81,59654.0,20419.0,553.0,0,basic,month-to-month,credit_card,west,0,paid
CUST102538,user2538@example.com,49.0,2.6,72.45,67765.0,9949.0,606.0,1,basic,month-to-month,mailed_check,north,0,overdue
CUST102539,user2539@example.com,50.0,1.4,50.3,42476.0,22554.0,617.0,0,premium,month-to-month,mailed_check,north,0,paid
CUST102540,user2540@example.com,48.0,14.7,52.85,77544.0,7044.0,681.0,1,basic,month-to-month,e_check,east,0,paid
CUST102541,user2541@example.com,47.0,27.0,52.46,21674.0,12854.0,700.0,2,premium,month-to-month,bank_transfer,south,1,overdue
CUST102542,user2542@example.com,38.0,6.5,30.02,38341.0,13261.0,585.0,1,family,one-year,bank_transfer,west,0,paid
CUST102543,user2543@example.com,51.0,9.7,73.57,20926.0,12367.0,574.0,4,standard,month-to-month,credit_card,south,1,unpaid
CUST102544,user2544@example.com,41.0,89.3,68.99,40283.0,18664.0,656.0,1,basic,month-to-month,bank_transfer,south,0,paid
CUST102545,user2545@example.com,36.0,29.3,89.05,51908.0,6961.0,527.0,1,standard,one-year,e_check,south,1,unpaid
CUST102546,user2546@example.com,38.0,79.6,101.52,71630.0,12542.0,731.0,1,family,month-to-month,e_check,east,0,paid
CUST102547,user2547@example.com,66.0,30.9,103.11,51894.0,5647.0,632.0,4,premium,two-year,bank_transfer,south,0,paid
CUST102548,user2548@example.com,21.0,19.1,105.46,43093.0,19435.0,556.0,1,basic,one-year,e_check,north,0,paid
CUST102549,user2549@example.com,48.0,5.3,51.07,24016.0,3429.0,,1,premium,one-year,bank_transfer,east,0,paid
CUST102550,user2550@example.com,22.0,0.6,34.2,30716.0,13608.0,675.0,1,standard,month-to-month,bank_transfer,south,0,paid
CUST102551,user2551@example.com,41.0,16.2,93.27,61204.0,31993.0,673.0,2,standard,one-year,e_check,north,0,paid
CUST102552,user2552@example.com,37.0,64.4,104.55,72629.0,20078.0,589.0,3,basic,one-year,mailed_check,south,1,overdue
CUST102553,user2553@example.com,18.0,4.8,108.9,46616.0,19279.0,641.0,0,standard,two-year,mailed_check,north,0,paid
CUST102554,user2554@example.com,47.0,4.2,82.12,79220.0,42966.0,560.0,2,premium,month-to-month,e_check,north,1,overdue
CUST102555,user2555@example.com,37.0,35.0,20.08,36002.0,16713.0,629.0,1,standard,month-to-month,credit_card,north,0,paid
CUST102556,user2556@example.com,18.0,2.5,79.14,47189.0,5753.0,768.0,1,family,month-to-month,bank_transfer,west,0,paid
CUST102557,user2557@example.com,52.0,5.4,83.89,48877.0,10307.0,820.0,1,basic,month-to-month,credit_card,south,1,overdue
CUST102558,user2558@example.com,59.0,47.1,101.3,85588.0,29494.0,633.0,0,basic,month-to-month,mailed_check,south,0,paid
CUST102559,user2559@example.com,60.0,5.1,105.74,57673.0,11266.0,685.0,1,standard,month-to-month,mailed_check,east,0,paid
CUST102560,user2560@example.com,46.0,42.9,92.74,19031.0,6247.0,681.0,1,basic,month-to-month,bank_transfer,east,1,overdue
CUST102561,user2561@example.com,43.0,27.3,55.32,74033.0,42499.0,512.0,3,standard,month-to-month,credit_card,east,0,paid
CUST102562,user2562@example.com,58.0,69.3,44.27,91919.0,27506.0,558.0,0,standard,two-year,bank_transfer,south,0,paid
CUST102563,user2563@example.com,62.0,27.2,83.35,50005.0,9697.0,465.0,1,standard,one-year,mailed_check,south,0,paid
CUST102564,user2564@example.com,56.0,2.6,50.19,37058.0,4840.0,686.0,0,standard,month-to-month,credit_card,south,0,paid
CUST102565,user2565@example.com,31.0,92.2,106.88,72285.0,39439.0,806.0,2,basic,one-year,bank_transfer,west,0,paid
CUST102566,user2566@example.com,44.0,2.7,27.39,94285.0,16631.0,735.0,0,basic,month-to-month,credit_card,south,0,overdue
CUST102567,user2567@example.com,47.0,13.4,84.17,71975.0,11263.0,654.0,2,standard,month-to-month,e_check,east,1,overdue
CUST102568,user2568@example.com,20.0,31.1,77.99,22540.0,7959.0,642.0,2,premium,month-to-month,mailed_check,south,0,paid
CUST102569,user2569@example.com,48.0,10.6,64.83,70094.0,21304.0,622.0,4,premium,month-to-month,credit_card,south,1,overdue
CUST102570,user2570@example.com,69.0,6.5,46.87,63084.0,16535.0,735.0,2,basic,two-year,bank_transfer,east,0,paid
CUST102571,user2571@example.com,50.0,26.2,18.46,35907.0,13223.0,667.0,2,basic,month-to-month,bank_transfer,north,1,overdue
CUST102572,user2572@example.com,60.0,3.6,56.71,80776.0,29336.0,,1,standard,month-to-month,credit_card,south,0,paid
CUST102573,user2573@example.com,44.0,1.9,57.15,63767.0,5587.0,562.0,3,standard,one-year,e_check,north,0,paid
CUST102574,user2574@example.com,41.0,12.6,97.79,81299.0,22618.0,698.0,4,standard,month-to-month,credit_card,north,1,overdue
CUST102575,user2575@example.com,47.0,84.9,50.43,33770.0,15080.0,638.0,0,standard,two-year,mailed_check,south,0,paid
CUST102576,user2576@example.com,32.0,26.0,81.32,62976.0,16369.0,682.0,1,standard,one-year,bank_transfer,north,0,paid
CUST102577,user2577@example.com,30.0,4.9,37.69,37098.0,22211.0,730.0,3,basic,two-year,bank_transfer,north,0,paid
CUST102578,user2578@example.com,57.0,55.5,82.01,59953.0,10759.0,519.0,2,basic,one-year,e_check,east,0,paid
CUST102579,user2579@example.com,58.0,2.3,14.06,84545.0,27308.0,626.0,0,premium,one-year,mailed_check,south,0,overdue
CUST102580,user2580@example.com,30.0,74.4,122.38,26472.0,11136.0,615.0,1,premium,month-to-month,credit_card,east,0,paid
CUST102581,user2581@example.com,54.0,23.3,66.47,,9704.0,608.0,2,premium,month-to-month,credit_card,west,1,unpaid
CUST102582,user2582@example.com,41.0,2.0,10.0,74109.0,5298.0,561.0,2,basic,month-to-month,mailed_check,south,1,overdue
CUST102583,user2583@example.com,46.0,32.8,52.06,,18194.0,592.0,0,premium,month-to-month,credit_card,west,0,paid
CUST102584,user2584@example.com,48.0,20.2,48.11,78425.0,45607.0,562.0,0,family,month-to-month,credit_card,south,0,paid
CUST102585,user2585@example.com,54.0,18.4,53.6,38854.0,10633.0,716.0,2,premium,month-to-month,mailed_check,east,0,paid
CUST102586,user2586@example.com,43.0,19.2,60.88,56024.0,6381.0,680.0,1,basic,month-to-month,mailed_check,south,0,paid
CUST102587,user2587@example.com,59.0,15.5,53.43,68763.0,4242.0,675.0,1,basic,month-to-month,e_check,west,0,paid
CUST102588,user2588@example.com,46.0,12.9,49.59,59204.0,16384.0,496.0,2,family,one-year,e_check,south,0,paid
CUST102589,user2589@example.com,49.0,63.9,41.03,19225.0,2921.0,806.0,2,standard,month-to-month,credit_card,south,0,paid
CUST102590,user2590@example.com,32.0,10.2,90.54,111452.0,56738.0,617.0,3,premium,month-to-month,credit_card,south,1,overdue
CUST102591,user2591@example.com,68.0,38.5,100.03,59246.0,33992.0,790.0,0,basic,month-to-month,credit_card,east,0,paid
CUST102592,user2592@example.com,48.0,52.6,63.64,28192.0,15993.0,710.0,1,standard,month-to-month,credit_card,west,1,overdue
CUST102593,user2593@example.com,51.0,56.0,69.56,61284.0,15688.0,631.0,3,standard,one-year,mailed_check,west,1,overdue
CUST102594,user2594@example.com,23.0,22.1,41.84,63583.0,19082.0,813.0,0,premium,month-to-month,bank_transfer,north,0,paid
CUST102595,user2595@example.com,32.0,19.7,71.78,74878.0,16720.0,695.0,3,basic,one-year,credit_card,west,0,paid
CUST102596,user2596@example.com,57.0,12.6,75.75,73543.0,8897.0,632.0,0,standard,month-to-month,credit_card,south,1,overdue
CUST102597,user2597@example.com,45.0,4.5,64.52,50723.0,18132.0,619.0,3,premium,one-year,bank_transfer,east,1,overdue
CUST102598,user2598@example.com,19.0,32.3,79.9,20558.0,3133.0,733.0,2,premium,month-to-month,bank_transfer,west,0,paid
CUST102599,user2599@example.com,54.0,27.5,77.72,64227.0,5310.0,607.0,1,premium,one-year,mailed_check,west,0,paid
CUST102600,user2600@example.com,35.0,10.3,43.65,22152.0,11457.0,620.0,0,basic,month-to-month,mailed_check,south,1,overdue
CUST102601,user2601@example.com,59.0,1.6,99.83,79305.0,38795.0,602.0,2,standard,one-year,e_check,north,0,paid
CUST102602,user2602@example.com,41.0,2.4,64.81,40345.0,22571.0,590.0,0,basic,two-year,mailed_check,west,0,paid
CUST102603,user2603@example.com,44.0,14.8,111.89,67699.0,15576.0,594.0,0,family,month-to-month,mailed_check,south,1,unpaid
CUST102604,user2604@example.com,56.0,16.3,80.51,41877.0,22148.0,792.0,3,standard,month-to-month,credit_card,west,1,overdue
CUST102605,user2605@example.com,31.0,22.4,119.27,45159.0,12155.0,731.0,4,family,month-to-month,credit_card,west,0,paid
CUST102606,user2606@example.com,30.0,6.7,99.38,38981.0,3509.0,669.0,1,basic,month-to-month,credit_card,east,1,overdue
CUST102607,user2607@example.com,40.0,43.6,75.68,69322.0,20922.0,606.0,2,premium,month-to-month,bank_transfer,south,0,paid
CUST102608,user2608@example.com,52.0,14.6,51.92,42573.0,15096.0,606.0,0,standard,one-year,bank_transfer,north,0,paid
CUST102609,user2609@example.com,26.0,13.6,52.46,70371.0,20242.0,621.0,4,standard,one-year,credit_card,north,1,unpaid
CUST102610,user2610@example.com,22.0,22.7,83.33,43096.0,20772.0,793.0,3,premium,one-year,e_check,east,0,paid
CUST102611,user2611@example.com,52.0,24.1,73.58,50372.0,12266.0,673.0,3,basic,month-to-month,bank_transfer,west,1,overdue
CUST102612,user2612@example.com,35.0,40.1,55.27,55711.0,31008.0,710.0,0,basic,month-to-month,credit_card,south,1,unpaid
CUST102613,user2613@example.com,37.0,1.9,90.83,58076.0,5273.0,666.0,0,basic,month-to-month,mailed_check,east,1,overdue
CUST102614,user2614@example.com,20.0,26.6,70.97,36516.0,16294.0,579.0,3,standard,month-to-month,e_check,south,1,overdue
CUST102615,user2615@example.com,34.0,20.1,90.98,69076.0,38747.0,658.0,1,standard,month-to-month,mailed_check,east,1,overdue
CUST102616,user2616@example.com,42.0,59.9,45.61,49573.0,17561.0,564.0,1,family,two-year,mailed_check,west,0,paid
CUST102617,user2617@example.com,53.0,12.5,94.99,65878.0,35131.0,746.0,1,premium,month-to-month,credit_card,south,0,paid
CUST102618,user2618@example.com,33.0,26.1,82.52,54675.0,23538.0,590.0,3,standard,month-to-month,credit_card,west,1,overdue
CUST102619,user2619@example.com,62.0,53.4,99.94,66729.0,3870.0,604.0,1,standard,two-year,bank_transfer,north,0,paid
CUST102620,user2620@example.com,34.0,54.8,94.44,46773.0,19607.0,715.0,1,standard,two-year,mailed_check,north,0,paid
CUST102621,user2621@example.com,34.0,15.6,67.88,39208.0,16119.0,,1,standard,month-to-month,bank_transfer,west,1,overdue
CUST102622,user2622@example.com,60.0,2.1,65.87,63537.0,3178.0,632.0,2,premium,one-year,mailed_check,east,0,paid
CUST102623,user2623@example.com,45.0,18.7,114.58,45125.0,12411.0,439.0,3,standard,two-year,credit_card,north,0,paid
CUST102624,user2624@example.com,35.0,18.9,62.74,84176.0,6005.0,624.0,2,basic,month-to-month,bank_transfer,north,0,paid
CUST102625,user2625@example.com,40.0,58.0,88.71,56353.0,11899.0,,0,premium,one-year,credit_card,east,0,paid
CUST102626,user2626@example.com,58.0,22.0,60.47,27527.0,16313.0,600.0,3,premium,two-year,bank_transfer,south,1,overdue
CUST102627,user2627@example.com,60.0,15.8,23.45,43291.0,24553.0,695.0,0,premium,two-year,mailed_check,south,0,paid
CUST102628,user2628@example.com,32.0,44.7,39.32,35014.0,14939.0,649.0,4,standard,two-year,bank_transfer,west,0,paid
CUST102629,user2629@example.com,41.0,39.4,80.15,76458.0,19250.0,737.0,5,standard,one-year,mailed_check,north,0,paid
CUST102630,user2630@example.com,43.0,35.4,87.53,,18890.0,591.0,0,premium,one-year,credit_card,west,1,overdue
CUST102631,user2631@example.com,30.0,0.6,80.23,53779.0,3819.0,631.0,0,premium,month-to-month,credit_card,south,1,overdue
CUST102632,user2632@example.com,41.0,4.8,98.65,60801.0,14353.0,532.0,3,standard,two-year,e_check,north,1,overdue
CUST102633,user2633@example.com,42.0,11.1,79.78,53246.0,25633.0,643.0,1,standard,one-year,mailed_check,east,0,paid
CUST102634,user2634@example.com,56.0,10.6,50.62,72208.0,24236.0,616.0,3,basic,month-to-month,bank_transfer,west,0,paid
CUST102635,user2635@example.com,56.0,84.1,84.86,65397.0,20415.0,727.0,1,standard,two-year,mailed_check,north,0,paid
CUST102636,user2636@example.com,38.0,60.9,74.24,69000.0,6907.0,600.0,1,standard,month-to-month,mailed_check,east,0,paid
CUST102637,user2637@example.com,39.0,9.5,55.61,51163.0,28419.0,616.0,0,standard,two-year,bank_transfer,north,1,overdue
CUST102638,user2638@example.com,50.0,1.8,81.81,42369.0,8715.0,596.0,1,basic,one-year,credit_card,east,0,paid
CUST102639,user2639@example.com,35.0,61.5,71.98,68301.0,17799.0,652.0,1,standard,month-to-month,e_check,south,1,overdue
CUST102640,user2640@example.com,49.0,2.4,54.87,86027.0,19949.0,809.0,5,premium,month-to-month,e_check,west,1,unpaid
CUST102641,user2641@example.com,41.0,8.3,65.55,77120.0,17800.0,370.0,5,standard,one-year,bank_transfer,east,1,unpaid
CUST102642,user2642@example.com,30.0,13.0,105.34,86633.0,32888.0,646.0,1,standard,one-year,e_check,north,1,overdue
CUST102643,user2643@example.com,31.0,2.3,104.52,58241.0,22997.0,744.0,2,family,month-to-month,credit_card,east,1,overdue
CUST102644,user2644@example.com,59.0,17.9,74.7,35600.0,13500.0,609.0,0,standard,month-to-month,bank_transfer,south,0,paid
CUST102645,user2645@example.com,40.0,31.2,71.43,37376.0,3277.0,692.0,1,premium,month-to-month,credit_card,south,1,overdue
CUST102646,user2646@example.com,62.0,17.0,34.17,82591.0,48171.0,744.0,1,basic,two-year,e_check,east,1,unpaid
CUST102647,user2647@example.com,36.0,20.9,112.98,17761.0,7863.0,,3,basic,month-to-month,e_check,south,1,unpaid
CUST102648,user2648@example.com,45.0,38.9,95.91,85095.0,45569.0,598.0,1,family,month-to-month,mailed_check,north,1,unpaid
CUST102649,user2649@example.com,71.0,44.8,88.8,39247.0,5409.0,725.0,3,family,month-to-month,credit_card,north,1,overdue
CUST102650,user2650@example.com,29.0,0.0,13.13,93468.0,52591.0,,2,basic,month-to-month,mailed_check,west,1,overdue
CUST102651,user2651@example.com,19.0,33.7,71.02,53588.0,23950.0,645.0,4,family,two-year,mailed_check,south,0,paid
CUST102652,user2652@example.com,57.0,13.5,66.82,69451.0,22599.0,699.0,2,premium,month-to-month,mailed_check,west,0,paid
CUST102653,user2653@example.com,32.0,59.5,87.07,102701.0,6442.0,727.0,0,basic,one-year,e_check,north,0,paid
CUST102654,user2654@example.com,42.0,15.8,58.72,48397.0,9159.0,646.0,2,basic,two-year,e_check,east,0,paid
CUST102655,user2655@example.com,35.0,5.9,64.21,48061.0,24574.0,674.0,1,standard,two-year,e_check,north,0,paid
CUST102656,user2656@example.com,45.0,16.9,85.49,41103.0,10627.0,,2,basic,two-year,credit_card,north,0,paid
CUST102657,user2657@example.com,31.0,92.9,50.66,34964.0,14792.0,613.0,1,premium,two-year,e_check,west,0,paid
CUST102658,user2658@example.com,40.0,26.4,55.65,48404.0,21875.0,745.0,3,premium,one-year,bank_transfer,west,0,paid
CUST102659,user2659@example.com,47.0,50.7,74.83,43903.0,20925.0,568.0,4,standard,two-year,e_check,north,0,paid
CUST102660,user2660@example.com,30.0,7.7,103.46,29995.0,7807.0,639.0,2,premium,one-year,mailed_check,south,0,paid
CUST102661,user2661@example.com,34.0,11.7,90.21,50790.0,27955.0,711.0,2,standard,two-year,mailed_check,east,1,unpaid
CUST102662,user2662@example.com,38.0,20.6,96.89,63996.0,13485.0,565.0,4,standard,two-year,e_check,west,1,overdue
CUST102663,user2663@example.com,25.0,50.4,71.58,37082.0,18906.0,720.0,1,standard,month-to-month,e_check,south,0,paid
CUST102664,user2664@example.com,37.0,9.8,107.38,51751.0,14677.0,665.0,1,standard,month-to-month,credit_card,west,1,overdue
CUST102665,user2665@example.com,43.0,15.5,26.47,83130.0,14866.0,756.0,4,family,two-year,bank_transfer,east,0,paid
CUST102666,user2666@example.com,37.0,0.2,120.56,26609.0,6357.0,699.0,1,basic,month-to-month,credit_card,south,1,overdue
CUST102667,user2667@example.com,39.0,7.5,123.79,93633.0,45858.0,637.0,2,basic,two-year,e_check,east,0,paid
CUST102668,user2668@example.com,42.0,78.7,81.42,41520.0,16117.0,669.0,1,standard,month-to-month,bank_transfer,north,1,overdue
CUST102669,user2669@example.com,34.0,26.6,90.81,59018.0,7387.0,671.0,2,family,one-year,bank_transfer,east,1,unpaid
CUST102670,user2670@example.com,50.0,80.0,69.05,80583.0,9523.0,,2,standard,two-year,e_check,north,0,paid
CUST102671,user2671@example.com,59.0,42.2,64.76,86687.0,37099.0,657.0,1,standard,month-to-month,mailed_check,south,1,overdue
CUST102672,user2672@example.com,36.0,56.2,54.73,64396.0,11702.0,639.0,1,family,month-to-month,bank_transfer,east,0,paid
CUST102673,user2673@example.com,48.0,6.8,68.77,41110.0,6773.0,634.0,1,basic,two-year,bank_transfer,south,0,paid
CUST102674,user2674@example.com,39.0,120.0,83.9,39344.0,18186.0,665.0,0,basic,month-to-month,bank_transfer,west,0,paid
CUST102675,user2675@example.com,46.0,14.8,80.5,43502.0,9895.0,559.0,1,standard,one-year,bank_transfer,north,1,overdue
CUST102676,user2676@example.com,61.0,27.1,119.67,92785.0,8125.0,619.0,1,standard,month-to-month,bank_transfer,west,1,overdue
CUST102677,user2677@example.com,48.0,44.0,72.51,47337.0,13428.0,569.0,2,basic,month-to-month,credit_card,south,0,paid
CUST102678,user2678@example.com,21.0,31.3,32.78,61473.0,22318.0,579.0,4,standard,month-to-month,credit_card,east,0,paid
CUST102679,user2679@example.com,47.0,2.6,111.11,34125.0,12995.0,714.0,3,standard,two-year,bank_transfer,south,0,paid
CUST102680,user2680@example.com,57.0,19.4,39.48,31873.0,2619.0,652.0,1,basic,one-year,mailed_check,south,0,paid
CUST102681,user2681@example.com,39.0,74.0,56.02,55528.0,16628.0,,1,standard,two-year,e_check,west,0,paid
CUST102682,user2682@example.com,54.0,72.8,76.79,48505.0,12018.0,638.0,1,basic,two-year,bank_transfer,north,0,paid
CUST102683,user2683@example.com,34.0,29.1,80.43,49966.0,14836.0,630.0,1,basic,month-to-month,credit_card,north,1,overdue
CUST102684,user2684@example.com,24.0,15.6,33.86,25419.0,1854.0,654.0,1,family,two-year,credit_card,east,0,paid
CUST102685,user2685@example.com,44.0,21.1,51.34,53530.0,11380.0,529.0,0,standard,month-to-month,mailed_check,east,0,paid
CUST102686,user2686@example.com,21.0,8.0,32.98,85985.0,34730.0,563.0,4,standard,two-year,e_check,west,0,paid
CUST102687,user2687@example.com,39.0,6.2,85.54,37939.0,4524.0,535.0,1,standard,month-to-month,e_check,west,1,overdue
CUST102688,user2688@example.com,57.0,41.9,99.58,72949.0,42133.0,578.0,0,basic,month-to-month,bank_transfer,east,1,unpaid
CUST102689,user2689@example.com,19.0,7.1,39.45,12000.0,7160.0,592.0,1,standard,one-year,mailed_check,west,1,unpaid
CUST102690,user2690@example.com,27.0,23.7,94.89,38953.0,9670.0,567.0,1,basic,two-year,mailed_check,north,0,paid
CUST102691,user2691@example.com,30.0,86.7,93.27,16792.0,7129.0,711.0,3,standard,two-year,credit_card,east,0,paid
CUST102692,user2692@example.com,41.0,26.0,53.52,79724.0,31845.0,797.0,0,basic,month-to-month,e_check,east,0,paid
CUST102693,user2693@example.com,38.0,29.4,20.44,72576.0,10301.0,716.0,0,premium,one-year,bank_transfer,south,0,paid
CUST102694,user2694@example.com,59.0,24.5,43.22,34313.0,9042.0,605.0,1,premium,month-to-month,mailed_check,west,0,paid
CUST102695,user2695@example.com,53.0,67.9,55.12,60786.0,35824.0,667.0,2,family,month-to-month,bank_transfer,east,0,paid
CUST102696,user2696@example.com,48.0,25.3,108.54,79034.0,9502.0,645.0,3,premium,month-to-month,credit_card,north,1,overdue
CUST102697,user2697@example.com,44.0,5.1,67.04,82144.0,30093.0,601.0,3,standard,one-year,e_check,west,1,overdue
CUST102698,user2698@example.com,47.0,20.1,44.83,46884.0,17795.0,756.0,3,basic,month-to-month,bank_transfer,south,1,overdue
CUST102699,user2699@example.com,32.0,7.6,73.7,12000.0,1706.0,811.0,0,basic,one-year,bank_transfer,east,0,overdue
CUST102700,user2700@example.com,52.0,19.6,37.62,37029.0,12752.0,532.0,1,basic,two-year,credit_card,north,0,paid
CUST102701,user2701@example.com,29.0,5.9,82.86,70323.0,39001.0,765.0,2,premium,one-year,bank_transfer,south,0,paid
CUST102702,user2702@example.com,52.0,24.3,45.56,96978.0,11018.0,603.0,0,premium,month-to-month,mailed_check,east,0,paid
CUST102703,user2703@example.com,56.0,10.8,49.19,53913.0,8322.0,629.0,1,basic,two-year,e_check,north,0,paid
CUST102704,user2704@example.com,45.0,32.7,79.39,42864.0,8170.0,673.0,1,basic,one-year,bank_transfer,south,1,unpaid
CUST102705,user2705@example.com,40.0,17.0,113.76,102987.0,47687.0,774.0,0,basic,one-year,e_check,east,0,paid
CUST102706,user2706@example.com,47.0,6.3,124.94,63115.0,23194.0,672.0,0,family,two-year,e_check,west,1,overdue
CUST102707,user2707@example.com,18.0,13.1,44.0,30445.0,9954.0,683.0,1,basic,month-to-month,bank_transfer,north,0,paid
CUST102708,user2708@example.com,46.0,25.4,55.08,52622.0,25555.0,718.0,3,premium,month-to-month,credit_card,west,0,paid
CUST102709,user2709@example.com,41.0,7.7,82.89,74999.0,44103.0,731.0,1,premium,month-to-month,mailed_check,south,1,overdue
CUST102710,user2710@example.com,41.0,2.5,99.22,53593.0,8456.0,691.0,2,premium,month-to-month,credit_card,south,1,overdue
CUST102711,user2711@example.com,50.0,46.4,15.9,70887.0,35205.0,731.0,2,standard,month-to-month,credit_card,east,1,overdue
CUST102712,user2712@example.com,41.0,8.2,72.18,22900.0,5806.0,602.0,3,basic,one-year,bank_transfer,south,0,paid
CUST102713,user2713@example.com,28.0,21.5,57.82,26317.0,3429.0,511.0,1,basic,month-to-month,e_check,south,1,overdue
CUST102714,user2714@example.com,40.0,11.5,21.9,40303.0,7701.0,796.0,1,family,one-year,e_check,north,0,paid
CUST102715,user2715@example.com,43.0,7.2,36.57,49356.0,13307.0,567.0,2,standard,month-to-month,mailed_check,north,1,overdue
CUST102716,user2716@example.com,43.0,50.6,55.81,61679.0,33587.0,607.0,4,standard,month-to-month,mailed_check,north,0,paid
CUST102717,user2717@example.com,44.0,109.0,71.47,67735.0,21210.0,623.0,1,standard,month-to-month,e_check,east,0,paid
CUST102718,user2718@example.com,54.0,6.4,95.2,104322.0,40463.0,610.0,1,basic,month-to-month,mailed_check,south,0,paid
CUST102719,user2719@example.com,29.0,28.8,78.86,40229.0,2747.0,592.0,1,premium,two-year,e_check,north,1,unpaid
CUST102720,user2720@example.com,44.0,17.0,93.69,48720.0,4151.0,687.0,0,premium,month-to-month,mailed_check,north,1,unpaid
CUST102721,user2721@example.com,57.0,61.1,70.67,40787.0,23089.0,688.0,0,basic,month-to-month,credit_card,west,0,overdue
CUST102722,user2722@example.com,21.0,21.6,52.38,76588.0,39142.0,700.0,1,basic,month-to-month,e_check,west,0,paid
CUST102723,user2723@example.com,44.0,3.8,65.41,77679.0,24803.0,695.0,2,basic,two-year,credit_card,west,1,overdue
CUST102724,user2724@example.com,35.0,60.1,87.39,46047.0,7378.0,617.0,0,family,month-to-month,mailed_check,east,0,paid
CUST102725,user2725@example.com,38.0,100.8,95.81,96315.0,6944.0,617.0,3,standard,month-to-month,e_check,west,0,paid
CUST102726,user2726@example.com,31.0,25.9,66.3,40822.0,23940.0,740.0,2,premium,month-to-month,bank_transfer,east,1,unpaid
CUST102727,user2727@example.com,40.0,4.3,46.77,75598.0,4016.0,608.0,1,basic,two-year,bank_transfer,north,0,paid
CUST102728,user2728@example.com,64.0,58.1,78.39,84090.0,15196.0,607.0,3,standard,month-to-month,mailed_check,east,0,paid
CUST102729,user2729@example.com,27.0,12.9,81.95,27768.0,11833.0,724.0,2,basic,month-to-month,bank_transfer,north,1,overdue
CUST102730,user2730@example.com,28.0,7.5,100.82,66553.0,37658.0,649.0,1,standard,month-to-month,mailed_check,north,0,paid
CUST102731,user2731@example.com,26.0,28.4,53.03,12000.0,1373.0,610.0,1,basic,two-year,bank_transfer,north,1,overdue
CUST102732,user2732@example.com,63.0,79.8,53.31,71484.0,34001.0,610.0,2,family,month-to-month,mailed_check,north,0,paid
CUST102733,user2733@example.com,36.0,40.5,88.9,32968.0,7664.0,740.0,3,premium,month-to-month,credit_card,west,1,unpaid
CUST102734,user2734@example.com,42.0,38.5,59.81,66349.0,28122.0,697.0,1,basic,one-year,credit_card,north,0,paid
CUST102735,user2735@example.com,37.0,3.6,58.76,70100.0,7231.0,669.0,1,basic,month-to-month,e_check,west,1,unpaid
CUST102736,user2736@example.com,31.0,42.7,101.35,77403.0,40687.0,557.0,0,basic,month-to-month,mailed_check,south,0,paid
CUST102737,user2737@example.com,39.0,33.1,35.72,72804.0,31959.0,669.0,1,basic,two-year,bank_transfer,north,0,paid
CUST102738,user2738@example.com,71.0,20.9,121.41,56118.0,32300.0,633.0,0,family,two-year,bank_transfer,south,0,paid
CUST102739,user2739@example.com,59.0,19.9,54.68,47390.0,15465.0,577.0,2,family,two-year,credit_card,north,1,unpaid
CUST102740,user2740@example.com,32.0,1.0,91.67,53512.0,28802.0,602.0,3,basic,one-year,e_check,south,1,overdue
CUST102741,user2741@example.com,50.0,2.3,67.28,32680.0,11347.0,706.0,3,basic,month-to-month,mailed_check,south,0,paid
CUST102742,user2742@example.com,32.0,27.6,76.78,50766.0,16856.0,749.0,0,basic,month-to-month,bank_transfer,north,0,paid
CUST102743,user2743@example.com,21.0,65.0,63.43,49186.0,5019.0,565.0,2,standard,one-year,bank_transfer,south,0,overdue
CUST102744,user2744@example.com,54.0,30.5,91.41,39236.0,19531.0,575.0,3,standard,one-year,bank_transfer,north,0,overdue
CUST102745,user2745@example.com,56.0,23.1,61.32,20176.0,5583.0,706.0,0,standard,month-to-month,credit_card,north,1,overdue
CUST102746,user2746@example.com,55.0,5.9,55.68,29461.0,11196.0,617.0,1,basic,one-year,credit_card,east,1,overdue
CUST102747,user2747@example.com,36.0,29.8,115.33,12000.0,4895.0,694.0,0,basic,month-to-month,e_check,north,0,overdue
CUST102748,user2748@example.com,40.0,0.2,70.73,48842.0,23256.0,616.0,0,standard,month-to-month,e_check,east,0,paid
CUST102749,user2749@example.com,51.0,56.5,53.11,62210.0,22796.0,696.0,6,basic,month-to-month,mailed_check,east,1,overdue
CUST102750,user2750@example.com,47.0,20.1,32.74,12000.0,4691.0,540.0,0,standard,one-year,credit_card,west,1,unpaid
CUST102751,user2751@example.com,37.0,13.1,116.64,59734.0,20096.0,694.0,3,basic,month-to-month,bank_transfer,east,1,unpaid
CUST102752,user2752@example.com,23.0,40.6,56.2,52551.0,20372.0,482.0,1,standard,month-to-month,e_check,south,1,overdue
CUST102753,user2753@example.com,43.0,11.9,121.55,31465.0,9261.0,724.0,2,premium,two-year,mailed_check,south,1,overdue
CUST102754,user2754@example.com,55.0,41.7,79.97,46376.0,22123.0,647.0,1,standard,month-to-month,credit_card,north,0,paid
CUST102755,user2755@example.com,28.0,15.6,73.57,76016.0,37687.0,685.0,1,family,two-year,e_check,north,0,paid
CUST102756,user2756@example.com,50.0,69.2,74.25,,11877.0,669.0,1,basic,month-to-month,credit_card,north,0,paid
CUST102757,user2757@example.com,46.0,17.9,125.4,56577.0,7392.0,514.0,0,basic,month-to-month,bank_transfer,south,1,overdue
CUST102758,user2758@example.com,51.0,9.1,15.19,61932.0,15819.0,759.0,1,standard,month-to-month,credit_card,east,0,paid
CUST102759,user2759@example.com,52.0,23.7,75.36,38556.0,19739.0,677.0,0,basic,month-to-month,e_check,east,1,overdue
CUST102760,user2760@example.com,34.0,23.9,63.37,75165.0,41658.0,711.0,0,basic,month-to-month,e_check,east,1,overdue
CUST102761,user2761@example.com,23.0,59.4,64.67,63077.0,12419.0,586.0,1,basic,month-to-month,e_check,south,1,overdue
CUST102762,user2762@example.com,36.0,8.9,73.73,49962.0,28359.0,669.0,3,standard,month-to-month,mailed_check,west,0,paid
CUST102763,user2763@example.com,53.0,46.9,63.34,102265.0,20677.0,545.0,0,standard,month-to-month,mailed_check,north,1,overdue
CUST102764,user2764@example.com,35.0,15.9,74.7,75252.0,41793.0,662.0,0,basic,month-to-month,e_check,east,1,unpaid
CUST102765,user2765@example.com,34.0,29.2,69.41,21277.0,12011.0,575.0,0,standard,month-to-month,mailed_check,west,0,paid
CUST102766,user2766@example.com,20.0,41.7,37.16,47217.0,15471.0,850.0,3,premium,month-to-month,credit_card,west,0,paid
CUST102767,user2767@example.com,63.0,4.5,79.53,104333.0,59762.0,698.0,1,basic,month-to-month,e_check,north,1,overdue
CUST102768,user2768@example.com,52.0,11.5,87.9,35356.0,12449.0,756.0,1,standard,one-year,mailed_check,east,0,paid
CUST102769,user2769@example.com,51.0,13.5,56.45,56327.0,14554.0,630.0,3,family,month-to-month,e_check,west,1,overdue
CUST102770,user2770@example.com,54.0,3.4,116.7,79620.0,39459.0,682.0,3,basic,month-to-month,bank_transfer,south,1,overdue
CUST102771,user2771@example.com,49.0,9.0,103.39,,7464.0,722.0,2,standard,month-to-month,credit_card,east,1,unpaid
CUST102772,user2772@example.com,39.0,4.3,91.1,70929.0,11998.0,564.0,1,standard,month-to-month,credit_card,south,1,unpaid
CUST102773,user2773@example.com,40.0,47.9,90.8,69752.0,11669.0,596.0,1,standard,month-to-month,e_check,south,0,paid
CUST102774,user2774@example.com,37.0,22.3,70.75,55508.0,21767.0,728.0,2,premium,month-to-month,credit_card,east,0,paid
CUST102775,user2775@example.com,74.0,11.5,98.53,39154.0,17223.0,633.0,2,standard,month-to-month,mailed_check,south,1,unpaid
CUST102776,user2776@example.com,49.0,70.5,109.27,63695.0,32522.0,590.0,2,premium,month-to-month,mailed_check,south,1,overdue
CUST102777,user2777@example.com,36.0,5.8,90.2,46944.0,25581.0,600.0,3,basic,month-to-month,mailed_check,east,0,paid
CUST102778,user2778@example.com,48.0,10.4,55.74,45373.0,24106.0,552.0,1,standard,month-to-month,bank_transfer,north,0,paid
CUST102779,user2779@example.com,30.0,50.3,69.01,84649.0,35984.0,493.0,1,basic,two-year,credit_card,south,1,overdue
CUST102780,user2780@example.com,60.0,2.6,84.34,47380.0,26209.0,514.0,3,basic,two-year,e_check,east,0,paid
CUST102781,user2781@example.com,34.0,48.1,90.94,89123.0,17963.0,654.0,2,standard,month-to-month,e_check,north,0,paid
CUST102782,user2782@example.com,48.0,8.7,68.06,60135.0,26995.0,704.0,1,basic,two-year,credit_card,south,0,paid
CUST102783,user2783@example.com,55.0,8.1,55.83,51817.0,4776.0,850.0,0,basic,one-year,mailed_check,west,0,paid
CUST102784,user2784@example.com,47.0,9.3,109.61,18649.0,2217.0,647.0,2,family,one-year,bank_transfer,east,0,paid
CUST102785,user2785@example.com,43.0,6.9,43.19,97397.0,16983.0,548.0,5,premium,one-year,e_check,east,1,overdue
CUST102786,user2786@example.com,42.0,11.3,46.47,54881.0,5843.0,648.0,1,basic,month-to-month,bank_transfer,west,1,overdue
CUST102787,user2787@example.com,41.0,21.4,36.82,12000.0,6973.0,706.0,3,basic,month-to-month,bank_transfer,west,0,paid
CUST102788,user2788@example.com,35.0,10.0,46.41,74755.0,22907.0,732.0,1,basic,one-year,mailed_check,south,0,paid
CUST102789,user2789@example.com,37.0,45.7,101.18,53996.0,29627.0,725.0,1,basic,two-year,credit_card,north,0,paid
CUST102790,user2790@example.com,60.0,7.2,102.02,36373.0,11354.0,696.0,3,basic,month-to-month,bank_transfer,east,1,unpaid
CUST102791,user2791@example.com,41.0,13.5,68.15,73624.0,32013.0,658.0,1,premium,month-to-month,mailed_check,south,0,paid
CUST102792,user2792@example.com,33.0,1.5,82.41,12000.0,2723.0,709.0,2,basic,one-year,mailed_check,south,0,paid
CUST102793,user2793@example.com,36.0,28.7,69.74,40718.0,23326.0,555.0,1,premium,one-year,e_check,south,1,overdue
CUST102794,user2794@example.com,55.0,18.5,40.2,49012.0,3391.0,489.0,3,family,one-year,credit_card,south,0,paid
CUST102795,user2795@example.com,50.0,34.2,125.45,72044.0,31236.0,817.0,3,basic,month-to-month,mailed_check,north,0,paid
CUST102796,user2796@example.com,49.0,3.8,104.37,99805.0,57159.0,646.0,1,standard,month-to-month,credit_card,north,0,paid
CUST102797,user2797@example.com,39.0,2.6,78.86,50105.0,24225.0,693.0,3,basic,month-to-month,credit_card,west,0,paid
CUST102798,user2798@example.com,49.0,38.1,48.6,64199.0,32432.0,,1,standard,month-to-month,e_check,west,1,unpaid
CUST102799,user2799@example.com,34.0,11.2,64.38,109968.0,23592.0,774.0,0,basic,month-to-month,e_check,south,0,paid
CUST102800,user2800@example.com,39.0,65.2,52.69,55095.0,16447.0,742.0,1,standard,one-year,bank_transfer,north,0,paid
CUST102801,user2801@example.com,54.0,32.8,72.44,64364.0,8039.0,525.0,2,standard,month-to-month,mailed_check,south,1,overdue
CUST102802,user2802@example.com,52.0,3.9,77.75,30253.0,7776.0,625.0,2,family,two-year,e_check,south,1,overdue
CUST102803,user2803@example.com,30.0,3.1,61.47,94183.0,5146.0,671.0,2,basic,month-to-month,e_check,south,1,overdue
CUST102804,user2804@example.com,32.0,32.0,33.64,40740.0,19487.0,549.0,1,basic,month-to-month,credit_card,south,0,paid
CUST102805,user2805@example.com,43.0,35.4,123.3,60371.0,34663.0,689.0,1,basic,month-to-month,bank_transfer,west,0,paid
CUST102806,user2806@example.com,63.0,30.4,75.94,59805.0,26043.0,734.0,1,basic,month-to-month,e_check,west,0,paid
CUST102807,user2807@example.com,19.0,29.1,81.41,56707.0,28107.0,676.0,1,standard,month-to-month,bank_transfer,south,1,overdue
CUST102808,user2808@example.com,45.0,58.6,59.44,46314.0,15395.0,525.0,0,family,month-to-month,e_check,west,1,overdue
CUST102809,user2809@example.com,25.0,51.4,30.95,59827.0,9298.0,567.0,0,standard,month-to-month,credit_card,west,0,paid
CUST102810,user2810@example.com,34.0,15.1,67.92,90147.0,40246.0,640.0,1,standard,one-year,e_check,south,0,paid
CUST102811,user2811@example.com,38.0,34.6,61.92,100619.0,21593.0,630.0,1,standard,one-year,credit_card,west,0,paid
CUST102812,user2812@example.com,37.0,19.1,87.74,51497.0,15590.0,632.0,0,basic,month-to-month,mailed_check,west,1,unpaid
CUST102813,user2813@example.com,36.0,3.4,92.65,46011.0,25093.0,629.0,6,family,month-to-month,bank_transfer,south,1,overdue
CUST102814,user2814@example.com,42.0,59.8,89.13,38825.0,9905.0,506.0,0,family,one-year,mailed_check,south,1,unpaid
CUST102815,user2815@example.com,36.0,3.5,94.71,108723.0,22740.0,714.0,3,basic,one-year,e_check,east,1,unpaid
CUST102816,user2816@example.com,24.0,39.8,115.09,57577.0,3883.0,700.0,2,basic,one-year,bank_transfer,west,0,paid
CUST102817,user2817@example.com,51.0,3.1,79.75,77301.0,33688.0,692.0,0,standard,one-year,mailed_check,east,0,paid
CUST102818,user2818@example.com,51.0,6.3,97.48,68933.0,11606.0,684.0,2,family,month-to-month,e_check,east,1,unpaid
CUST102819,user2819@example.com,52.0,39.6,82.35,99168.0,39834.0,627.0,4,standard,one-year,mailed_check,south,0,overdue
CUST102820,user2820@example.com,24.0,8.9,22.5,,12593.0,601.0,2,standard,month-to-month,credit_card,east,1,unpaid
CUST102821,user2821@example.com,46.0,14.0,66.14,32859.0,15878.0,569.0,0,standard,month-to-month,credit_card,west,0,paid
CUST102822,user2822@example.com,50.0,20.7,48.31,92189.0,49731.0,,2,standard,month-to-month,mailed_check,west,1,unpaid
CUST102823,user2823@example.com,30.0,93.3,75.79,73066.0,13125.0,648.0,2,family,month-to-month,bank_transfer,east,0,paid
CUST102824,user2824@example.com,42.0,4.1,50.22,64126.0,31150.0,517.0,1,premium,month-to-month,e_check,north,0,paid
CUST102825,user2825@example.com,41.0,5.6,85.14,85704.0,11488.0,648.0,1,premium,month-to-month,credit_card,east,0,paid
CUST102826,user2826@example.com,64.0,17.9,94.53,,8322.0,483.0,0,basic,two-year,credit_card,east,0,paid
CUST102827,user2827@example.com,65.0,5.9,100.09,86398.0,24679.0,670.0,1,basic,month-to-month,bank_transfer,east,1,unpaid
CUST102828,user2828@example.com,22.0,9.8,110.48,59932.0,13693.0,661.0,0,premium,month-to-month,mailed_check,east,1,unpaid
CUST102829,user2829@example.com,72.0,2.0,28.1,73039.0,43307.0,607.0,2,basic,two-year,e_check,north,0,paid
CUST102830,user2830@example.com,31.0,4.4,40.02,65528.0,32252.0,575.0,1,basic,two-year,credit_card,east,0,paid
CUST102831,user2831@example.com,54.0,26.3,143.2,48494.0,26169.0,695.0,1,premium,month-to-month,bank_transfer,east,1,overdue
CUST102832,user2832@example.com,54.0,32.7,95.24,50892.0,6351.0,643.0,2,standard,one-year,bank_transfer,east,0,paid
CUST102833,user2833@example.com,30.0,11.0,75.61,47143.0,20869.0,495.0,1,standard,one-year,mailed_check,west,0,paid
CUST102834,user2834@example.com,48.0,12.3,70.8,60310.0,23060.0,746.0,2,basic,month-to-month,credit_card,east,0,paid
CUST102835,user2835@example.com,41.0,1.1,68.58,45884.0,4799.0,575.0,1,basic,one-year,credit_card,west,1,overdue
CUST102836,user2836@example.com,49.0,43.5,21.66,63718.0,31000.0,545.0,3,premium,two-year,bank_transfer,east,0,paid
CUST102837,user2837@example.com,45.0,36.7,50.69,63038.0,32753.0,,3,basic,month-to-month,e_check,south,0,paid
CUST102838,user2838@example.com,56.0,61.3,67.2,59103.0,32669.0,735.0,0,standard,month-to-month,mailed_check,east,1,overdue
CUST102839,user2839@example.com,43.0,33.8,52.1,59450.0,33702.0,616.0,2,standard,one-year,mailed_check,east,1,overdue
CUST102840,user2840@example.com,40.0,3.9,55.37,43677.0,4774.0,550.0,1,standard,two-year,mailed_check,east,0,paid
CUST102841,user2841@example.com,55.0,55.7,133.97,49360.0,26417.0,577.0,1,premium,two-year,credit_card,east,0,paid
CUST102842,user2842@example.com,49.0,22.7,63.71,21588.0,12304.0,615.0,1,basic,one-year,bank_transfer,east,1,overdue
CUST102843,user2843@example.com,51.0,65.4,76.95,52603.0,22616.0,747.0,2,standard,month-to-month,mailed_check,south,0,paid
CUST102844,user2844@example.com,34.0,14.9,76.06,35284.0,5332.0,754.0,1,premium,one-year,e_check,east,0,paid
CUST102845,user2845@example.com,29.0,3.3,84.74,56997.0,15415.0,663.0,2,basic,month-to-month,mailed_check,south,1,overdue
CUST102846,user2846@example.com,35.0,14.9,58.07,40710.0,4053.0,702.0,0,family,two-year,e_check,east,0,paid
CUST102847,user2847@example.com,35.0,24.6,101.17,13987.0,732.0,633.0,1,standard,month-to-month,bank_transfer,south,0,paid
CUST102848,user2848@example.com,51.0,14.8,81.09,100049.0,55631.0,580.0,2,standard,month-to-month,bank_transfer,east,1,overdue
CUST102849,user2849@example.com,54.0,14.1,37.82,50371.0,29457.0,530.0,1,basic,month-to-month,bank_transfer,west,1,overdue
CUST102850,user2850@example.com,40.0,37.6,67.31,83941.0,46639.0,676.0,4,standard,one-year,mailed_check,east,0,paid
CUST102851,user2851@example.com,59.0,81.2,65.7,44460.0,8433.0,722.0,0,basic,month-to-month,credit_card,east,0,paid
CUST102852,user2852@example.com,58.0,15.6,64.55,88962.0,34839.0,609.0,1,basic,month-to-month,credit_card,south,1,overdue
CUST102853,user2853@example.com,45.0,66.1,82.73,31966.0,10384.0,745.0,2,family,month-to-month,e_check,north,0,paid
CUST102854,user2854@example.com,32.0,25.1,85.87,58521.0,18892.0,619.0,1,premium,two-year,e_check,west,1,unpaid
CUST102855,user2855@example.com,61.0,26.7,82.92,33154.0,9468.0,657.0,2,standard,two-year,e_check,north,1,overdue
CUST102856,user2856@example.com,41.0,5.8,78.47,107015.0,60747.0,632.0,3,family,month-to-month,e_check,east,1,overdue
CUST102857,user2857@example.com,44.0,16.2,72.14,50015.0,24257.0,749.0,2,basic,two-year,credit_card,north,1,overdue
CUST102858,user2858@example.com,38.0,8.6,16.22,71569.0,36914.0,689.0,1,basic,month-to-month,credit_card,east,0,paid
CUST102859,user2859@example.com,31.0,12.2,89.45,64012.0,4419.0,,3,premium,one-year,e_check,west,0,paid
CUST102860,user2860@example.com,24.0,1.4,82.21,54490.0,15070.0,656.0,2,basic,month-to-month,credit_card,north,1,overdue
CUST102861,user2861@example.com,50.0,16.1,45.38,65354.0,24762.0,555.0,1,premium,two-year,mailed_check,north,0,overdue
CUST102862,user2862@example.com,33.0,11.5,77.01,82183.0,33884.0,471.0,0,standard,month-to-month,mailed_check,south,1,overdue
CUST102863,user2863@example.com,79.0,14.0,86.2,68364.0,37066.0,607.0,0,basic,one-year,mailed_check,south,0,paid
CUST102864,user2864@example.com,29.0,5.5,99.28,58249.0,8263.0,,1,standard,one-year,e_check,north,1,overdue
CUST102865,user2865@example.com,27.0,1.1,82.76,65386.0,6507.0,,4,standard,one-year,mailed_check,east,1,overdue
CUST102866,user2866@example.com,48.0,21.8,78.04,93301.0,50500.0,637.0,0,basic,month-to-month,credit_card,south,1,unpaid
CUST102867,user2867@example.com,60.0,2.2,93.67,46664.0,15336.0,612.0,1,premium,one-year,credit_card,west,0,paid
CUST102868,user2868@example.com,43.0,3.5,62.34,17922.0,6211.0,414.0,1,basic,one-year,e_check,south,1,unpaid
CUST102869,user2869@example.com,49.0,11.4,80.3,33070.0,17841.0,692.0,1,basic,month-to-month,bank_transfer,south,1,overdue
CUST102870,user2870@example.com,20.0,19.0,54.47,34558.0,15979.0,667.0,2,standard,month-to-month,mailed_check,east,0,paid
CUST102871,user2871@example.com,34.0,5.6,97.76,37374.0,16890.0,715.0,2,standard,one-year,e_check,north,1,overdue
CUST102872,user2872@example.com,29.0,2.2,29.76,38062.0,5797.0,652.0,3,basic,month-to-month,credit_card,south,0,paid
CUST102873,user2873@example.com,19.0,14.7,90.42,54528.0,21363.0,742.0,0,standard,one-year,credit_card,north,0,paid
CUST102874,user2874@example.com,43.0,60.9,70.44,59948.0,17837.0,606.0,2,standard,two-year,credit_card,north,0,paid
CUST102875,user2875@example.com,18.0,20.2,94.13,59733.0,23061.0,647.0,4,basic,month-to-month,mailed_check,north,1,unpaid
CUST102876,user2876@example.com,26.0,15.4,50.49,40394.0,14810.0,669.0,1,premium,two-year,mailed_check,north,1,unpaid
CUST102877,user2877@example.com,36.0,5.2,72.25,74878.0,4826.0,703.0,3,standard,month-to-month,e_check,north,1,unpaid
CUST102878,user2878@example.com,32.0,23.7,71.52,65689.0,15708.0,683.0,0,basic,one-year,e_check,east,0,paid
CUST102879,user2879@example.com,47.0,1.7,80.85,86626.0,26143.0,688.0,0,basic,month-to-month,bank_transfer,east,0,paid
CUST102880,user2880@example.com,46.0,42.0,43.81,71935.0,23388.0,672.0,0,premium,two-year,bank_transfer,east,1,overdue
CUST102881,user2881@example.com,53.0,83.5,85.91,48009.0,5027.0,635.0,1,basic,one-year,mailed_check,north,0,paid
CUST102882,user2882@example.com,51.0,43.5,23.85,81110.0,44140.0,722.0,2,premium,one-year,bank_transfer,west,0,paid
CUST102883,user2883@example.com,56.0,0.2,53.3,60472.0,14143.0,516.0,2,basic,two-year,e_check,east,0,paid
CUST102884,user2884@example.com,42.0,19.0,30.93,70960.0,22649.0,600.0,1,premium,month-to-month,mailed_check,west,1,overdue
CUST102885,user2885@example.com,46.0,45.5,90.71,69409.0,28808.0,777.0,5,family,month-to-month,mailed_check,west,1,unpaid
CUST102886,user2886@example.com,48.0,43.0,80.0,52514.0,23395.0,596.0,2,basic,month-to-month,e_check,south,1,unpaid
CUST102887,user2887@example.com,44.0,0.2,81.4,57065.0,14718.0,644.0,3,basic,two-year,e_check,east,0,paid
CUST102888,user2888@example.com,37.0,21.5,106.83,52373.0,6338.0,761.0,1,basic,two-year,e_check,north,0,overdue
CUST102889,user2889@example.com,38.0,56.9,62.1,37941.0,6223.0,640.0,0,family,month-to-month,mailed_check,west,0,paid
CUST102890,user2890@example.com,32.0,26.5,85.24,12106.0,1704.0,583.0,0,standard,one-year,e_check,west,0,paid
CUST102891,user2891@example.com,47.0,68.8,71.65,41124.0,7578.0,746.0,0,family,two-year,mailed_check,south,0,paid
CUST102892,user2892@example.com,41.0,30.6,67.84,58983.0,22532.0,627.0,3,standard,month-to-month,mailed_check,east,1,overdue
CUST102893,user2893@example.com,34.0,36.4,102.67,76712.0,26440.0,632.0,1,premium,month-to-month,mailed_check,south,0,paid
CUST102894,user2894@example.com,34.0,12.7,122.05,70920.0,10124.0,492.0,0,family,two-year,e_check,north,0,paid
CUST102895,user2895@example.com,27.0,77.2,59.21,49408.0,20990.0,640.0,1,basic,month-to-month,mailed_check,north,0,paid
CUST102896,user2896@example.com,54.0,25.0,90.84,41396.0,3520.0,705.0,0,basic,month-to-month,bank_transfer,west,0,paid
CUST102897,user2897@example.com,43.0,47.4,77.98,51403.0,28286.0,616.0,0,basic,one-year,e_check,east,0,paid
CUST102898,user2898@example.com,32.0,0.7,78.28,35500.0,12830.0,547.0,2,standard,month-to-month,e_check,north,1,unpaid
CUST102899,user2899@example.com,52.0,58.3,76.18,12695.0,4757.0,612.0,0,standard,month-to-month,mailed_check,west,1,unpaid
CUST102900,user2900@example.com,35.0,9.8,61.67,24097.0,4994.0,601.0,2,family,two-year,credit_card,west,0,paid
CUST102901,user2901@example.com,25.0,2.8,10.0,82495.0,27339.0,,1,premium,one-year,bank_transfer,north,0,paid
CUST102902,user2902@example.com,54.0,11.3,108.37,92146.0,26210.0,609.0,3,basic,one-year,mailed_check,south,0,paid
CUST102903,user2903@example.com,36.0,14.2,52.63,70079.0,40149.0,783.0,2,family,month-to-month,credit_card,east,0,paid
CUST102904,user2904@example.com,37.0,15.3,63.96,53837.0,4949.0,674.0,1,premium,month-to-month,bank_transfer,north,0,paid
CUST102905,user2905@example.com,42.0,5.0,64.49,27140.0,8205.0,511.0,0,basic,month-to-month,bank_transfer,south,1,overdue
CUST102906,user2906@example.com,56.0,3.5,50.4,51777.0,25129.0,656.0,3,premium,month-to-month,bank_transfer,east,0,paid
CUST102907,user2907@example.com,42.0,18.3,76.01,67237.0,23500.0,647.0,0,basic,month-to-month,credit_card,west,1,unpaid
CUST102908,user2908@example.com,28.0,2.8,68.89,71598.0,25837.0,746.0,0,standard,two-year,e_check,west,0,paid
CUST102909,user2909@example.com,49.0,42.0,52.09,68776.0,37907.0,638.0,1,premium,two-year,credit_card,north,1,unpaid
CUST102910,user2910@example.com,36.0,35.6,73.73,79191.0,20323.0,635.0,1,basic,two-year,credit_card,east,0,paid
CUST102911,user2911@example.com,65.0,26.0,69.17,93859.0,4800.0,799.0,2,premium,month-to-month,e_check,south,0,paid
CUST102912,user2912@example.com,42.0,12.5,93.2,46900.0,26222.0,564.0,2,standard,one-year,credit_card,north,0,paid
CUST102913,user2913@example.com,18.0,1.0,36.49,111106.0,7576.0,714.0,0,standard,two-year,bank_transfer,south,1,overdue
CUST102914,user2914@example.com,46.0,5.9,49.87,14601.0,7134.0,,1,standard,month-to-month,mailed_check,west,1,overdue
CUST102915,user2915@example.com,65.0,1.5,88.13,39434.0,4999.0,610.0,2,basic,month-to-month,credit_card,south,1,unpaid
CUST102916,user2916@example.com,61.0,8.2,54.01,59000.0,3621.0,598.0,2,basic,month-to-month,credit_card,east,0,paid
CUST102917,user2917@example.com,64.0,45.3,47.41,65981.0,16170.0,759.0,2,basic,two-year,bank_transfer,south,0,paid
CUST102918,user2918@example.com,30.0,3.6,55.24,51367.0,26980.0,687.0,0,basic,one-year,credit_card,west,0,paid
CUST102919,user2919@example.com,53.0,59.2,67.48,45085.0,3170.0,698.0,2,standard,two-year,e_check,south,0,paid
CUST102920,user2920@example.com,33.0,11.8,667.4758912997327,99052.0,19263.0,721.0,1,standard,month-to-month,credit_card,north,1,overdue
CUST102921,user2921@example.com,45.0,2.2,64.75,44130.0,8979.0,677.0,3,basic,one-year,bank_transfer,south,1,overdue
CUST102922,user2922@example.com,27.0,2.3,44.29,34613.0,3535.0,565.0,0,premium,month-to-month,credit_card,south,0,paid
CUST102923,user2923@example.com,34.0,20.5,89.33,88817.0,8962.0,524.0,3,premium,month-to-month,bank_transfer,north,1,overdue
CUST102924,user2924@example.com,34.0,20.1,103.16,71983.0,39555.0,773.0,1,basic,two-year,bank_transfer,east,0,paid
CUST102925,user2925@example.com,53.0,11.6,22.24,76894.0,33250.0,667.0,1,basic,month-to-month,e_check,north,1,overdue
CUST102926,user2926@example.com,52.0,1.7,31.16,58917.0,13028.0,656.0,1,standard,one-year,credit_card,north,0,paid
CUST102927,user2927@example.com,45.0,25.6,95.07,27480.0,4976.0,794.0,2,standard,month-to-month,bank_transfer,west,0,paid
CUST102928,user2928@example.com,26.0,13.2,109.24,56692.0,4172.0,565.0,0,basic,two-year,mailed_check,north,0,paid
CUST102929,user2929@example.com,38.0,4.0,16.77,24726.0,6116.0,448.0,2,basic,month-to-month,e_check,east,1,overdue
CUST102930,user2930@example.com,33.0,3.7,90.39,59846.0,12904.0,,2,family,one-year,bank_transfer,west,1,overdue
CUST102931,user2931@example.com,52.0,9.8,110.95,68068.0,37737.0,608.0,4,standard,one-year,credit_card,west,0,paid
CUST102932,user2932@example.com,56.0,4.4,48.44,76508.0,13104.0,659.0,3,basic,month-to-month,mailed_check,west,1,overdue
CUST102933,user2933@example.com,55.0,35.6,109.49,53152.0,14502.0,761.0,4,standard,two-year,credit_card,south,0,paid
CUST102934,user2934@example.com,33.0,19.0,65.55,69962.0,29741.0,717.0,1,standard,month-to-month,mailed_check,west,1,overdue
CUST102935,user2935@example.com,18.0,34.0,77.87,36923.0,8369.0,445.0,1,premium,month-to-month,bank_transfer,west,1,overdue
CUST102936,user2936@example.com,21.0,30.8,52.02,74333.0,35678.0,,0,family,one-year,bank_transfer,south,0,paid
CUST102937,user2937@example.com,59.0,61.9,95.03,68492.0,30783.0,617.0,2,basic,month-to-month,mailed_check,west,1,unpaid
CUST102938,user2938@example.com,37.0,10.2,90.86,38995.0,2710.0,748.0,2,family,month-to-month,mailed_check,north,0,paid
CUST102939,user2939@example.com,33.0,10.4,113.12,65607.0,34162.0,694.0,0,premium,one-year,e_check,west,0,overdue
CUST102940,user2940@example.com,62.0,13.7,106.02,76794.0,19210.0,650.0,2,basic,one-year,credit_card,south,0,paid
CUST102941,user2941@example.com,57.0,7.7,69.77,56573.0,5811.0,631.0,0,premium,two-year,e_check,west,1,unpaid
CUST102942,user2942@example.com,42.0,16.6,147.71,38550.0,16734.0,561.0,1,basic,month-to-month,mailed_check,north,1,overdue
CUST102943,user2943@example.com,38.0,26.0,103.77,58555.0,26990.0,547.0,1,basic,two-year,credit_card,east,1,overdue
CUST102944,user2944@example.com,40.0,12.6,83.51,66049.0,5882.0,637.0,2,premium,one-year,mailed_check,west,0,paid
CUST102945,user2945@example.com,45.0,39.0,45.07,38400.0,9395.0,539.0,4,basic,two-year,credit_card,east,1,overdue
CUST102946,user2946@example.com,61.0,8.7,31.75,34847.0,18905.0,782.0,1,family,one-year,e_check,north,0,paid
CUST102947,user2947@example.com,47.0,1.1,33.87,65432.0,27363.0,658.0,1,standard,two-year,e_check,west,0,paid
CUST102948,user2948@example.com,51.0,62.1,46.66,71466.0,24560.0,817.0,2,standard,one-year,bank_transfer,west,0,paid
CUST102949,user2949@example.com,56.0,40.7,104.43,97995.0,32070.0,615.0,1,premium,two-year,e_check,south,0,paid
CUST102950,user2950@example.com,28.0,20.7,82.18,68315.0,26276.0,603.0,1,premium,one-year,bank_transfer,west,0,paid
CUST102951,user2951@example.com,51.0,4.8,54.67,30818.0,12610.0,697.0,2,basic,month-to-month,bank_transfer,north,1,overdue
CUST102952,user2952@example.com,38.0,5.6,66.6,95796.0,8417.0,629.0,0,basic,month-to-month,credit_card,south,0,paid
CUST102953,user2953@example.com,18.0,31.5,63.56,76100.0,17791.0,728.0,1,premium,month-to-month,mailed_check,south,0,paid
CUST102954,user2954@example.com,18.0,100.6,90.0,14895.0,5059.0,765.0,1,basic,one-year,credit_card,east,1,overdue
CUST102955,user2955@example.com,30.0,28.6,48.03,34394.0,15535.0,738.0,0,standard,month-to-month,mailed_check,west,1,overdue
CUST102956,user2956@example.com,48.0,37.1,78.74,45169.0,20711.0,,2,basic,month-to-month,bank_transfer,west,1,overdue
CUST102957,user2957@example.com,43.0,6.8,77.5,71762.0,27487.0,715.0,1,standard,month-to-month,credit_card,north,1,overdue
CUST102958,user2958@example.com,44.0,32.0,48.78,12000.0,4471.0,606.0,1,basic,one-year,bank_transfer,west,0,paid
CUST102959,user2959@example.com,65.0,10.7,109.7,52618.0,13274.0,741.0,3,premium,two-year,credit_card,west,0,paid
CUST102960,user2960@example.com,27.0,47.6,62.61,70621.0,35952.0,706.0,3,premium,month-to-month,mailed_check,south,1,unpaid
CUST102961,user2961@example.com,42.0,25.8,45.18,12000.0,6648.0,601.0,0,standard,month-to-month,mailed_check,east,0,paid
CUST102962,user2962@example.com,46.0,11.3,91.32,69935.0,36050.0,611.0,3,basic,month-to-month,e_check,east,1,overdue
CUST102963,user2963@example.com,33.0,23.5,71.36,72339.0,38308.0,643.0,1,basic,one-year,mailed_check,west,1,unpaid
CUST102964,user2964@example.com,42.0,8.9,80.21,38067.0,20931.0,739.0,0,basic,one-year,mailed_check,south,0,paid
CUST102965,user2965@example.com,23.0,3.7,40.38,31934.0,5146.0,659.0,2,basic,two-year,credit_card,east,0,overdue
CUST102966,user2966@example.com,59.0,47.4,90.31,37754.0,12558.0,650.0,1,standard,one-year,mailed_check,east,0,paid
CUST102967,user2967@example.com,34.0,23.6,124.31,12000.0,4128.0,637.0,3,standard,month-to-month,mailed_check,west,0,paid
CUST102968,user2968@example.com,66.0,6.8,38.43,48476.0,15366.0,622.0,0,family,two-year,mailed_check,south,0,paid
CUST102969,user2969@example.com,42.0,4.4,78.86,59392.0,30686.0,557.0,1,premium,month-to-month,e_check,west,1,unpaid
CUST102970,user2970@example.com,54.0,19.2,50.37,30613.0,7003.0,714.0,0,standard,month-to-month,mailed_check,west,1,overdue
CUST102971,user2971@example.com,41.0,1.3,137.24,74441.0,10327.0,569.0,2,premium,month-to-month,e_check,west,1,unpaid
CUST102972,user2972@example.com,42.0,5.3,100.99,57051.0,11460.0,655.0,2,standard,month-to-month,e_check,east,1,overdue
CUST102973,user2973@example.com,35.0,10.2,77.05,60200.0,7749.0,617.0,0,standard,month-to-month,e_check,west,1,overdue
CUST102974,user2974@example.com,43.0,39.6,39.3,46960.0,12803.0,711.0,0,basic,month-to-month,mailed_check,west,0,paid
CUST102975,user2975@example.com,46.0,9.5,45.35,69861.0,7981.0,623.0,2,premium,two-year,credit_card,west,0,paid
CUST102976,user2976@example.com,33.0,40.3,88.66,80811.0,7933.0,570.0,2,basic,two-year,credit_card,north,0,paid
CUST102977,user2977@example.com,40.0,44.2,35.94,46850.0,13964.0,729.0,0,basic,two-year,bank_transfer,south,0,paid
CUST102978,user2978@example.com,35.0,63.1,36.72,70221.0,26728.0,584.0,0,basic,one-year,mailed_check,west,0,overdue
CUST102979,user2979@example.com,70.0,11.9,70.22,70441.0,27063.0,662.0,0,premium,one-year,bank_transfer,south,0,paid
CUST102980,user2980@example.com,41.0,2.7,73.34,63357.0,6384.0,752.0,1,premium,month-to-month,bank_transfer,south,0,paid
CUST102981,user2981@example.com,61.0,11.2,79.5,88541.0,51740.0,592.0,0,standard,month-to-month,bank_transfer,east,1,overdue
CUST102982,user2982@example.com,40.0,20.5,59.01,40470.0,4733.0,642.0,2,family,one-year,e_check,west,0,paid
CUST102983,user2983@example.com,45.0,22.4,93.0,46569.0,19245.0,616.0,1,standard,two-year,credit_card,north,0,paid
CUST102984,user2984@example.com,26.0,4.7,48.45,39461.0,21260.0,661.0,2,standard,month-to-month,mailed_check,east,0,paid
CUST102985,user2985@example.com,37.0,10.8,85.67,69500.0,37295.0,645.0,1,family,month-to-month,bank_transfer,south,1,unpaid
CUST102986,user2986@example.com,45.0,7.4,75.35,49550.0,16434.0,724.0,1,standard,month-to-month,e_check,west,0,paid
CUST102987,user2987@example.com,61.0,21.1,85.02,41085.0,8324.0,600.0,1,standard,month-to-month,credit_card,north,0,paid
CUST102988,user2988@example.com,45.0,8.2,99.55,88263.0,44602.0,752.0,3,basic,two-year,mailed_check,north,0,paid
CUST102989,user2989@example.com,59.0,6.0,58.62,91190.0,35284.0,778.0,1,premium,two-year,e_check,south,0,paid
CUST102990,user2990@example.com,50.0,16.6,53.47,48426.0,23490.0,671.0,1,basic,month-to-month,credit_card,west,1,overdue
CUST102991,user2991@example.com,62.0,8.2,27.79,27652.0,7466.0,587.0,2,standard,month-to-month,mailed_check,east,0,paid
CUST102992,user2992@example.com,41.0,1.6,19.52,92270.0,50969.0,647.0,2,premium,one-year,e_check,south,0,paid
CUST102993,user2993@example.com,71.0,36.1,65.6,64415.0,36154.0,640.0,2,standard,month-to-month,e_check,north,0,paid
CUST102994,user2994@example.com,36.0,4.0,67.31,63414.0,28888.0,792.0,2,premium,one-year,mailed_check,east,0,paid
CUST102995,user2995@example.com,33.0,0.9,42.85,57100.0,32456.0,,1,premium,two-year,bank_transfer,west,0,paid
CUST102996,user2996@example.com,27.0,15.6,48.22,38994.0,11676.0,,4,premium,month-to-month,bank_transfer,west,0,paid
CUST102997,user2997@example.com,70.0,5.8,108.09,46734.0,7335.0,659.0,3,basic,two-year,bank_transfer,north,0,paid
CUST102998,user2998@example.com,52.0,1.4,91.9,68554.0,28159.0,654.0,1,basic,month-to-month,mailed_check,west,1,overdue
CUST102999,user2999@example.com,38.0,10.5,38.46,46049.0,18850.0,622.0,0,family,month-to-month,e_check,south,0,paid
CUST103000,user3000@example.com,57.0,8.8,58.94,63660.0,20386.0,629.0,2,basic,one-year,credit_card,west,1,unpaid
CUST103001,user3001@example.com,50.0,85.2,80.15,55267.0,10685.0,,0,premium,month-to-month,mailed_check,west,0,paid
CUST103002,user3002@example.com,66.0,46.9,54.34,33862.0,13321.0,592.0,3,standard,one-year,bank_transfer,south,0,paid
CUST103003,user3003@example.com,23.0,23.3,49.78,87423.0,13063.0,727.0,0,family,month-to-month,mailed_check,west,0,overdue
CUST103004,user3004@example.com,39.0,17.4,61.54,66881.0,31054.0,765.0,0,basic,two-year,credit_card,east,0,paid
CUST103005,user3005@example.com,36.0,40.2,97.27,61613.0,33810.0,,3,premium,month-to-month,e_check,north,1,unpaid
CUST103006,user3006@example.com,18.0,34.0,99.54,66100.0,9363.0,747.0,0,standard,month-to-month,credit_card,south,0,paid
CUST103007,user3007@example.com,55.0,12.8,51.61,19142.0,9593.0,734.0,1,basic,one-year,bank_transfer,west,0,paid
CUST103008,user3008@example.com,39.0,43.1,81.51,45136.0,7184.0,720.0,0,standard,month-to-month,mailed_check,south,1,overdue
CUST103009,user3009@example.com,51.0,24.4,69.84,24454.0,7953.0,599.0,1,standard,one-year,credit_card,west,0,overdue
CUST103010,user3010@example.com,70.0,78.0,44.79,57494.0,32259.0,640.0,1,basic,month-to-month,credit_card,south,0,paid
CUST103011,user3011@example.com,38.0,20.2,62.57,61518.0,5874.0,640.0,1,basic,one-year,credit_card,south,0,paid
CUST103012,user3012@example.com,37.0,41.3,38.39,57827.0,5746.0,817.0,1,family,month-to-month,credit_card,west,1,unpaid
CUST103013,user3013@example.com,43.0,75.2,99.08,78572.0,45359.0,649.0,2,standard,month-to-month,credit_card,west,0,paid
CUST103014,user3014@example.com,54.0,58.2,108.81,,3441.0,635.0,1,premium,month-to-month,mailed_check,west,1,overdue
CUST103015,user3015@example.com,35.0,38.0,59.74,39015.0,9290.0,558.0,2,standard,one-year,bank_transfer,south,1,unpaid
CUST103016,user3016@example.com,34.0,33.1,53.77,63287.0,19141.0,572.0,0,standard,one-year,e_check,east,1,overdue
CUST103017,user3017@example.com,55.0,21.9,96.36,60279.0,3236.0,595.0,3,basic,month-to-month,credit_card,north,0,paid
CUST103018,user3018@example.com,47.0,21.5,100.4,28691.0,4403.0,679.0,2,basic,month-to-month,mailed_check,west,0,paid
CUST103019,user3019@example.com,18.0,5.1,42.14,78931.0,39909.0,536.0,0,family,month-to-month,e_check,north,0,paid
CUST103020,user3020@example.com,27.0,18.6,66.3,85864.0,28796.0,597.0,2,basic,month-to-month,e_check,north,1,unpaid
CUST103021,user3021@example.com,60.0,15.5,68.53,63512.0,16935.0,501.0,0,standard,month-to-month,credit_card,south,1,overdue
CUST103022,user3022@example.com,47.0,15.2,50.73,24819.0,10550.0,762.0,1,family,month-to-month,bank_transfer,south,0,paid
CUST103023,user3023@example.com,33.0,0.9,79.65,58195.0,13305.0,659.0,2,standard,one-year,mailed_check,south,0,paid
CUST103024,user3024@example.com,40.0,10.0,52.5,61807.0,17998.0,675.0,2,basic,two-year,e_check,north,0,paid
CUST103025,user3025@example.com,42.0,28.1,56.49,,29567.0,563.0,1,standard,two-year,bank_transfer,east,0,paid
CUST103026,user3026@example.com,51.0,12.2,67.47,81945.0,38994.0,743.0,1,standard,month-to-month,credit_card,north,1,overdue
CUST103027,user3027@example.com,26.0,18.8,32.77,52681.0,18685.0,770.0,1,standard,month-to-month,mailed_check,north,1,overdue
CUST103028,user3028@example.com,32.0,7.0,18.59,97091.0,32983.0,655.0,1,premium,two-year,mailed_check,west,0,paid
CUST103029,user3029@example.com,45.0,7.5,92.96,70662.0,36345.0,612.0,3,standard,one-year,credit_card,east,0,paid
CUST103030,user3030@example.com,41.0,2.2,51.49,60522.0,23027.0,694.0,4,premium,month-to-month,credit_card,west,0,paid
CUST103031,user3031@example.com,49.0,28.3,123.37,,17369.0,709.0,3,standard,two-year,credit_card,east,0,paid
CUST103032,user3032@example.com,27.0,0.6,119.3,85618.0,23955.0,720.0,0,standard,month-to-month,mailed_check,south,1,unpaid
CUST103033,user3033@example.com,46.0,5.7,57.34,72981.0,11010.0,703.0,3,standard,month-to-month,mailed_check,east,1,overdue
CUST103034,user3034@example.com,55.0,4.6,128.48,53483.0,30899.0,727.0,1,premium,month-to-month,e_check,north,1,unpaid
CUST103035,user3035@example.com,48.0,14.2,93.44,41802.0,17085.0,595.0,2,premium,month-to-month,e_check,east,1,unpaid
CUST103036,user3036@example.com,44.0,6.2,53.87,,8765.0,723.0,0,basic,month-to-month,bank_transfer,south,0,paid
CUST103037,user3037@example.com,41.0,45.3,10.0,12000.0,2975.0,614.0,1,standard,month-to-month,credit_card,west,0,paid
CUST103038,user3038@example.com,32.0,12.0,87.2,58485.0,32099.0,449.0,3,premium,one-year,mailed_check,south,1,overdue
CUST103039,user3039@example.com,41.0,11.0,70.78,47247.0,11725.0,613.0,3,standard,two-year,mailed_check,south,1,overdue
CUST103040,user3040@example.com,57.0,18.4,80.78,48317.0,22516.0,606.0,1,standard,two-year,credit_card,south,0,paid
CUST103041,user3041@example.com,41.0,16.3,64.28,75577.0,38505.0,669.0,1,family,month-to-month,e_check,east,0,overdue
CUST103042,user3042@example.com,31.0,2.5,41.4,52759.0,29038.0,717.0,1,basic,one-year,mailed_check,east,0,paid
CUST103043,user3043@example.com,36.0,47.0,59.32,92902.0,23707.0,665.0,2,standard,month-to-month,e_check,north,0,paid
CUST103044,user3044@example.com,44.0,13.5,87.67,43538.0,20503.0,811.0,1,basic,one-year,credit_card,west,1,overdue
CUST103045,user3045@example.com,38.0,42.6,61.14,35581.0,8176.0,608.0,0,basic,month-to-month,e_check,west,1,overdue
CUST103046,user3046@example.com,48.0,38.6,60.99,29847.0,16989.0,,0,standard,one-year,bank_transfer,west,0,paid
CUST103047,user3047@example.com,48.0,14.1,32.02,69455.0,3899.0,672.0,2,basic,month-to-month,e_check,west,0,paid
CUST103048,user3048@example.com,53.0,22.0,72.28,78030.0,28372.0,606.0,1,basic,one-year,e_check,south,0,paid
CUST103049,user3049@example.com,59.0,1.1,42.2,43112.0,14247.0,563.0,2,basic,one-year,credit_card,west,1,overdue
CUST103050,user3050@example.com,54.0,1.5,92.96,33720.0,17963.0,626.0,1,standard,month-to-month,mailed_check,west,1,overdue
CUST103051,user3051@example.com,31.0,5.5,51.65,85606.0,14465.0,587.0,3,family,month-to-month,mailed_check,north,0,paid
CUST103052,user3052@example.com,31.0,23.9,62.61,25992.0,2547.0,595.0,1,standard,month-to-month,credit_card,south,0,paid
CUST103053,user3053@example.com,41.0,15.7,124.1,75204.0,38771.0,,0,standard,month-to-month,mailed_check,north,0,paid
CUST103054,user3054@example.com,37.0,45.4,62.34,43580.0,10571.0,660.0,2,standard,month-to-month,e_check,west,0,paid
CUST103055,user3055@example.com,28.0,15.4,58.99,62942.0,14395.0,629.0,1,basic,month-to-month,e_check,west,1,unpaid
CUST103056,user3056@example.com,37.0,7.7,84.64,76538.0,8260.0,778.0,4,premium,one-year,e_check,west,0,paid
CUST103057,user3057@example.com,36.0,22.9,25.37,64525.0,35878.0,626.0,0,basic,month-to-month,e_check,south,0,paid
CUST103058,user3058@example.com,34.0,6.2,101.27,49095.0,19546.0,552.0,1,premium,month-to-month,mailed_check,west,1,overdue
CUST103059,user3059@example.com,38.0,14.6,94.85,82922.0,35715.0,544.0,0,standard,two-year,mailed_check,east,0,paid
CUST103060,user3060@example.com,56.0,41.6,83.11,60782.0,33057.0,644.0,0,standard,one-year,e_check,south,0,paid
CUST103061,user3061@example.com,44.0,54.9,10.0,128650.0,66142.0,519.0,1,standard,one-year,credit_card,west,0,paid
CUST103062,user3062@example.com,72.0,1.0,63.51,20897.0,6238.0,556.0,3,basic,month-to-month,mailed_check,east,1,overdue
CUST103063,user3063@example.com,44.0,25.0,38.18,20601.0,2840.0,619.0,2,standard,one-year,mailed_check,east,1,overdue
CUST103064,user3064@example.com,39.0,44.3,98.1,74885.0,31435.0,741.0,0,basic,one-year,mailed_check,east,0,paid
CUST103065,user3065@example.com,42.0,1.8,96.31,54365.0,22175.0,753.0,2,basic,month-to-month,mailed_check,south,1,overdue
CUST103066,user3066@example.com,45.0,14.0,79.7,70852.0,5377.0,703.0,0,standard,two-year,e_check,east,0,paid
CUST103067,user3067@example.com,47.0,3.9,39.92,33032.0,17992.0,650.0,3,premium,month-to-month,bank_transfer,north,1,overdue
CUST103068,user3068@example.com,67.0,12.7,107.36,56083.0,13145.0,604.0,0,standard,one-year,bank_transfer,south,0,paid
CUST103069,user3069@example.com,32.0,62.9,63.44,64146.0,18335.0,681.0,1,family,month-to-month,e_check,south,0,paid
CUST103070,user3070@example.com,52.0,5.9,115.13,44126.0,14675.0,793.0,2,basic,month-to-month,credit_card,west,1,unpaid
CUST103071,user3071@example.com,44.0,14.0,76.63,59637.0,32896.0,661.0,1,basic,month-to-month,e_check,east,1,overdue
CUST103072,user3072@example.com,23.0,37.3,82.67,27769.0,3992.0,613.0,2,premium,one-year,credit_card,south,0,paid
CUST103073,user3073@example.com,51.0,9.4,58.49,62896.0,15899.0,637.0,2,basic,one-year,mailed_check,west,0,paid
CUST103074,user3074@example.com,57.0,5.2,105.17,83909.0,27332.0,629.0,0,basic,two-year,mailed_check,west,1,overdue
CUST103075,user3075@example.com,32.0,24.8,85.21,,18014.0,694.0,2,premium,month-to-month,mailed_check,north,0,paid
CUST103076,user3076@example.com,42.0,11.9,106.07,29041.0,8476.0,589.0,2,basic,one-year,bank_transfer,east,1,unpaid
CUST103077,user3077@example.com,21.0,19.2,74.44,78798.0,21212.0,682.0,1,standard,month-to-month,e_check,south,0,paid
CUST103078,user3078@example.com,27.0,17.1,68.82,28687.0,16187.0,695.0,4,basic,month-to-month,bank_transfer,north,0,paid
CUST103079,user3079@example.com,55.0,2.5,84.88,71812.0,29717.0,678.0,2,premium,month-to-month,mailed_check,west,1,unpaid
CUST103080,user3080@example.com,36.0,67.6,106.06,56107.0,7853.0,563.0,0,standard,one-year,bank_transfer,south,0,paid
CUST103081,user3081@example.com,29.0,14.0,95.42,46644.0,6842.0,638.0,2,standard,one-year,bank_transfer,west,1,overdue
CUST103082,user3082@example.com,45.0,7.4,73.46,84330.0,34107.0,608.0,1,standard,two-year,credit_card,south,1,overdue
CUST103083,user3083@example.com,36.0,13.6,23.57,73563.0,22575.0,644.0,1,basic,one-year,bank_transfer,west,0,paid
CUST103084,user3084@example.com,36.0,7.5,90.26,60594.0,3329.0,597.0,3,basic,one-year,credit_card,east,1,overdue
CUST103085,user3085@example.com,51.0,14.6,34.03,12000.0,3561.0,749.0,6,family,month-to-month,mailed_check,west,1,unpaid
CUST103086,user3086@example.com,28.0,20.3,70.88,69245.0,39250.0,665.0,1,basic,month-to-month,e_check,east,1,overdue
CUST103087,user3087@example.com,31.0,2.1,67.11,33583.0,15484.0,,2,basic,two-year,e_check,north,1,overdue
CUST103088,user3088@example.com,44.0,52.4,34.56,50572.0,18066.0,544.0,1,standard,one-year,mailed_check,south,0,overdue
CUST103089,user3089@example.com,54.0,2.3,79.31,55147.0,8678.0,746.0,1,basic,month-to-month,mailed_check,south,1,overdue
CUST103090,user3090@example.com,57.0,3.6,123.86,92946.0,21805.0,636.0,1,basic,two-year,bank_transfer,north,0,paid
CUST103091,user3091@example.com,34.0,64.6,62.18,49935.0,29869.0,619.0,3,basic,month-to-month,bank_transfer,east,1,overdue
CUST103092,user3092@example.com,53.0,13.1,89.15,26545.0,10949.0,740.0,2,basic,one-year,credit_card,east,0,overdue
CUST103093,user3093@example.com,33.0,70.8,128.89,84393.0,17044.0,638.0,0,premium,month-to-month,e_check,north,1,overdue
CUST103094,user3094@example.com,64.0,5.5,91.57,69515.0,31691.0,,3,basic,month-to-month,e_check,west,0,overdue
CUST103095,user3095@example.com,28.0,16.6,53.88,70260.0,7044.0,560.0,1,basic,month-to-month,credit_card,south,1,overdue
CUST103096,user3096@example.com,58.0,11.1,75.93,84768.0,21516.0,700.0,0,premium,one-year,mailed_check,south,0,paid
CUST103097,user3097@example.com,34.0,10.7,82.02,89464.0,15748.0,812.0,1,standard,month-to-month,e_check,north,0,paid
CUST103098,user3098@example.com,66.0,50.9,105.85,37165.0,20174.0,717.0,2,standard,month-to-month,bank_transfer,north,1,overdue
CUST103099,user3099@example.com,49.0,5.4,100.35,27180.0,12349.0,619.0,1,standard,month-to-month,e_check,south,1,overdue
CUST103100,user3100@example.com,30.0,10.1,10.0,71849.0,23252.0,632.0,3,standard,two-year,bank_transfer,north,0,paid
CUST103101,user3101@example.com,36.0,2.0,48.59,49751.0,13646.0,654.0,0,standard,month-to-month,mailed_check,west,0,paid
CUST103102,user3102@example.com,51.0,38.8,68.25,51564.0,26928.0,488.0,2,premium,month-to-month,e_check,north,0,paid
CUST103103,user3103@example.com,55.0,2.5,44.62,32567.0,5129.0,652.0,1,premium,month-to-month,e_check,east,0,paid
CUST103104,user3104@example.com,41.0,2.4,10.0,66678.0,6076.0,697.0,2,standard,month-to-month,bank_transfer,north,1,overdue
CUST103105,user3105@example.com,43.0,5.6,51.86,63043.0,32686.0,792.0,0,basic,one-year,bank_transfer,north,0,paid
CUST103106,user3106@example.com,51.0,28.6,69.91,51890.0,27038.0,737.0,1,standard,two-year,e_check,south,0,paid
CUST103107,user3107@example.com,44.0,27.3,56.87,27233.0,5003.0,804.0,2,basic,month-to-month,e_check,west,0,paid
CUST103108,user3108@example.com,26.0,22.7,45.08,79183.0,12464.0,784.0,2,basic,one-year,e_check,north,0,paid
CUST103109,user3109@example.com,32.0,87.9,71.04,60114.0,26854.0,762.0,2,standard,month-to-month,mailed_check,east,0,paid
CUST103110,user3110@example.com,45.0,35.2,78.58,77357.0,9968.0,652.0,1,standard,month-to-month,bank_transfer,east,0,paid
CUST103111,user3111@example.com,57.0,10.8,58.29,12940.0,5073.0,678.0,1,basic,month-to-month,e_check,east,0,paid
CUST103112,user3112@example.com,61.0,14.5,104.29,56136.0,24457.0,516.0,2,standard,two-year,mailed_check,south,1,unpaid
CUST103113,user3113@example.com,51.0,8.4,71.44,40662.0,15943.0,660.0,3,standard,two-year,bank_transfer,east,1,overdue
CUST103114,user3114@example.com,45.0,48.5,48.21,55723.0,15870.0,695.0,1,standard,month-to-month,bank_transfer,north,0,paid
CUST103115,user3115@example.com,51.0,34.7,41.89,73864.0,36851.0,627.0,1,premium,one-year,bank_transfer,north,0,paid
CUST103116,user3116@example.com,34.0,8.5,64.68,62399.0,35036.0,527.0,1,basic,month-to-month,e_check,north,1,overdue
CUST103117,user3117@example.com,40.0,14.5,97.84,55362.0,24256.0,777.0,2,basic,one-year,mailed_check,west,0,paid
CUST103118,user3118@example.com,32.0,7.3,49.41,55256.0,15495.0,682.0,2,standard,two-year,e_check,south,0,paid
CUST103119,user3119@example.com,27.0,17.3,84.9,23805.0,14227.0,788.0,2,standard,two-year,e_check,east,1,overdue
CUST103120,user3120@example.com,46.0,7.9,72.36,36869.0,10957.0,709.0,4,basic,one-year,mailed_check,west,1,overdue
CUST103121,user3121@example.com,44.0,40.0,119.83,77426.0,8822.0,,3,basic,month-to-month,credit_card,south,0,paid
CUST103122,user3122@example.com,50.0,38.1,79.76,44889.0,6752.0,743.0,2,basic,month-to-month,bank_transfer,north,0,paid
CUST103123,user3123@example.com,49.0,34.8,52.54,77808.0,18781.0,596.0,1,standard,month-to-month,credit_card,north,0,paid
CUST103124,user3124@example.com,45.0,31.3,88.41,71527.0,10308.0,609.0,2,standard,month-to-month,mailed_check,east,0,paid
CUST103125,user3125@example.com,49.0,3.1,89.25,72584.0,34700.0,616.0,1,standard,month-to-month,e_check,west,1,unpaid
CUST103126,user3126@example.com,41.0,2.7,60.07,61658.0,3561.0,573.0,7,standard,one-year,e_check,south,1,unpaid
CUST103127,user3127@example.com,47.0,64.0,40.9,46280.0,12645.0,791.0,3,basic,month-to-month,e_check,west,0,paid
CUST103128,user3128@example.com,33.0,53.0,83.4,51977.0,27704.0,653.0,1,premium,one-year,mailed_check,east,0,paid
CUST103129,user3129@example.com,46.0,22.1,71.59,67808.0,7781.0,687.0,1,basic,one-year,bank_transfer,east,0,overdue
CUST103130,user3130@example.com,50.0,14.2,32.09,12488.0,4581.0,544.0,0,standard,month-to-month,bank_transfer,north,1,unpaid
CUST103131,user3131@example.com,34.0,17.5,76.36,79876.0,45019.0,715.0,1,standard,two-year,credit_card,east,0,paid
CUST103132,user3132@example.com,43.0,39.0,54.08,44998.0,4022.0,617.0,1,basic,two-year,mailed_check,north,0,paid
CUST103133,user3133@example.com,35.0,31.5,32.11,53274.0,12911.0,751.0,2,basic,month-to-month,e_check,east,1,overdue
CUST103134,user3134@example.com,36.0,14.3,61.2,53447.0,3779.0,595.0,3,basic,two-year,e_check,south,1,overdue
CUST103135,user3135@example.com,29.0,9.9,102.07,54203.0,23048.0,757.0,2,standard,two-year,credit_card,south,0,paid
CUST103136,user3136@example.com,57.0,4.5,100.2,28727.0,8033.0,725.0,2,standard,month-to-month,e_check,south,1,overdue
CUST103137,user3137@example.com,55.0,33.2,93.67,58035.0,33139.0,613.0,2,family,month-to-month,e_check,west,1,overdue
CUST103138,user3138@example.com,48.0,1.7,76.73,66887.0,28776.0,763.0,2,standard,month-to-month,mailed_check,west,1,overdue
CUST103139,user3139@example.com,66.0,4.4,84.89,14111.0,5377.0,742.0,0,basic,month-to-month,mailed_check,east,0,paid
CUST103140,user3140@example.com,40.0,33.4,72.47,28984.0,15961.0,689.0,1,standard,two-year,credit_card,east,0,paid
CUST103141,user3141@example.com,78.0,17.7,42.37,72917.0,8846.0,571.0,3,basic,two-year,bank_transfer,north,0,paid
CUST103142,user3142@example.com,39.0,5.2,47.36,69196.0,33276.0,714.0,1,standard,one-year,e_check,south,1,overdue
CUST103143,user3143@example.com,45.0,2.8,54.82,60975.0,27524.0,655.0,1,family,month-to-month,credit_card,south,0,overdue
CUST103144,user3144@example.com,37.0,75.1,105.03,41357.0,17382.0,654.0,0,premium,month-to-month,mailed_check,north,1,overdue
CUST103145,user3145@example.com,46.0,3.2,96.92,69312.0,27790.0,656.0,3,basic,one-year,e_check,east,0,paid
CUST103146,user3146@example.com,52.0,3.3,43.0,30942.0,3664.0,648.0,3,basic,month-to-month,mailed_check,east,0,paid
CUST103147,user3147@example.com,41.0,5.9,71.33,52253.0,26008.0,581.0,2,premium,one-year,credit_card,west,0,paid
CUST103148,user3148@example.com,63.0,26.8,59.93,28870.0,11529.0,,1,basic,month-to-month,bank_transfer,west,0,paid
CUST103149,user3149@example.com,45.0,25.7,66.12,51760.0,24550.0,512.0,2,premium,two-year,mailed_check,west,1,unpaid
CUST103150,user3150@example.com,45.0,7.2,56.6,34392.0,18291.0,674.0,1,basic,month-to-month,bank_transfer,west,1,overdue
CUST103151,user3151@example.com,31.0,7.1,105.14,70116.0,24424.0,456.0,1,basic,month-to-month,e_check,south,1,unpaid
CUST103152,user3152@example.com,47.0,12.4,69.53,63664.0,36689.0,708.0,0,basic,month-to-month,credit_card,north,1,overdue
CUST103153,user3153@example.com,40.0,32.8,75.4,43588.0,4797.0,690.0,2,basic,month-to-month,bank_transfer,west,1,overdue
CUST103154,user3154@example.com,35.0,20.0,75.61,76806.0,4011.0,626.0,3,basic,month-to-month,credit_card,south,1,overdue
CUST103155,user3155@example.com,33.0,26.6,44.31,35874.0,8304.0,732.0,3,standard,one-year,e_check,east,1,overdue
CUST103156,user3156@example.com,74.0,14.7,72.71,54294.0,9181.0,,0,standard,two-year,mailed_check,east,0,paid
CUST103157,user3157@example.com,39.0,16.5,96.56,42704.0,15138.0,683.0,1,standard,two-year,credit_card,east,1,overdue
CUST103158,user3158@example.com,25.0,1.9,106.82,69847.0,14260.0,493.0,1,basic,one-year,credit_card,south,0,paid
CUST103159,user3159@example.com,34.0,20.0,41.3,67869.0,29080.0,471.0,0,premium,two-year,bank_transfer,west,0,paid
CUST103160,user3160@example.com,41.0,2.7,32.03,81039.0,46187.0,631.0,2,basic,month-to-month,mailed_check,west,0,paid
CUST103161,user3161@example.com,49.0,71.5,71.55,56660.0,26805.0,684.0,3,premium,one-year,bank_transfer,east,1,unpaid
CUST103162,user3162@example.com,49.0,15.4,97.73,12000.0,3374.0,,4,basic,month-to-month,bank_transfer,west,1,overdue
CUST103163,user3163@example.com,50.0,17.0,78.99,46383.0,27460.0,636.0,2,standard,one-year,e_check,east,1,overdue
CUST103164,user3164@example.com,34.0,59.4,87.01,86305.0,40922.0,670.0,2,standard,two-year,mailed_check,west,0,paid
CUST103165,user3165@example.com,46.0,45.0,35.99,48500.0,24055.0,713.0,1,standard,one-year,e_check,east,0,paid
CUST103166,user3166@example.com,31.0,22.4,55.7,16649.0,2707.0,640.0,2,standard,month-to-month,bank_transfer,south,0,paid
CUST103167,user3167@example.com,35.0,23.5,15.1,63987.0,27373.0,697.0,0,standard,month-to-month,credit_card,west,0,paid
CUST103168,user3168@example.com,31.0,8.0,66.44,65481.0,5818.0,560.0,2,standard,two-year,e_check,west,0,paid
CUST103169,user3169@example.com,28.0,12.6,15.89,40456.0,7259.0,517.0,4,basic,two-year,mailed_check,east,0,paid
CUST103170,user3170@example.com,55.0,1.2,103.32,50065.0,2956.0,607.0,1,basic,one-year,mailed_check,south,1,unpaid
CUST103171,user3171@example.com,50.0,10.1,108.87,38054.0,16663.0,712.0,1,premium,month-to-month,bank_transfer,north,0,paid
CUST103172,user3172@example.com,54.0,5.0,73.52,65451.0,4027.0,593.0,1,standard,month-to-month,credit_card,north,0,paid
CUST103173,user3173@example.com,42.0,20.2,32.19,56132.0,16674.0,702.0,2,basic,month-to-month,mailed_check,north,1,overdue
CUST103174,user3174@example.com,51.0,0.5,79.39,31684.0,12892.0,568.0,0,premium,month-to-month,mailed_check,west,0,paid
CUST103175,user3175@example.com,21.0,25.3,116.48,54809.0,11935.0,603.0,0,premium,month-to-month,bank_transfer,west,0,paid
CUST103176,user3176@example.com,52.0,22.5,81.89,40340.0,10166.0,,3,standard,month-to-month,e_check,east,1,overdue
CUST103177,user3177@example.com,44.0,42.1,99.62,84221.0,44426.0,597.0,3,family,one-year,e_check,east,1,unpaid
CUST103178,user3178@example.com,50.0,16.0,57.87,72874.0,39773.0,610.0,2,basic,month-to-month,credit_card,west,0,paid
CUST103179,user3179@example.com,47.0,34.8,48.22,52554.0,27448.0,441.0,1,basic,month-to-month,bank_transfer,west,0,paid
CUST103180,user3180@example.com,30.0,31.7,68.23,56621.0,26185.0,717.0,2,basic,month-to-month,bank_transfer,east,0,paid
CUST103181,user3181@example.com,24.0,6.8,21.83,75276.0,15254.0,641.0,0,basic,one-year,e_check,north,0,paid
CUST103182,user3182@example.com,33.0,19.4,126.6,51528.0,4693.0,574.0,1,premium,month-to-month,bank_transfer,east,1,overdue
CUST103183,user3183@example.com,49.0,50.2,73.49,70168.0,22368.0,797.0,0,standard,one-year,bank_transfer,east,0,paid
CUST103184,user3184@example.com,50.0,18.6,91.67,84548.0,47213.0,587.0,1,basic,month-to-month,e_check,east,1,overdue
CUST103185,user3185@example.com,26.0,10.8,58.46,45182.0,7810.0,609.0,2,standard,month-to-month,e_check,south,0,paid
CUST103186,user3186@example.com,30.0,42.5,31.42,87923.0,14529.0,573.0,1,basic,two-year,credit_card,north,0,paid
CUST103187,user3187@example.com,33.0,3.2,105.65,82102.0,39311.0,738.0,2,standard,month-to-month,bank_transfer,north,1,overdue
CUST103188,user3188@example.com,38.0,5.7,41.9,59971.0,22525.0,765.0,3,family,one-year,mailed_check,east,0,paid
CUST103189,user3189@example.com,26.0,1.6,78.72,46122.0,12562.0,757.0,4,basic,month-to-month,e_check,south,0,paid
CUST103190,user3190@example.com,25.0,0.7,81.08,59722.0,31322.0,756.0,0,standard,month-to-month,bank_transfer,west,0,paid
CUST103191,user3191@example.com,32.0,7.6,71.85,50110.0,18560.0,602.0,3,basic,month-to-month,e_check,north,1,overdue
CUST103192,user3192@example.com,43.0,11.5,50.39,39145.0,21770.0,784.0,1,basic,month-to-month,mailed_check,south,0,paid
CUST103193,user3193@example.com,28.0,41.3,66.26,65646.0,16574.0,634.0,2,basic,month-to-month,mailed_check,east,1,unpaid
CUST103194,user3194@example.com,41.0,85.3,46.25,34530.0,10160.0,527.0,0,premium,two-year,e_check,north,0,paid
CUST103195,user3195@example.com,55.0,35.6,90.23,48229.0,4382.0,616.0,1,basic,month-to-month,mailed_check,west,1,overdue
CUST103196,user3196@example.com,26.0,6.6,84.29,48492.0,12231.0,676.0,0,basic,one-year,credit_card,south,1,overdue
CUST103197,user3197@example.com,40.0,1.3,69.46,27695.0,4122.0,598.0,1,basic,month-to-month,bank_transfer,west,1,overdue
CUST103198,user3198@example.com,54.0,75.2,55.79,68169.0,4639.0,662.0,2,standard,one-year,mailed_check,north,0,overdue
CUST103199,user3199@example.com,37.0,17.9,122.68,50433.0,9616.0,693.0,1,basic,two-year,credit_card,east,0,paid
CUST103200,user3200@example.com,35.0,19.7,37.45,80977.0,25900.0,683.0,2,basic,month-to-month,credit_card,west,0,paid
CUST103201,user3201@example.com,56.0,74.6,31.38,50107.0,9322.0,702.0,2,standard,two-year,credit_card,west,0,paid
CUST103202,user3202@example.com,38.0,48.2,67.95,46868.0,5155.0,636.0,0,standard,two-year,mailed_check,north,1,overdue
CUST103203,user3203@example.com,55.0,14.4,63.55,36907.0,11011.0,592.0,0,basic,two-year,bank_transfer,west,0,paid
CUST103204,user3204@example.com,47.0,61.1,97.44,55781.0,7325.0,532.0,2,family,month-to-month,credit_card,east,0,paid
CUST103205,user3205@example.com,38.0,2.4,86.15,55894.0,5438.0,643.0,1,basic,one-year,e_check,north,0,paid
CUST103206,user3206@example.com,48.0,2.2,70.74,69835.0,40372.0,607.0,3,premium,month-to-month,mailed_check,south,1,overdue
CUST103207,user3207@example.com,46.0,0.4,82.51,56340.0,17566.0,641.0,3,standard,month-to-month,e_check,north,1,overdue
CUST103208,user3208@example.com,54.0,4.4,82.05,96878.0,47594.0,484.0,0,standard,month-to-month,credit_card,west,1,overdue
CUST103209,user3209@example.com,35.0,27.4,122.59,64124.0,9229.0,529.0,0,standard,month-to-month,e_check,west,1,overdue
CUST103210,user3210@example.com,42.0,33.4,76.33,35263.0,10715.0,691.0,2,basic,one-year,bank_transfer,north,0,paid
CUST103211,user3211@example.com,41.0,0.4,52.97,33570.0,3339.0,519.0,5,family,month-to-month,credit_card,east,1,overdue
CUST103212,user3212@example.com,50.0,24.6,74.96,65696.0,18164.0,635.0,0,premium,month-to-month,mailed_check,east,0,paid
CUST103213,user3213@example.com,30.0,19.4,10.0,34633.0,17473.0,584.0,2,premium,month-to-month,bank_transfer,west,0,paid
CUST103214,user3214@example.com,54.0,11.7,69.18,66897.0,36192.0,578.0,2,family,two-year,mailed_check,south,0,paid
CUST103215,user3215@example.com,48.0,8.1,97.32,72913.0,24459.0,657.0,1,family,two-year,mailed_check,east,0,overdue
CUST103216,user3216@example.com,26.0,12.6,85.05,73395.0,15231.0,652.0,2,basic,month-to-month,bank_transfer,east,1,overdue
CUST103217,user3217@example.com,56.0,40.8,77.46,37616.0,17056.0,694.0,2,premium,month-to-month,mailed_check,north,0,paid
CUST103218,user3218@example.com,69.0,4.5,86.23,73429.0,29475.0,562.0,3,premium,month-to-month,bank_transfer,west,1,overdue
CUST103219,user3219@example.com,54.0,27.8,97.58,61452.0,18974.0,579.0,1,standard,month-to-month,e_check,south,1,overdue
CUST103220,user3220@example.com,59.0,0.1,105.63,42843.0,13343.0,740.0,3,standard,month-to-month,e_check,north,1,overdue
CUST103221,user3221@example.com,43.0,43.6,81.19,51812.0,16646.0,632.0,2,standard,one-year,credit_card,south,0,paid
CUST103222,user3222@example.com,22.0,7.7,62.1,64426.0,15242.0,679.0,2,standard,two-year,mailed_check,west,0,paid
CUST103223,user3223@example.com,20.0,6.0,12.16,41543.0,13935.0,610.0,2,standard,month-to-month,bank_transfer,east,1,unpaid
CUST103224,user3224@example.com,45.0,2.1,94.45,61037.0,4978.0,686.0,3,standard,month-to-month,mailed_check,west,1,overdue
CUST103225,user3225@example.com,35.0,17.3,82.88,83912.0,30511.0,451.0,4,premium,month-to-month,credit_card,north,1,overdue
CUST103226,user3226@example.com,31.0,32.8,73.82,74281.0,23986.0,742.0,4,family,month-to-month,mailed_check,south,0,paid
CUST103227,user3227@example.com,41.0,14.1,52.8,56640.0,15933.0,614.0,1,standard,one-year,e_check,south,1,unpaid
CUST103228,user3228@example.com,49.0,0.6,94.13,59683.0,13619.0,550.0,0,family,one-year,mailed_check,east,0,overdue
CUST103229,user3229@example.com,25.0,45.4,63.57,44239.0,17341.0,565.0,2,family,month-to-month,bank_transfer,north,0,paid
CUST103230,user3230@example.com,37.0,17.9,69.14,44802.0,14190.0,629.0,0,standard,month-to-month,credit_card,east,0,paid
CUST103231,user3231@example.com,60.0,0.3,68.6,24256.0,2558.0,641.0,1,basic,month-to-month,credit_card,east,0,paid
CUST103232,user3232@example.com,29.0,17.6,81.25,60022.0,15363.0,,2,standard,two-year,mailed_check,north,0,paid
CUST103233,user3233@example.com,52.0,0.6,41.28,68650.0,6321.0,555.0,5,family,month-to-month,credit_card,south,1,unpaid
CUST103234,user3234@example.com,36.0,86.9,84.06,53583.0,13854.0,720.0,3,basic,month-to-month,credit_card,west,1,unpaid
CUST103235,user3235@example.com,49.0,24.4,51.98,37454.0,12849.0,608.0,2,premium,month-to-month,credit_card,east,0,paid
CUST103236,user3236@example.com,55.0,2.4,52.85,56323.0,14929.0,604.0,1,family,month-to-month,credit_card,south,1,overdue
CUST103237,user3237@example.com,51.0,46.7,92.13,81835.0,19468.0,632.0,0,premium,one-year,mailed_check,west,0,paid
CUST103238,user3238@example.com,53.0,6.0,45.12,72960.0,14930.0,703.0,1,family,month-to-month,bank_transfer,west,0,paid
CUST103239,user3239@example.com,28.0,15.7,92.09,54411.0,14145.0,647.0,0,premium,month-to-month,credit_card,west,0,paid
CUST103240,user3240@example.com,55.0,8.3,72.53,95949.0,8455.0,607.0,0,family,two-year,mailed_check,west,0,paid
CUST103241,user3241@example.com,32.0,1.2,28.79,108974.0,65019.0,624.0,0,family,month-to-month,bank_transfer,west,1,overdue
CUST103242,user3242@example.com,45.0,0.6,104.11,45397.0,16136.0,748.0,2,standard,month-to-month,mailed_check,north,1,unpaid
CUST103243,user3243@example.com,45.0,27.4,77.76,50082.0,20028.0,734.0,1,standard,month-to-month,e_check,north,1,overdue
CUST103244,user3244@example.com,48.0,6.3,79.85,68867.0,10380.0,679.0,1,premium,one-year,bank_transfer,north,0,paid
CUST103245,user3245@example.com,46.0,9.4,95.18,36740.0,20497.0,662.0,0,premium,two-year,mailed_check,north,0,paid
CUST103246,user3246@example.com,32.0,33.0,107.48,71983.0,26212.0,835.0,2,standard,one-year,bank_transfer,east,0,paid
CUST103247,user3247@example.com,26.0,9.1,75.03,57029.0,15849.0,687.0,3,premium,month-to-month,mailed_check,north,0,paid
CUST103248,user3248@example.com,52.0,23.1,85.43,62433.0,27612.0,664.0,0,basic,month-to-month,credit_card,east,0,paid
CUST103249,user3249@example.com,44.0,63.7,79.28,43491.0,9455.0,634.0,1,family,month-to-month,bank_transfer,south,0,paid
CUST103250,user3250@example.com,56.0,27.3,61.43,39246.0,22137.0,679.0,1,standard,two-year,mailed_check,south,0,overdue
CUST103251,user3251@example.com,41.0,5.1,30.41,15291.0,2188.0,406.0,0,basic,two-year,credit_card,south,0,paid
CUST103252,user3252@example.com,25.0,6.1,75.37,84696.0,43043.0,732.0,2,standard,one-year,credit_card,east,0,paid
CUST103253,user3253@example.com,54.0,23.9,104.47,73829.0,42941.0,548.0,1,standard,two-year,e_check,west,1,unpaid
CUST103254,user3254@example.com,38.0,4.0,84.58,68467.0,21941.0,593.0,0,family,one-year,bank_transfer,west,0,paid
CUST103255,user3255@example.com,46.0,30.7,43.31,61967.0,32976.0,538.0,3,standard,one-year,e_check,west,0,paid
CUST103256,user3256@example.com,34.0,120.0,97.44,12000.0,1072.0,591.0,4,basic,one-year,bank_transfer,south,1,overdue
CUST103257,user3257@example.com,62.0,9.6,62.26,39978.0,15644.0,623.0,0,basic,month-to-month,bank_transfer,south,0,paid
CUST103258,user3258@example.com,31.0,15.1,17.7,49878.0,12266.0,721.0,1,standard,one-year,mailed_check,east,0,paid
CUST103259,user3259@example.com,38.0,38.4,95.45,33373.0,8356.0,753.0,1,premium,month-to-month,e_check,west,1,overdue
CUST103260,user3260@example.com,43.0,2.7,46.37,21130.0,6290.0,805.0,1,standard,two-year,bank_transfer,north,0,paid
CUST103261,user3261@example.com,29.0,46.2,114.52,35453.0,13409.0,658.0,5,family,month-to-month,mailed_check,south,1,overdue
CUST103262,user3262@example.com,46.0,29.2,98.69,55983.0,21767.0,632.0,2,basic,one-year,bank_transfer,north,0,paid
CUST103263,user3263@example.com,61.0,6.1,64.31,55988.0,11368.0,712.0,3,standard,month-to-month,credit_card,north,1,overdue
CUST103264,user3264@example.com,36.0,19.1,81.48,73150.0,19105.0,582.0,1,family,one-year,e_check,south,0,paid
CUST103265,user3265@example.com,47.0,18.6,130.6,96264.0,18024.0,573.0,2,standard,one-year,e_check,east,0,paid
CUST103266,user3266@example.com,18.0,9.9,95.0,68715.0,27342.0,621.0,0,standard,two-year,credit_card,east,0,paid
CUST103267,user3267@example.com,42.0,120.0,75.96,51489.0,5464.0,647.0,1,basic,two-year,e_check,south,0,paid
CUST103268,user3268@example.com,38.0,35.4,142.23,91007.0,25752.0,485.0,2,premium,month-to-month,e_check,south,1,unpaid
CUST103269,user3269@example.com,32.0,36.2,72.94,23361.0,13740.0,735.0,2,family,one-year,e_check,west,1,overdue
CUST103270,user3270@example.com,55.0,15.6,84.55,13423.0,7971.0,669.0,1,standard,month-to-month,credit_card,west,0,paid
CUST103271,user3271@example.com,38.0,32.0,46.59,37266.0,12479.0,714.0,1,family,two-year,e_check,west,1,overdue
CUST103272,user3272@example.com,40.0,36.6,28.13,71244.0,13259.0,524.0,2,basic,one-year,credit_card,east,1,overdue
CUST103273,user3273@example.com,37.0,4.3,62.8,58371.0,21651.0,597.0,1,standard,month-to-month,mailed_check,east,1,overdue
CUST103274,user3274@example.com,19.0,8.2,70.96,32434.0,10335.0,593.0,3,basic,two-year,mailed_check,north,1,overdue
CUST103275,user3275@example.com,28.0,8.4,78.23,40458.0,2968.0,634.0,3,basic,one-year,bank_transfer,west,0,paid
CUST103276,user3276@example.com,54.0,17.3,34.51,30170.0,17921.0,647.0,1,standard,one-year,bank_transfer,west,1,overdue
CUST103277,user3277@example.com,18.0,31.9,86.52,30170.0,6937.0,720.0,2,standard,month-to-month,mailed_check,south,0,paid
CUST103278,user3278@example.com,33.0,3.9,49.24,86021.0,23192.0,658.0,2,standard,month-to-month,bank_transfer,south,0,paid
CUST103279,user3279@example.com,37.0,45.5,85.22,52131.0,17331.0,591.0,1,premium,one-year,e_check,north,0,paid
CUST103280,user3280@example.com,63.0,19.2,93.37,90392.0,48288.0,825.0,3,standard,month-to-month,mailed_check,west,1,overdue
CUST103281,user3281@example.com,51.0,22.1,60.11,37200.0,18210.0,629.0,1,standard,one-year,mailed_check,east,0,paid
CUST103282,user3282@example.com,35.0,43.4,45.9,64823.0,10569.0,577.0,0,premium,one-year,e_check,south,0,paid
CUST103283,user3283@example.com,58.0,25.9,108.59,59542.0,26439.0,499.0,4,premium,month-to-month,mailed_check,west,1,overdue
CUST103284,user3284@example.com,33.0,3.6,91.82,72594.0,38548.0,657.0,1,standard,month-to-month,mailed_check,north,1,overdue
CUST103285,user3285@example.com,54.0,19.2,73.8,60091.0,26611.0,705.0,1,standard,two-year,e_check,east,0,paid
CUST103286,user3286@example.com,26.0,9.5,106.71,74702.0,9454.0,559.0,3,standard,one-year,bank_transfer,north,1,overdue
CUST103287,user3287@example.com,55.0,48.2,72.08,66084.0,22891.0,700.0,2,standard,month-to-month,credit_card,east,1,overdue
CUST103288,user3288@example.com,37.0,23.6,54.49,33175.0,16959.0,657.0,2,standard,month-to-month,mailed_check,north,0,overdue
CUST103289,user3289@example.com,30.0,43.8,44.96,69654.0,10977.0,508.0,0,premium,month-to-month,e_check,west,1,overdue
CUST103290,user3290@example.com,39.0,7.4,67.31,52938.0,18327.0,700.0,0,premium,month-to-month,credit_card,south,0,paid
CUST103291,user3291@example.com,45.0,20.0,89.29,39466.0,16507.0,629.0,1,premium,month-to-month,credit_card,west,1,unpaid
CUST103292,user3292@example.com,36.0,23.2,104.74,68880.0,27514.0,560.0,1,family,month-to-month,credit_card,north,0,paid
CUST103293,user3293@example.com,49.0,55.0,70.59,73431.0,7977.0,727.0,1,standard,month-to-month,bank_transfer,east,1,overdue
CUST103294,user3294@example.com,35.0,19.9,100.33,45329.0,9184.0,725.0,1,family,month-to-month,credit_card,north,0,paid
CUST103295,user3295@example.com,49.0,27.3,64.64,47989.0,16972.0,558.0,3,standard,two-year,bank_transfer,west,0,paid
CUST103296,user3296@example.com,47.0,18.6,50.46,27258.0,4493.0,673.0,1,family,one-year,mailed_check,north,0,paid
CUST103297,user3297@example.com,41.0,14.0,37.34,,4415.0,666.0,3,standard,month-to-month,mailed_check,south,1,overdue
CUST103298,user3298@example.com,37.0,4.2,57.34,50154.0,13957.0,645.0,3,standard,month-to-month,mailed_check,west,0,paid
CUST103299,user3299@example.com,44.0,9.7,38.28,70841.0,4073.0,609.0,1,premium,month-to-month,mailed_check,east,1,overdue
CUST103300,user3300@example.com,49.0,11.2,120.24,43535.0,14398.0,638.0,1,family,month-to-month,credit_card,south,0,paid
CUST103301,user3301@example.com,67.0,61.1,80.98,83556.0,49893.0,725.0,0,basic,two-year,mailed_check,west,0,paid
CUST103302,user3302@example.com,53.0,19.1,67.61,50899.0,13974.0,683.0,1,basic,month-to-month,mailed_check,north,1,overdue
CUST103303,user3303@example.com,54.0,13.6,113.05,50980.0,10240.0,496.0,3,premium,two-year,credit_card,south,0,paid
CUST103304,user3304@example.com,79.0,6.0,37.44,49218.0,9309.0,479.0,2,standard,month-to-month,bank_transfer,west,1,overdue
CUST103305,user3305@example.com,48.0,17.7,66.57,74632.0,24878.0,501.0,1,basic,month-to-month,bank_transfer,west,1,overdue
CUST103306,user3306@example.com,48.0,7.2,119.99,35822.0,10775.0,541.0,0,basic,two-year,e_check,east,1,overdue
CUST103307,user3307@example.com,50.0,29.9,66.4,52421.0,27473.0,590.0,4,basic,one-year,credit_card,east,0,paid
CUST103308,user3308@example.com,30.0,12.1,131.17,44053.0,17691.0,614.0,3,premium,one-year,credit_card,north,1,overdue
CUST103309,user3309@example.com,37.0,58.5,89.64,43769.0,11785.0,,3,basic,month-to-month,mailed_check,south,0,paid
CUST103310,user3310@example.com,36.0,3.6,102.65,55703.0,14603.0,647.0,2,standard,month-to-month,bank_transfer,east,1,overdue
CUST103311,user3311@example.com,50.0,34.5,103.37,52734.0,18507.0,646.0,1,basic,month-to-month,credit_card,east,1,unpaid
CUST103312,user3312@example.com,40.0,36.1,70.04,76033.0,14397.0,741.0,2,standard,month-to-month,bank_transfer,west,1,overdue
CUST103313,user3313@example.com,44.0,2.7,57.79,54785.0,15480.0,516.0,2,family,one-year,e_check,south,1,overdue
CUST103314,user3314@example.com,55.0,12.9,67.11,66100.0,13668.0,677.0,2,standard,two-year,credit_card,west,0,paid
CUST103315,user3315@example.com,52.0,18.5,45.33,58455.0,19495.0,676.0,2,family,two-year,e_check,south,0,paid
CUST103316,user3316@example.com,40.0,1.5,68.35,83075.0,29129.0,549.0,2,premium,month-to-month,mailed_check,north,0,paid
CUST103317,user3317@example.com,34.0,0.3,69.89,48952.0,25247.0,693.0,2,basic,month-to-month,bank_transfer,east,0,paid
CUST103318,user3318@example.com,56.0,3.0,112.23,49009.0,9221.0,680.0,3,basic,two-year,bank_transfer,west,1,overdue
CUST103319,user3319@example.com,51.0,0.8,84.83,69901.0,38278.0,647.0,1,basic,month-to-month,e_check,north,1,overdue
CUST103320,user3320@example.com,23.0,6.7,129.07,48680.0,16765.0,457.0,1,family,month-to-month,e_check,west,0,paid
CUST103321,user3321@example.com,38.0,80.7,16.01,64968.0,29220.0,727.0,2,standard,month-to-month,bank_transfer,east,0,overdue
CUST103322,user3322@example.com,44.0,19.1,39.57,101758.0,39321.0,668.0,1,standard,month-to-month,mailed_check,south,0,paid
CUST103323,user3323@example.com,51.0,22.3,61.12,35421.0,17922.0,682.0,1,basic,month-to-month,bank_transfer,north,1,unpaid
CUST103324,user3324@example.com,53.0,2.5,107.31,85633.0,35514.0,379.0,1,basic,month-to-month,e_check,north,1,overdue
CUST103325,user3325@example.com,45.0,26.7,67.26,45156.0,2533.0,,1,family,one-year,credit_card,south,1,unpaid
CUST103326,user3326@example.com,49.0,11.4,33.3,81754.0,21636.0,535.0,1,family,one-year,e_check,south,0,paid
CUST103327,user3327@example.com,43.0,120.0,63.87,68721.0,38903.0,753.0,1,basic,month-to-month,e_check,west,0,paid
CUST103328,user3328@example.com,34.0,15.2,40.06,67007.0,19988.0,562.0,2,premium,month-to-month,e_check,south,0,paid
CUST103329,user3329@example.com,39.0,47.9,35.16,51981.0,26282.0,768.0,1,standard,month-to-month,mailed_check,east,0,paid
CUST103330,user3330@example.com,42.0,6.7,119.97,49990.0,26391.0,,0,standard,one-year,bank_transfer,south,1,overdue
CUST103331,user3331@example.com,42.0,35.5,61.21,40560.0,9447.0,668.0,2,premium,one-year,bank_transfer,south,0,overdue
CUST103332,user3332@example.com,19.0,16.4,74.33,55126.0,28762.0,741.0,1,premium,month-to-month,bank_transfer,west,0,paid
CUST103333,user3333@example.com,37.0,4.1,67.68,51322.0,13220.0,574.0,2,premium,one-year,e_check,south,0,paid
CUST103334,user3334@example.com,43.0,21.0,63.71,58820.0,3761.0,589.0,2,standard,one-year,bank_transfer,south,0,paid
CUST103335,user3335@example.com,39.0,5.3,48.98,26787.0,11570.0,724.0,0,standard,month-to-month,bank_transfer,north,1,overdue
CUST103336,user3336@example.com,39.0,5.7,62.23,55453.0,27791.0,575.0,0,premium,two-year,bank_transfer,east,0,paid
CUST103337,user3337@example.com,48.0,105.4,78.43,80253.0,23946.0,544.0,2,premium,two-year,bank_transfer,south,0,paid
CUST103338,user3338@example.com,29.0,12.2,105.47,73881.0,10740.0,624.0,1,family,month-to-month,credit_card,north,1,unpaid
CUST103339,user3339@example.com,22.0,26.5,93.69,,21541.0,579.0,0,premium,one-year,bank_transfer,west,1,unpaid
CUST103340,user3340@example.com,38.0,8.3,39.52,106248.0,48454.0,799.0,0,basic,month-to-month,mailed_check,south,0,overdue
CUST103341,user3341@example.com,51.0,48.4,94.71,43453.0,17822.0,712.0,1,premium,two-year,bank_transfer,west,0,paid
CUST103342,user3342@example.com,62.0,7.9,81.89,53267.0,13087.0,604.0,2,basic,month-to-month,mailed_check,north,1,unpaid
CUST103343,user3343@example.com,51.0,48.7,54.38,25990.0,6565.0,570.0,2,premium,month-to-month,e_check,north,0,paid
CUST103344,user3344@example.com,24.0,80.7,74.55,46927.0,16519.0,677.0,1,basic,one-year,credit_card,south,0,paid
CUST103345,user3345@example.com,39.0,34.9,84.31,90756.0,14191.0,745.0,1,basic,month-to-month,mailed_check,north,1,overdue
CUST103346,user3346@example.com,45.0,32.8,71.18,47690.0,24579.0,,1,basic,two-year,credit_card,north,1,overdue
CUST103347,user3347@example.com,44.0,41.8,82.01,24443.0,2598.0,574.0,2,family,two-year,bank_transfer,north,0,paid
CUST103348,user3348@example.com,48.0,3.6,48.43,72440.0,23007.0,535.0,2,family,two-year,credit_card,east,1,overdue
CUST103349,user3349@example.com,31.0,42.8,119.82,62784.0,32817.0,620.0,1,standard,month-to-month,e_check,south,1,unpaid
CUST103350,user3350@example.com,43.0,13.4,21.77,71613.0,24433.0,675.0,3,standard,month-to-month,bank_transfer,north,0,paid
CUST103351,user3351@example.com,47.0,19.0,84.45,49059.0,22985.0,612.0,1,standard,two-year,credit_card,west,0,paid
CUST103352,user3352@example.com,52.0,14.5,79.17,34858.0,6336.0,731.0,2,standard,month-to-month,e_check,south,0,paid
CUST103353,user3353@example.com,32.0,55.6,86.07,51328.0,15143.0,692.0,1,basic,one-year,e_check,east,0,paid
CUST103354,user3354@example.com,38.0,9.9,52.29,,29227.0,669.0,2,basic,one-year,bank_transfer,south,0,paid
CUST103355,user3355@example.com,18.0,11.4,99.23,53553.0,28843.0,691.0,2,standard,two-year,e_check,north,1,overdue
CUST103356,user3356@example.com,35.0,55.1,67.3,62759.0,25334.0,539.0,0,basic,one-year,e_check,west,0,paid
CUST103357,user3357@example.com,36.0,5.8,40.34,44264.0,8123.0,610.0,2,standard,one-year,mailed_check,south,0,paid
CUST103358,user3358@example.com,30.0,25.2,42.63,63502.0,8285.0,567.0,2,family,one-year,mailed_check,west,1,overdue
CUST103359,user3359@example.com,44.0,12.5,73.12,54940.0,28176.0,681.0,1,premium,one-year,e_check,north,1,unpaid
CUST103360,user3360@example.com,41.0,20.8,30.09,40883.0,14502.0,568.0,3,standard,month-to-month,mailed_check,north,0,paid
CUST103361,user3361@example.com,18.0,9.8,115.01,57799.0,8735.0,657.0,3,basic,month-to-month,bank_transfer,south,1,overdue
CUST103362,user3362@example.com,45.0,31.7,96.22,47266.0,14989.0,637.0,0,standard,two-year,mailed_check,south,0,paid
CUST103363,user3363@example.com,31.0,2.9,115.67,67343.0,8046.0,698.0,0,basic,one-year,mailed_check,south,0,paid
CUST103364,user3364@example.com,48.0,38.5,113.04,72463.0,7815.0,554.0,3,basic,two-year,e_check,south,0,paid
CUST103365,user3365@example.com,27.0,6.0,61.2,65031.0,36156.0,686.0,2,family,one-year,mailed_check,south,0,paid
CUST103366,user3366@example.com,42.0,26.3,48.27,22300.0,7795.0,564.0,0,family,month-to-month,e_check,east,1,unpaid
CUST103367,user3367@example.com,39.0,12.2,10.0,35705.0,6673.0,573.0,0,standard,two-year,e_check,north,0,paid
CUST103368,user3368@example.com,46.0,26.1,59.84,42268.0,22601.0,639.0,3,standard,month-to-month,e_check,east,1,overdue
CUST103369,user3369@example.com,43.0,74.2,114.14,39074.0,23420.0,746.0,2,basic,month-to-month,e_check,north,1,overdue
CUST103370,user3370@example.com,39.0,24.1,49.3,44143.0,23674.0,583.0,1,standard,month-to-month,bank_transfer,east,0,overdue
CUST103371,user3371@example.com,24.0,49.1,64.75,73505.0,33899.0,,2,basic,one-year,e_check,north,0,paid
CUST103372,user3372@example.com,24.0,9.4,56.14,68973.0,39945.0,574.0,1,family,one-year,mailed_check,east,0,paid
CUST103373,user3373@example.com,35.0,38.2,79.37,46523.0,7377.0,619.0,2,premium,one-year,bank_transfer,north,0,paid
CUST103374,user3374@example.com,42.0,6.4,102.15,66836.0,35606.0,800.0,4,basic,one-year,mailed_check,south,1,overdue
CUST103375,user3375@example.com,35.0,24.1,31.52,61577.0,15228.0,681.0,3,standard,two-year,e_check,west,0,paid
CUST103376,user3376@example.com,50.0,37.4,36.31,54343.0,3681.0,590.0,1,basic,month-to-month,e_check,north,0,paid
CUST103377,user3377@example.com,39.0,0.1,107.17,77964.0,5287.0,639.0,2,basic,one-year,e_check,east,0,paid
CUST103378,user3378@example.com,30.0,13.4,88.33,41774.0,6404.0,776.0,0,basic,month-to-month,credit_card,west,0,paid
CUST103379,user3379@example.com,39.0,11.7,63.52,56055.0,26835.0,631.0,0,basic,two-year,bank_transfer,east,1,unpaid
CUST103380,user3380@example.com,45.0,26.7,112.68,33983.0,18458.0,632.0,4,family,month-to-month,e_check,south,0,paid
CUST103381,user3381@example.com,46.0,13.5,35.87,34941.0,4206.0,618.0,3,basic,month-to-month,credit_card,south,0,paid
CUST103382,user3382@example.com,65.0,43.2,93.28,27785.0,14308.0,706.0,0,standard,month-to-month,credit_card,south,1,overdue
CUST103383,user3383@example.com,34.0,29.6,68.29,35283.0,16425.0,608.0,1,standard,month-to-month,bank_transfer,north,1,overdue
CUST103384,user3384@example.com,41.0,41.5,85.16,56662.0,4461.0,720.0,0,standard,one-year,mailed_check,south,0,paid
CUST103385,user3385@example.com,47.0,13.6,10.32,48950.0,22138.0,735.0,0,basic,one-year,bank_transfer,south,0,paid
CUST103386,user3386@example.com,42.0,34.4,63.48,49603.0,3527.0,699.0,1,premium,month-to-month,mailed_check,south,0,paid
CUST103387,user3387@example.com,36.0,6.6,88.42,49017.0,9530.0,632.0,2,basic,two-year,mailed_check,south,0,paid
CUST103388,user3388@example.com,23.0,120.0,68.42,90455.0,30936.0,538.0,2,standard,one-year,e_check,west,0,paid
CUST103389,user3389@example.com,36.0,6.9,101.38,32256.0,17744.0,632.0,3,basic,one-year,mailed_check,north,1,overdue
CUST103390,user3390@example.com,29.0,17.8,100.55,30118.0,3251.0,597.0,2,family,month-to-month,credit_card,west,0,paid
CUST103391,user3391@example.com,21.0,47.5,46.04,38092.0,9202.0,588.0,1,basic,two-year,e_check,west,0,paid
CUST103392,user3392@example.com,32.0,19.4,90.6,53562.0,19674.0,,1,premium,month-to-month,e_check,west,0,paid
CUST103393,user3393@example.com,29.0,11.2,45.18,65295.0,29847.0,688.0,0,premium,two-year,credit_card,north,0,paid
CUST103394,user3394@example.com,49.0,33.7,71.35,67372.0,37288.0,600.0,0,premium,month-to-month,e_check,west,1,unpaid
CUST103395,user3395@example.com,49.0,4.3,86.4,73893.0,22749.0,540.0,1,family,month-to-month,credit_card,east,1,unpaid
CUST103396,user3396@example.com,31.0,3.5,49.12,52835.0,27078.0,573.0,0,standard,one-year,credit_card,north,0,paid
CUST103397,user3397@example.com,39.0,13.0,89.67,47074.0,18329.0,785.0,4,premium,two-year,credit_card,north,0,paid
CUST103398,user3398@example.com,20.0,45.5,57.37,87669.0,14223.0,694.0,2,standard,month-to-month,mailed_check,east,0,paid
CUST103399,user3399@example.com,36.0,30.0,55.48,12000.0,4425.0,573.0,2,premium,two-year,bank_transfer,south,0,paid
CUST103400,user3400@example.com,47.0,20.0,87.67,56255.0,12522.0,753.0,1,standard,month-to-month,bank_transfer,east,0,paid
CUST103401,user3401@example.com,52.0,5.7,49.1,63600.0,27793.0,631.0,0,premium,month-to-month,e_check,east,1,overdue
CUST103402,user3402@example.com,33.0,18.3,47.83,92474.0,19096.0,832.0,2,basic,month-to-month,credit_card,east,0,paid
CUST103403,user3403@example.com,55.0,19.5,96.03,21789.0,4239.0,671.0,1,basic,one-year,mailed_check,east,0,paid
CUST103404,user3404@example.com,24.0,14.8,72.71,46597.0,26558.0,695.0,1,basic,one-year,credit_card,north,1,overdue
CUST103405,user3405@example.com,27.0,9.6,33.65,27848.0,15310.0,717.0,1,standard,two-year,credit_card,west,0,paid
CUST103406,user3406@example.com,51.0,9.8,91.39,19034.0,5681.0,769.0,1,premium,month-to-month,e_check,south,1,overdue
CUST103407,user3407@example.com,62.0,0.9,59.83,50909.0,23979.0,615.0,1,basic,one-year,credit_card,south,0,paid
CUST103408,user3408@example.com,48.0,10.8,34.92,71662.0,42290.0,762.0,5,standard,one-year,bank_transfer,west,1,unpaid
CUST103409,user3409@example.com,42.0,27.0,10.0,79119.0,7813.0,600.0,3,standard,month-to-month,bank_transfer,south,0,paid
CUST103410,user3410@example.com,18.0,5.6,92.59,44363.0,17008.0,621.0,0,standard,one-year,credit_card,east,0,paid
CUST103411,user3411@example.com,18.0,2.8,48.5,68331.0,12943.0,651.0,1,basic,month-to-month,e_check,east,1,overdue
CUST103412,user3412@example.com,44.0,19.2,38.9,51046.0,25013.0,724.0,2,basic,one-year,mailed_check,east,0,paid
CUST103413,user3413@example.com,38.0,38.4,85.99,66131.0,6995.0,624.0,0,premium,month-to-month,credit_card,north,0,paid
CUST103414,user3414@example.com,29.0,1.2,90.14,78090.0,37783.0,782.0,0,basic,two-year,bank_transfer,north,0,paid
CUST103415,user3415@example.com,43.0,4.4,50.32,51115.0,8196.0,756.0,1,standard,month-to-month,mailed_check,south,0,paid
CUST103416,user3416@example.com,43.0,20.0,92.82,76539.0,23024.0,653.0,1,basic,month-to-month,e_check,east,1,overdue
CUST103417,user3417@example.com,53.0,58.6,121.37,30739.0,15296.0,573.0,1,basic,month-to-month,e_check,west,0,paid
CUST103418,user3418@example.com,44.0,20.5,103.67,68130.0,5934.0,730.0,2,basic,month-to-month,credit_card,north,1,unpaid
CUST103419,user3419@example.com,57.0,17.5,99.78,75673.0,42414.0,482.0,2,basic,month-to-month,mailed_check,south,1,overdue
CUST103420,user3420@example.com,42.0,111.8,77.85,73604.0,12479.0,709.0,2,family,one-year,e_check,east,0,paid
CUST103421,user3421@example.com,41.0,53.0,58.91,31300.0,10185.0,584.0,2,standard,month-to-month,mailed_check,east,1,overdue
CUST103422,user3422@example.com,55.0,12.9,68.6,50884.0,23102.0,751.0,1,standard,one-year,bank_transfer,north,0,paid
CUST103423,user3423@example.com,30.0,70.0,81.02,61044.0,7198.0,539.0,0,premium,month-to-month,e_check,north,0,paid
CUST103424,user3424@example.com,76.0,32.8,38.56,63861.0,24574.0,597.0,1,basic,month-to-month,e_check,south,1,overdue
CUST103425,user3425@example.com,47.0,9.3,50.77,57318.0,19119.0,685.0,1,standard,one-year,mailed_check,west,0,paid
CUST103426,user3426@example.com,47.0,4.2,34.31,83584.0,31111.0,698.0,2,standard,month-to-month,e_check,north,1,overdue
CUST103427,user3427@example.com,48.0,5.5,75.88,29087.0,12053.0,600.0,2,premium,two-year,e_check,west,1,overdue
CUST103428,user3428@example.com,65.0,13.4,72.08,50195.0,14122.0,623.0,0,basic,one-year,bank_transfer,west,1,overdue
CUST103429,user3429@example.com,52.0,3.9,53.68,21245.0,4553.0,726.0,6,standard,one-year,bank_transfer,west,0,paid
CUST103430,user3430@example.com,23.0,74.0,90.51,67425.0,10189.0,731.0,1,basic,month-to-month,credit_card,north,0,paid
CUST103431,user3431@example.com,59.0,7.1,43.88,66092.0,37440.0,622.0,1,standard,one-year,credit_card,north,0,paid
CUST103432,user3432@example.com,38.0,61.2,52.75,121972.0,33025.0,601.0,3,standard,one-year,e_check,south,0,paid
CUST103433,user3433@example.com,43.0,25.6,89.51,75527.0,15500.0,540.0,1,premium,two-year,mailed_check,east,1,overdue
CUST103434,user3434@example.com,27.0,58.9,93.22,61627.0,4862.0,670.0,1,premium,one-year,bank_transfer,east,1,overdue
CUST103435,user3435@example.com,48.0,2.4,50.11,60098.0,27835.0,715.0,0,standard,month-to-month,bank_transfer,north,1,unpaid
CUST103436,user3436@example.com,34.0,19.1,75.8,48668.0,16560.0,662.0,1,basic,month-to-month,bank_transfer,west,0,paid
CUST103437,user3437@example.com,43.0,5.9,50.53,,8931.0,576.0,2,basic,one-year,e_check,west,1,unpaid
CUST103438,user3438@example.com,39.0,99.8,65.07,60525.0,32766.0,793.0,2,basic,two-year,mailed_check,west,0,paid
CUST103439,user3439@example.com,65.0,51.0,73.6,15705.0,8851.0,482.0,1,basic,month-to-month,credit_card,west,1,overdue
CUST103440,user3440@example.com,66.0,7.8,84.01,58938.0,31495.0,720.0,3,standard,month-to-month,credit_card,west,0,paid
CUST103441,user3441@example.com,43.0,76.7,77.94,57020.0,20444.0,667.0,0,standard,two-year,credit_card,east,0,paid
CUST103442,user3442@example.com,43.0,32.6,76.83,90080.0,22998.0,687.0,0,basic,one-year,credit_card,north,0,paid
CUST103443,user3443@example.com,38.0,23.0,43.04,52367.0,7281.0,587.0,3,premium,month-to-month,bank_transfer,east,1,overdue
CUST103444,user3444@example.com,55.0,46.1,79.71,39689.0,10219.0,638.0,5,standard,one-year,credit_card,east,1,overdue
CUST103445,user3445@example.com,38.0,21.1,83.78,60371.0,23345.0,673.0,0,premium,month-to-month,e_check,north,0,paid
CUST103446,user3446@example.com,37.0,44.1,87.22,56487.0,9863.0,643.0,0,premium,month-to-month,credit_card,north,0,paid
CUST103447,user3447@example.com,54.0,25.9,52.01,52388.0,15988.0,506.0,1,basic,month-to-month,mailed_check,north,0,paid
CUST103448,user3448@example.com,36.0,1.6,92.89,29420.0,10744.0,787.0,1,family,month-to-month,credit_card,west,0,paid
CUST103449,user3449@example.com,42.0,12.5,37.07,51880.0,23465.0,702.0,0,standard,two-year,bank_transfer,west,0,paid
CUST103450,user3450@example.com,23.0,20.8,59.23,43416.0,4352.0,653.0,2,premium,two-year,mailed_check,north,0,paid
CUST103451,user3451@example.com,50.0,26.5,63.11,50670.0,26696.0,658.0,0,family,one-year,bank_transfer,north,0,paid
CUST103452,user3452@example.com,65.0,4.8,38.44,69643.0,20951.0,785.0,1,premium,month-to-month,mailed_check,east,0,paid
CUST103453,user3453@example.com,51.0,33.4,62.73,41510.0,15361.0,591.0,0,standard,one-year,mailed_check,south,0,paid
CUST103454,user3454@example.com,60.0,23.1,75.54,50575.0,28685.0,573.0,2,standard,two-year,e_check,east,0,paid
CUST103455,user3455@example.com,32.0,41.2,24.36,65824.0,9373.0,718.0,2,standard,two-year,e_check,south,0,paid
CUST103456,user3456@example.com,45.0,47.0,60.13,49612.0,26615.0,687.0,1,premium,month-to-month,credit_card,east,0,paid
CUST103457,user3457@example.com,31.0,58.2,26.29,107184.0,52781.0,569.0,2,basic,one-year,bank_transfer,south,1,overdue
CUST103458,user3458@example.com,39.0,12.1,121.04,59977.0,35789.0,737.0,3,standard,month-to-month,credit_card,north,1,overdue
CUST103459,user3459@example.com,51.0,12.4,75.31,30162.0,8028.0,674.0,1,basic,one-year,mailed_check,south,0,paid
CUST103460,user3460@example.com,43.0,42.9,73.15,38214.0,4577.0,578.0,1,standard,month-to-month,mailed_check,east,0,paid
CUST103461,user3461@example.com,25.0,2.8,75.8,36201.0,2092.0,689.0,2,standard,two-year,credit_card,south,0,paid
CUST103462,user3462@example.com,26.0,20.0,85.11,38499.0,18708.0,677.0,1,premium,one-year,e_check,south,1,unpaid
CUST103463,user3463@example.com,25.0,4.5,94.45,65740.0,8226.0,643.0,2,basic,month-to-month,e_check,north,0,paid
CUST103464,user3464@example.com,48.0,10.0,30.91,32870.0,7176.0,681.0,4,standard,one-year,e_check,north,1,overdue
CUST103465,user3465@example.com,67.0,88.1,102.75,48376.0,28688.0,700.0,2,basic,month-to-month,mailed_check,west,1,unpaid
CUST103466,user3466@example.com,58.0,5.0,101.15,77855.0,22823.0,723.0,1,premium,two-year,credit_card,north,0,paid
CUST103467,user3467@example.com,19.0,4.8,68.34,44605.0,7902.0,659.0,4,basic,month-to-month,credit_card,west,1,unpaid
CUST103468,user3468@example.com,59.0,27.4,67.03,68430.0,31770.0,628.0,1,basic,month-to-month,mailed_check,west,0,paid
CUST103469,user3469@example.com,53.0,0.6,10.0,21341.0,4254.0,669.0,5,basic,one-year,e_check,north,0,overdue
CUST103470,user3470@example.com,23.0,2.7,38.9,47588.0,16278.0,745.0,1,standard,two-year,e_check,east,0,paid
CUST103471,user3471@example.com,38.0,37.0,82.97,37281.0,5090.0,700.0,2,basic,one-year,bank_transfer,east,0,paid
CUST103472,user3472@example.com,55.0,36.5,100.02,60995.0,18510.0,624.0,1,standard,two-year,credit_card,west,0,paid
CUST103473,user3473@example.com,49.0,8.0,88.22,34304.0,3765.0,654.0,3,premium,month-to-month,bank_transfer,south,0,paid
CUST103474,user3474@example.com,26.0,33.1,68.11,96393.0,45806.0,783.0,0,basic,month-to-month,e_check,north,1,unpaid
CUST103475,user3475@example.com,49.0,21.0,118.15,22212.0,5571.0,710.0,2,standard,two-year,credit_card,south,0,paid
CUST103476,user3476@example.com,18.0,0.3,95.13,77716.0,17513.0,662.0,0,premium,month-to-month,credit_card,north,1,overdue
CUST103477,user3477@example.com,39.0,0.1,60.15,72566.0,43291.0,741.0,3,premium,two-year,mailed_check,west,1,overdue
CUST103478,user3478@example.com,56.0,28.7,124.55,61197.0,30986.0,607.0,1,premium,two-year,e_check,south,0,paid
CUST103479,user3479@example.com,42.0,8.6,42.6,56089.0,19892.0,676.0,0,basic,month-to-month,credit_card,west,0,paid
CUST103480,user3480@example.com,36.0,15.1,33.2,92099.0,52434.0,800.0,1,standard,one-year,credit_card,east,0,paid
CUST103481,user3481@example.com,53.0,0.5,59.47,104419.0,17362.0,702.0,3,family,one-year,credit_card,north,0,paid
CUST103482,user3482@example.com,54.0,23.1,51.03,50855.0,18583.0,780.0,0,basic,month-to-month,mailed_check,east,0,paid
CUST103483,user3483@example.com,58.0,16.9,60.88,58155.0,32624.0,643.0,2,basic,month-to-month,credit_card,west,1,unpaid
CUST103484,user3484@example.com,52.0,22.5,89.95,43952.0,15969.0,612.0,1,standard,two-year,credit_card,east,0,paid
CUST103485,user3485@example.com,55.0,6.6,69.15,31614.0,6936.0,743.0,0,basic,month-to-month,credit_card,north,1,overdue
CUST103486,user3486@example.com,51.0,0.9,69.79,64262.0,31900.0,504.0,1,standard,month-to-month,bank_transfer,south,0,paid
CUST103487,user3487@example.com,45.0,3.5,71.47,59992.0,7580.0,664.0,0,standard,month-to-month,e_check,south,0,paid
CUST103488,user3488@example.com,43.0,34.1,12.19,22796.0,3045.0,732.0,1,standard,month-to-month,bank_transfer,north,0,paid
CUST103489,user3489@example.com,39.0,66.2,32.12,,28990.0,695.0,3,basic,month-to-month,bank_transfer,north,0,paid
CUST103490,user3490@example.com,27.0,4.5,60.37,60663.0,5346.0,482.0,2,standard,month-to-month,mailed_check,east,0,paid
CUST103491,user3491@example.com,31.0,54.9,48.93,42975.0,3345.0,542.0,0,premium,one-year,mailed_check,east,0,paid
CUST103492,user3492@example.com,39.0,24.5,64.21,41670.0,10771.0,641.0,1,premium,two-year,credit_card,east,0,paid
CUST103493,user3493@example.com,45.0,79.1,105.1,63476.0,17065.0,688.0,2,basic,month-to-month,mailed_check,south,0,paid
CUST103494,user3494@example.com,59.0,2.0,68.14,87178.0,26878.0,691.0,1,basic,two-year,e_check,north,1,unpaid
CUST103495,user3495@example.com,41.0,25.6,36.95,62968.0,28802.0,650.0,1,family,one-year,e_check,north,1,unpaid
CUST103496,user3496@example.com,54.0,31.8,50.17,70610.0,25622.0,708.0,1,basic,two-year,mailed_check,west,0,paid
CUST103497,user3497@example.com,55.0,3.2,112.76,38356.0,16971.0,685.0,1,standard,month-to-month,bank_transfer,south,1,overdue
CUST103498,user3498@example.com,39.0,3.5,108.31,46715.0,3618.0,640.0,2,basic,month-to-month,mailed_check,east,1,overdue
CUST103499,user3499@example.com,49.0,11.5,84.9,67160.0,15020.0,693.0,1,basic,month-to-month,mailed_check,south,1,overdue
CUST103500,user3500@example.com,39.0,16.4,30.94,27833.0,16186.0,598.0,0,premium,one-year,e_check,south,0,overdue
CUST103501,user3501@example.com,58.0,32.0,679.0687412577258,59144.0,16872.0,701.0,2,basic,month-to-month,credit_card,east,0,paid
CUST103502,user3502@example.com,50.0,29.5,79.59,64868.0,11181.0,582.0,2,standard,month-to-month,bank_transfer,east,1,overdue
CUST103503,user3503@example.com,28.0,36.9,70.64,54229.0,32302.0,689.0,2,standard,month-to-month,mailed_check,east,0,paid
CUST103504,user3504@example.com,44.0,32.9,55.75,61387.0,16957.0,687.0,3,basic,two-year,mailed_check,east,0,paid
CUST103505,user3505@example.com,62.0,5.8,60.93,56156.0,17595.0,626.0,2,premium,one-year,bank_transfer,east,1,overdue
CUST103506,user3506@example.com,40.0,95.1,54.01,42557.0,7366.0,701.0,0,basic,month-to-month,mailed_check,west,0,paid
CUST103507,user3507@example.com,47.0,7.5,41.37,31438.0,12921.0,773.0,1,standard,month-to-month,e_check,west,0,paid
CUST103508,user3508@example.com,49.0,21.1,104.15,53194.0,8723.0,568.0,2,premium,month-to-month,mailed_check,north,1,overdue
CUST103509,user3509@example.com,30.0,23.4,92.06,81090.0,31257.0,726.0,1,basic,month-to-month,e_check,north,0,paid
CUST103510,user3510@example.com,48.0,45.3,62.88,,35222.0,737.0,0,basic,month-to-month,mailed_check,west,0,paid
CUST103511,user3511@example.com,25.0,46.1,78.8,48093.0,19661.0,633.0,1,standard,month-to-month,e_check,east,1,unpaid
CUST103512,user3512@example.com,34.0,14.0,79.74,47678.0,4754.0,714.0,2,basic,two-year,credit_card,north,1,unpaid
CUST103513,user3513@example.com,55.0,27.3,128.57,46206.0,4338.0,630.0,1,basic,month-to-month,bank_transfer,east,1,overdue
CUST103514,user3514@example.com,46.0,1.8,91.81,46208.0,23718.0,750.0,1,standard,one-year,e_check,north,0,paid
CUST103515,user3515@example.com,38.0,5.5,90.87,60755.0,33264.0,431.0,1,standard,one-year,bank_transfer,south,0,paid
CUST103516,user3516@example.com,47.0,2.2,70.95,76150.0,9489.0,766.0,2,premium,month-to-month,e_check,north,1,overdue
CUST103517,user3517@example.com,41.0,15.2,59.14,100256.0,25716.0,561.0,2,standard,month-to-month,bank_transfer,west,1,unpaid
CUST103518,user3518@example.com,42.0,38.8,104.57,38403.0,15735.0,657.0,1,standard,month-to-month,credit_card,north,0,paid
CUST103519,user3519@example.com,50.0,9.8,86.31,68024.0,34659.0,585.0,1,family,month-to-month,mailed_check,north,1,overdue
CUST103520,user3520@example.com,33.0,25.0,49.26,65847.0,36212.0,770.0,2,family,two-year,bank_transfer,west,0,paid
CUST103521,user3521@example.com,42.0,11.3,81.35,48405.0,21021.0,632.0,5,standard,two-year,bank_transfer,west,1,unpaid
CUST103522,user3522@example.com,38.0,46.4,90.93,34480.0,4521.0,,2,standard,two-year,bank_transfer,south,0,paid
CUST103523,user3523@example.com,23.0,38.9,17.6,60507.0,28595.0,740.0,2,premium,month-to-month,e_check,south,0,paid
CUST103524,user3524@example.com,31.0,53.4,46.94,97398.0,50887.0,709.0,0,family,month-to-month,credit_card,north,0,paid
CUST103525,user3525@example.com,61.0,5.5,79.07,60381.0,14686.0,623.0,1,basic,one-year,credit_card,north,0,paid
CUST103526,user3526@example.com,47.0,7.7,21.89,39255.0,12632.0,571.0,0,standard,month-to-month,e_check,north,1,overdue
CUST103527,user3527@example.com,26.0,1.3,25.85,51855.0,7338.0,560.0,0,basic,month-to-month,credit_card,north,0,paid
CUST103528,user3528@example.com,24.0,3.2,63.24,32197.0,7002.0,,1,family,month-to-month,mailed_check,west,0,paid
CUST103529,user3529@example.com,41.0,6.8,82.29,55370.0,29257.0,684.0,3,premium,month-to-month,credit_card,north,1,unpaid
CUST103530,user3530@example.com,61.0,45.8,83.44,68668.0,6789.0,664.0,1,basic,month-to-month,mailed_check,south,1,overdue
CUST103531,user3531@example.com,40.0,32.9,109.56,41148.0,19312.0,689.0,1,premium,month-to-month,mailed_check,east,1,overdue
CUST103532,user3532@example.com,58.0,15.7,72.06,12000.0,1244.0,494.0,0,premium,one-year,e_check,east,1,overdue
CUST103533,user3533@example.com,46.0,29.6,60.68,60538.0,12770.0,624.0,0,premium,one-year,e_check,east,0,paid
CUST103534,user3534@example.com,48.0,30.6,37.32,44969.0,16653.0,626.0,1,premium,month-to-month,mailed_check,south,0,paid
CUST103535,user3535@example.com,26.0,41.3,60.38,39987.0,2072.0,729.0,0,basic,month-to-month,e_check,north,0,paid
CUST103536,user3536@example.com,53.0,8.1,87.69,39814.0,16780.0,532.0,0,basic,month-to-month,credit_card,south,1,unpaid
CUST103537,user3537@example.com,38.0,1.1,88.82,63005.0,14107.0,734.0,5,basic,month-to-month,e_check,south,1,unpaid
CUST103538,user3538@example.com,52.0,19.9,76.62,46842.0,21628.0,794.0,2,standard,one-year,bank_transfer,south,1,overdue
CUST103539,user3539@example.com,32.0,14.5,83.68,73609.0,43163.0,512.0,4,standard,month-to-month,credit_card,north,1,overdue
CUST103540,user3540@example.com,44.0,8.4,101.91,74049.0,20665.0,651.0,0,standard,month-to-month,credit_card,north,1,overdue
CUST103541,user3541@example.com,46.0,24.3,71.88,49587.0,3297.0,690.0,1,standard,one-year,bank_transfer,west,0,paid
CUST103542,user3542@example.com,40.0,15.4,104.18,44583.0,23044.0,720.0,1,standard,month-to-month,credit_card,east,1,overdue
CUST103543,user3543@example.com,47.0,40.1,51.83,57554.0,11569.0,477.0,1,basic,month-to-month,mailed_check,west,0,paid
CUST103544,user3544@example.com,39.0,12.7,68.17,52092.0,6863.0,,4,premium,month-to-month,bank_transfer,west,0,paid
CUST103545,user3545@example.com,34.0,3.0,57.98,19950.0,10645.0,633.0,1,standard,month-to-month,e_check,north,1,overdue
CUST103546,user3546@example.com,61.0,0.5,89.82,93282.0,16594.0,627.0,2,premium,month-to-month,credit_card,west,1,overdue
CUST103547,user3547@example.com,55.0,7.8,44.64,69287.0,26530.0,816.0,0,basic,two-year,e_check,west,0,paid
CUST103548,user3548@example.com,33.0,12.0,61.96,45730.0,8675.0,633.0,1,basic,one-year,mailed_check,east,0,paid
CUST103549,user3549@example.com,49.0,44.9,23.51,16672.0,7367.0,686.0,0,standard,month-to-month,e_check,north,0,paid
CUST103550,user3550@example.com,33.0,14.1,84.86,51391.0,20907.0,640.0,1,basic,one-year,mailed_check,west,0,paid
CUST103551,user3551@example.com,28.0,16.1,101.17,43240.0,14271.0,669.0,2,standard,two-year,bank_transfer,east,0,paid
CUST103552,user3552@example.com,54.0,5.4,92.77,53789.0,19109.0,694.0,2,premium,month-to-month,credit_card,west,0,paid
CUST103553,user3553@example.com,22.0,41.4,90.32,12000.0,2100.0,721.0,2,basic,month-to-month,bank_transfer,east,0,paid
CUST103554,user3554@example.com,53.0,36.5,90.99,45555.0,2827.0,588.0,1,basic,month-to-month,e_check,north,0,paid
CUST103555,user3555@example.com,39.0,98.3,87.49,46774.0,22937.0,662.0,0,standard,one-year,credit_card,south,0,paid
CUST103556,user3556@example.com,39.0,46.2,85.36,51154.0,27578.0,665.0,1,family,month-to-month,bank_transfer,north,1,overdue
CUST103557,user3557@example.com,47.0,66.1,86.97,50276.0,24023.0,518.0,2,basic,month-to-month,e_check,north,1,overdue
CUST103558,user3558@example.com,49.0,2.7,53.61,56045.0,24624.0,574.0,3,standard,one-year,e_check,north,1,overdue
CUST103559,user3559@example.com,32.0,43.2,65.0,85424.0,26444.0,721.0,1,basic,month-to-month,bank_transfer,west,1,overdue
CUST103560,user3560@example.com,51.0,0.9,71.76,44700.0,16590.0,613.0,2,standard,one-year,credit_card,north,1,overdue
CUST103561,user3561@example.com,43.0,120.0,61.61,36777.0,15829.0,850.0,1,standard,one-year,bank_transfer,west,0,paid
CUST103562,user3562@example.com,27.0,14.4,30.84,20453.0,1318.0,727.0,2,standard,two-year,bank_transfer,east,0,paid
CUST103563,user3563@example.com,40.0,4.0,39.12,44778.0,12673.0,686.0,2,standard,one-year,credit_card,south,0,paid
CUST103564,user3564@example.com,59.0,3.4,75.75,26975.0,4682.0,771.0,2,standard,two-year,bank_transfer,east,0,paid
CUST103565,user3565@example.com,62.0,63.3,92.64,74202.0,18584.0,712.0,0,premium,one-year,mailed_check,north,0,paid
CUST103566,user3566@example.com,51.0,19.6,70.23,53078.0,24526.0,665.0,3,basic,one-year,e_check,north,1,unpaid
CUST103567,user3567@example.com,28.0,0.1,139.12,73789.0,18437.0,537.0,3,standard,two-year,credit_card,west,1,unpaid
CUST103568,user3568@example.com,48.0,35.5,47.01,84314.0,38489.0,703.0,0,standard,month-to-month,mailed_check,north,0,paid
CUST103569,user3569@example.com,52.0,35.0,81.12,37699.0,22035.0,762.0,1,premium,month-to-month,bank_transfer,north,0,overdue
CUST103570,user3570@example.com,51.0,17.9,102.28,48053.0,26807.0,603.0,2,standard,two-year,bank_transfer,east,0,paid
CUST103571,user3571@example.com,51.0,5.1,96.64,81634.0,41245.0,504.0,1,basic,month-to-month,bank_transfer,south,1,overdue
CUST103572,user3572@example.com,46.0,5.3,86.38,58784.0,30518.0,564.0,0,basic,month-to-month,mailed_check,south,1,unpaid
CUST103573,user3573@example.com,41.0,11.2,96.76,65430.0,17448.0,791.0,1,basic,one-year,credit_card,south,1,overdue
CUST103574,user3574@example.com,35.0,18.7,71.38,75660.0,34226.0,656.0,1,standard,month-to-month,mailed_check,west,0,paid
CUST103575,user3575@example.com,19.0,92.6,111.57,72930.0,30402.0,767.0,0,standard,month-to-month,mailed_check,south,0,paid
CUST103576,user3576@example.com,46.0,24.3,102.08,63207.0,37330.0,652.0,0,basic,two-year,credit_card,south,1,overdue
CUST103577,user3577@example.com,44.0,5.8,48.69,82927.0,30367.0,610.0,0,basic,month-to-month,bank_transfer,east,1,overdue
CUST103578,user3578@example.com,49.0,22.9,78.04,53635.0,15360.0,821.0,3,family,month-to-month,e_check,east,0,paid
CUST103579,user3579@example.com,26.0,79.5,31.32,65388.0,33381.0,620.0,4,standard,month-to-month,bank_transfer,north,0,paid
CUST103580,user3580@example.com,50.0,5.8,108.04,51465.0,23790.0,630.0,1,premium,month-to-month,mailed_check,north,0,paid
CUST103581,user3581@example.com,67.0,5.2,75.61,75411.0,8949.0,,2,basic,one-year,mailed_check,south,1,unpaid
CUST103582,user3582@example.com,43.0,0.8,103.72,40985.0,15490.0,627.0,1,standard,two-year,mailed_check,east,1,overdue
CUST103583,user3583@example.com,41.0,21.0,67.27,21343.0,8020.0,712.0,2,basic,month-to-month,bank_transfer,west,0,paid
CUST103584,user3584@example.com,46.0,1.1,23.59,68098.0,27062.0,686.0,2,basic,month-to-month,credit_card,south,0,paid
CUST103585,user3585@example.com,66.0,120.0,135.93,34597.0,19645.0,689.0,3,standard,one-year,e_check,west,0,paid
CUST103586,user3586@example.com,30.0,54.5,73.28,,12430.0,601.0,0,basic,month-to-month,mailed_check,south,1,overdue
CUST103587,user3587@example.com,44.0,3.6,44.99,80299.0,42439.0,517.0,0,premium,one-year,mailed_check,north,0,paid
CUST103588,user3588@example.com,32.0,6.6,98.64,74326.0,18367.0,583.0,3,standard,two-year,bank_transfer,north,1,overdue
CUST103589,user3589@example.com,35.0,7.2,120.9,48150.0,3927.0,590.0,0,basic,month-to-month,bank_transfer,west,0,paid
CUST103590,user3590@example.com,41.0,2.6,64.94,12000.0,3076.0,673.0,0,standard,month-to-month,e_check,east,1,overdue
CUST103591,user3591@example.com,58.0,39.2,67.52,65665.0,22521.0,585.0,2,premium,month-to-month,bank_transfer,east,1,unpaid
CUST103592,user3592@example.com,64.0,36.2,75.95,68250.0,34693.0,533.0,1,family,month-to-month,e_check,west,1,overdue
CUST103593,user3593@example.com,47.0,7.5,42.23,65336.0,25972.0,558.0,1,basic,one-year,bank_transfer,north,0,paid
CUST103594,user3594@example.com,37.0,35.9,52.73,64417.0,18888.0,681.0,1,family,month-to-month,bank_transfer,north,0,paid
CUST103595,user3595@example.com,72.0,26.3,114.55,51372.0,15619.0,705.0,0,basic,month-to-month,credit_card,west,1,overdue
CUST103596,user3596@example.com,37.0,9.5,66.69,46791.0,27988.0,609.0,0,premium,month-to-month,mailed_check,south,1,overdue
CUST103597,user3597@example.com,35.0,14.7,49.06,32877.0,4200.0,618.0,0,premium,one-year,e_check,north,0,paid
CUST103598,user3598@example.com,21.0,78.2,58.7,41052.0,6693.0,699.0,3,family,month-to-month,mailed_check,east,0,paid
CUST103599,user3599@example.com,59.0,76.8,96.82,61430.0,24197.0,663.0,3,standard,month-to-month,bank_transfer,north,1,overdue
CUST103600,user3600@example.com,54.0,45.0,20.6,61759.0,26913.0,745.0,1,premium,two-year,e_check,east,0,paid
CUST103601,user3601@example.com,71.0,7.4,76.37,70796.0,18920.0,637.0,2,standard,month-to-month,credit_card,north,1,overdue
CUST103602,user3602@example.com,25.0,21.9,131.56,26871.0,1818.0,583.0,0,basic,month-to-month,mailed_check,south,1,unpaid
CUST103603,user3603@example.com,59.0,62.1,120.78,21815.0,7354.0,737.0,2,premium,month-to-month,mailed_check,west,0,paid
CUST103604,user3604@example.com,43.0,7.3,84.33,47406.0,6134.0,625.0,3,premium,month-to-month,bank_transfer,north,1,unpaid
CUST103605,user3605@example.com,52.0,27.4,102.91,34601.0,2797.0,587.0,2,standard,two-year,bank_transfer,east,0,paid
CUST103606,user3606@example.com,22.0,4.1,102.67,58720.0,14070.0,721.0,3,premium,month-to-month,credit_card,north,1,overdue
CUST103607,user3607@example.com,60.0,20.4,66.85,28802.0,3589.0,766.0,3,standard,month-to-month,credit_card,west,0,paid
CUST103608,user3608@example.com,51.0,35.8,93.12,78605.0,22909.0,665.0,1,premium,month-to-month,credit_card,west,1,overdue
CUST103609,user3609@example.com,42.0,120.0,114.71,38559.0,18081.0,570.0,1,standard,month-to-month,bank_transfer,east,0,paid
CUST103610,user3610@example.com,50.0,16.9,38.41,86853.0,6590.0,773.0,0,standard,month-to-month,bank_transfer,west,1,unpaid
CUST103611,user3611@example.com,33.0,79.9,84.42,65486.0,21279.0,680.0,0,basic,month-to-month,e_check,south,0,paid
CUST103612,user3612@example.com,35.0,47.5,79.04,33895.0,10960.0,668.0,3,basic,month-to-month,credit_card,east,0,paid
CUST103613,user3613@example.com,36.0,29.5,72.58,96895.0,4939.0,618.0,0,standard,month-to-month,bank_transfer,east,0,paid
CUST103614,user3614@example.com,20.0,13.8,70.37,60309.0,27503.0,,1,premium,month-to-month,mailed_check,east,0,paid
CUST103615,user3615@example.com,52.0,47.6,75.79,58322.0,5795.0,561.0,2,basic,month-to-month,credit_card,north,1,overdue
CUST103616,user3616@example.com,56.0,61.7,77.89,53696.0,30211.0,554.0,2,basic,one-year,mailed_check,east,0,overdue
CUST103617,user3617@example.com,34.0,11.8,97.97,64331.0,25839.0,802.0,1,basic,month-to-month,mailed_check,west,1,overdue
CUST103618,user3618@example.com,46.0,20.5,81.91,65508.0,13645.0,,0,premium,month-to-month,bank_transfer,west,0,paid
CUST103619,user3619@example.com,39.0,24.7,65.55,37701.0,21071.0,727.0,2,premium,two-year,e_check,west,0,paid
CUST103620,user3620@example.com,46.0,74.4,49.0,50729.0,13710.0,760.0,2,basic,two-year,credit_card,south,0,paid
CUST103621,user3621@example.com,34.0,16.7,58.19,57314.0,11070.0,667.0,1,standard,two-year,bank_transfer,north,0,paid
CUST103622,user3622@example.com,31.0,26.1,76.53,66655.0,17429.0,580.0,4,premium,month-to-month,credit_card,north,0,paid
CUST103623,user3623@example.com,55.0,100.7,52.35,66994.0,25885.0,700.0,1,basic,month-to-month,mailed_check,west,0,paid
CUST103624,user3624@example.com,41.0,55.4,93.65,58291.0,26113.0,761.0,2,standard,one-year,e_check,east,1,unpaid
CUST103625,user3625@example.com,66.0,4.1,80.75,43994.0,18213.0,677.0,2,basic,two-year,bank_transfer,south,0,paid
CUST103626,user3626@example.com,43.0,25.7,98.59,42968.0,23920.0,590.0,0,basic,two-year,bank_transfer,north,0,paid
CUST103627,user3627@example.com,31.0,70.7,54.03,31170.0,17951.0,674.0,0,basic,month-to-month,e_check,north,0,paid
CUST103628,user3628@example.com,57.0,16.3,49.22,66852.0,10588.0,539.0,3,basic,one-year,mailed_check,north,1,overdue
CUST103629,user3629@example.com,50.0,27.8,98.4,42680.0,23555.0,572.0,4,family,month-to-month,credit_card,north,1,overdue
CUST103630,user3630@example.com,51.0,71.9,73.25,51165.0,5560.0,629.0,1,standard,month-to-month,credit_card,south,0,paid
CUST103631,user3631@example.com,56.0,20.8,64.94,59755.0,34436.0,655.0,0,basic,two-year,bank_transfer,west,0,paid
CUST103632,user3632@example.com,34.0,39.8,87.47,55079.0,10610.0,554.0,1,basic,two-year,bank_transfer,west,0,paid
CUST103633,user3633@example.com,40.0,3.0,86.54,54888.0,10768.0,,3,basic,one-year,credit_card,east,1,overdue
CUST103634,user3634@example.com,40.0,25.2,38.61,36901.0,10400.0,692.0,2,basic,month-to-month,mailed_check,south,1,overdue
CUST103635,user3635@example.com,27.0,5.9,104.62,60377.0,9054.0,633.0,2,basic,month-to-month,credit_card,east,1,overdue
CUST103636,user3636@example.com,39.0,29.8,59.74,48743.0,24627.0,477.0,1,basic,month-to-month,bank_transfer,north,1,overdue
CUST103637,user3637@example.com,58.0,8.7,112.5,53272.0,6318.0,658.0,1,standard,month-to-month,mailed_check,north,0,paid
CUST103638,user3638@example.com,45.0,5.5,36.66,78159.0,22792.0,795.0,0,standard,month-to-month,e_check,north,0,paid
CUST103639,user3639@example.com,26.0,18.8,77.93,65106.0,35739.0,687.0,0,premium,month-to-month,bank_transfer,west,0,paid
CUST103640,user3640@example.com,23.0,38.0,65.36,43584.0,17410.0,651.0,1,basic,month-to-month,e_check,west,0,paid
CUST103641,user3641@example.com,62.0,57.9,20.62,52022.0,19973.0,620.0,2,basic,two-year,credit_card,east,0,paid
CUST103642,user3642@example.com,41.0,6.2,86.46,86989.0,51937.0,696.0,0,basic,month-to-month,bank_transfer,west,1,unpaid
CUST103643,user3643@example.com,34.0,6.7,21.9,48852.0,3048.0,667.0,4,basic,month-to-month,mailed_check,south,0,paid
CUST103644,user3644@example.com,39.0,120.0,62.71,55798.0,12604.0,707.0,1,basic,month-to-month,mailed_check,north,0,paid
CUST103645,user3645@example.com,24.0,20.7,97.61,68283.0,8109.0,562.0,2,basic,one-year,bank_transfer,east,0,paid
CUST103646,user3646@example.com,59.0,12.1,56.75,59304.0,8986.0,660.0,0,family,month-to-month,mailed_check,east,1,overdue
CUST103647,user3647@example.com,37.0,6.0,47.41,47544.0,8025.0,613.0,3,standard,one-year,credit_card,north,0,paid
CUST103648,user3648@example.com,58.0,32.8,90.01,40132.0,15844.0,680.0,1,premium,one-year,mailed_check,north,0,paid
CUST103649,user3649@example.com,43.0,11.4,63.76,54798.0,10941.0,494.0,2,standard,month-to-month,bank_transfer,south,1,overdue
CUST103650,user3650@example.com,59.0,20.5,59.87,68160.0,28307.0,619.0,4,premium,one-year,bank_transfer,east,1,unpaid
CUST103651,user3651@example.com,45.0,0.3,101.87,81418.0,37122.0,693.0,1,basic,month-to-month,credit_card,north,1,unpaid
CUST103652,user3652@example.com,52.0,4.3,40.82,25693.0,6964.0,706.0,0,basic,one-year,bank_transfer,east,0,paid
CUST103653,user3653@example.com,51.0,3.3,58.51,90256.0,31136.0,648.0,1,standard,two-year,bank_transfer,north,0,paid
CUST103654,user3654@example.com,49.0,14.4,91.66,49232.0,6038.0,477.0,2,family,month-to-month,mailed_check,south,1,overdue
CUST103655,user3655@example.com,46.0,23.0,39.2,73497.0,34099.0,701.0,1,premium,month-to-month,bank_transfer,west,1,overdue
CUST103656,user3656@example.com,39.0,10.5,114.38,40249.0,11291.0,777.0,2,basic,two-year,mailed_check,north,0,paid
CUST103657,user3657@example.com,65.0,6.0,64.58,22783.0,11598.0,583.0,4,family,two-year,mailed_check,south,0,paid
CUST103658,user3658@example.com,31.0,16.6,91.86,28741.0,9755.0,616.0,4,standard,month-to-month,mailed_check,south,1,unpaid
CUST103659,user3659@example.com,42.0,65.6,91.81,48381.0,20960.0,715.0,1,standard,month-to-month,e_check,north,0,paid
CUST103660,user3660@example.com,42.0,17.4,66.19,65482.0,16188.0,717.0,2,basic,one-year,e_check,east,0,paid
CUST103661,user3661@example.com,47.0,6.6,58.02,55624.0,14155.0,738.0,1,standard,month-to-month,e_check,north,0,overdue
CUST103662,user3662@example.com,37.0,8.4,68.93,49995.0,14503.0,731.0,1,standard,month-to-month,mailed_check,south,0,overdue
CUST103663,user3663@example.com,46.0,12.4,87.82,77360.0,30930.0,527.0,0,premium,one-year,mailed_check,south,0,paid
CUST103664,user3664@example.com,40.0,1.3,45.34,55040.0,18086.0,612.0,2,family,month-to-month,credit_card,west,1,overdue
CUST103665,user3665@example.com,23.0,11.2,39.92,60596.0,29834.0,700.0,2,premium,one-year,credit_card,north,0,paid
CUST103666,user3666@example.com,42.0,14.8,107.11,,9394.0,643.0,1,basic,one-year,e_check,south,1,overdue
CUST103667,user3667@example.com,29.0,73.5,51.63,54839.0,29904.0,679.0,2,basic,month-to-month,e_check,east,1,overdue
CUST103668,user3668@example.com,21.0,60.0,78.85,41083.0,22979.0,,1,standard,month-to-month,e_check,west,1,overdue
CUST103669,user3669@example.com,44.0,20.7,64.94,64619.0,11906.0,615.0,1,basic,month-to-month,e_check,east,0,paid
CUST103670,user3670@example.com,48.0,13.7,66.05,69682.0,7346.0,631.0,3,standard,month-to-month,bank_transfer,north,1,overdue
CUST103671,user3671@example.com,48.0,7.3,105.76,61020.0,22243.0,560.0,1,basic,month-to-month,bank_transfer,south,1,overdue
CUST103672,user3672@example.com,49.0,13.3,67.87,58138.0,4959.0,592.0,2,basic,one-year,mailed_check,south,1,unpaid
CUST103673,user3673@example.com,19.0,2.2,61.08,84645.0,14927.0,,1,basic,month-to-month,credit_card,west,1,overdue
CUST103674,user3674@example.com,26.0,6.4,63.26,82145.0,27039.0,646.0,3,premium,month-to-month,bank_transfer,east,0,paid
CUST103675,user3675@example.com,66.0,20.6,57.41,52658.0,20410.0,695.0,1,standard,one-year,bank_transfer,north,0,paid
CUST103676,user3676@example.com,29.0,93.3,53.25,42130.0,6609.0,627.0,2,basic,month-to-month,bank_transfer,east,0,paid
CUST103677,user3677@example.com,49.0,50.2,57.51,63584.0,35798.0,784.0,4,standard,month-to-month,credit_card,north,1,overdue
CUST103678,user3678@example.com,34.0,48.8,111.58,42015.0,6291.0,748.0,3,basic,two-year,credit_card,west,1,overdue
CUST103679,user3679@example.com,43.0,27.6,87.79,72703.0,9779.0,610.0,2,premium,one-year,bank_transfer,north,1,overdue
CUST103680,user3680@example.com,34.0,97.4,61.37,63481.0,8841.0,666.0,1,basic,month-to-month,mailed_check,north,0,paid
CUST103681,user3681@example.com,49.0,11.0,94.54,108401.0,60839.0,747.0,1,basic,month-to-month,e_check,west,1,overdue
CUST103682,user3682@example.com,44.0,3.3,30.32,84466.0,45048.0,599.0,2,standard,month-to-month,mailed_check,east,0,paid
CUST103683,user3683@example.com,37.0,4.9,104.39,33425.0,2279.0,590.0,3,basic,one-year,mailed_check,south,0,paid
CUST103684,user3684@example.com,29.0,1.0,102.38,44624.0,20065.0,754.0,2,standard,one-year,bank_transfer,north,0,paid
CUST103685,user3685@example.com,45.0,16.0,125.91,16721.0,1512.0,705.0,2,premium,one-year,e_check,west,0,paid
CUST103686,user3686@example.com,27.0,41.2,95.29,12245.0,1119.0,736.0,0,premium,two-year,e_check,east,0,paid
CUST103687,user3687@example.com,47.0,12.8,80.93,57277.0,5259.0,675.0,1,basic,month-to-month,mailed_check,north,1,unpaid
CUST103688,user3688@example.com,74.0,40.5,102.28,31152.0,15772.0,630.0,1,basic,one-year,credit_card,north,1,unpaid
CUST103689,user3689@example.com,58.0,19.9,54.35,87824.0,25038.0,543.0,1,standard,two-year,mailed_check,east,1,overdue
CUST103690,user3690@example.com,51.0,6.6,60.11,78158.0,27853.0,661.0,1,basic,one-year,bank_transfer,east,0,paid
CUST103691,user3691@example.com,41.0,14.7,68.39,49570.0,3319.0,,2,basic,month-to-month,bank_transfer,south,0,paid
CUST103692,user3692@example.com,19.0,1.0,104.22,48434.0,26420.0,750.0,1,basic,one-year,e_check,north,0,paid
CUST103693,user3693@example.com,26.0,5.3,48.6,84707.0,49987.0,736.0,1,basic,two-year,e_check,west,0,overdue
CUST103694,user3694@example.com,57.0,49.2,45.95,89292.0,16014.0,713.0,3,basic,month-to-month,bank_transfer,west,0,paid
CUST103695,user3695@example.com,33.0,39.9,75.91,36348.0,14942.0,827.0,2,standard,one-year,e_check,south,0,paid
CUST103696,user3696@example.com,34.0,58.4,87.94,33776.0,14299.0,526.0,4,premium,month-to-month,bank_transfer,south,1,overdue
CUST103697,user3697@example.com,40.0,28.4,52.42,48978.0,28479.0,668.0,1,standard,month-to-month,credit_card,south,0,paid
CUST103698,user3698@example.com,29.0,5.4,86.76,63624.0,20110.0,575.0,2,basic,one-year,e_check,north,1,overdue
CUST103699,user3699@example.com,27.0,97.8,104.21,44727.0,8089.0,774.0,0,standard,month-to-month,e_check,north,0,paid
CUST103700,user3700@example.com,41.0,3.3,100.01,64044.0,15893.0,606.0,0,basic,two-year,bank_transfer,west,0,paid
CUST103701,user3701@example.com,31.0,12.4,78.83,94006.0,37770.0,731.0,0,basic,month-to-month,mailed_check,south,0,paid
CUST103702,user3702@example.com,33.0,1.7,67.74,26879.0,8329.0,614.0,1,standard,two-year,mailed_check,north,1,overdue
CUST103703,user3703@example.com,33.0,15.9,113.39,46086.0,4317.0,684.0,0,basic,month-to-month,bank_transfer,north,1,overdue
CUST103704,user3704@example.com,48.0,2.8,70.39,27260.0,13468.0,641.0,4,standard,month-to-month,credit_card,south,0,paid
CUST103705,user3705@example.com,39.0,6.9,93.51,38268.0,20104.0,649.0,2,basic,month-to-month,bank_transfer,north,0,paid
CUST103706,user3706@example.com,40.0,37.7,118.96,49106.0,15374.0,677.0,2,basic,month-to-month,e_check,west,1,overdue
CUST103707,user3707@example.com,49.0,8.4,90.88,40456.0,13670.0,724.0,0,standard,one-year,e_check,north,1,overdue
CUST103708,user3708@example.com,40.0,0.5,45.07,65400.0,20952.0,641.0,1,standard,one-year,mailed_check,west,0,paid
CUST103709,user3709@example.com,39.0,29.0,39.02,58019.0,19805.0,721.0,1,premium,two-year,credit_card,east,0,paid
CUST103710,user3710@example.com,48.0,12.6,62.56,60980.0,6491.0,733.0,0,basic,two-year,mailed_check,south,0,paid
CUST103711,user3711@example.com,50.0,6.3,87.74,48866.0,14098.0,617.0,4,family,month-to-month,credit_card,north,0,paid
CUST103712,user3712@example.com,40.0,17.7,81.12,50708.0,15026.0,801.0,0,standard,one-year,e_check,east,0,paid
CUST103713,user3713@example.com,43.0,13.1,125.18,47986.0,28731.0,710.0,1,family,two-year,credit_card,south,1,unpaid
CUST103714,user3714@example.com,33.0,40.7,80.88,50027.0,3840.0,615.0,2,basic,month-to-month,bank_transfer,south,0,paid
CUST103715,user3715@example.com,32.0,24.2,61.81,63380.0,14050.0,699.0,2,family,month-to-month,bank_transfer,east,0,paid
CUST103716,user3716@example.com,51.0,12.0,41.67,16530.0,5336.0,733.0,2,family,month-to-month,bank_transfer,north,1,overdue
CUST103717,user3717@example.com,47.0,3.1,99.51,60759.0,31350.0,697.0,3,basic,two-year,bank_transfer,north,0,paid
CUST103718,user3718@example.com,47.0,6.3,69.85,,11426.0,666.0,1,basic,two-year,credit_card,west,1,overdue
CUST103719,user3719@example.com,45.0,18.4,32.35,48223.0,10129.0,374.0,0,standard,one-year,mailed_check,east,0,paid
CUST103720,user3720@example.com,43.0,36.1,70.56,23769.0,8186.0,573.0,2,basic,month-to-month,e_check,west,1,unpaid
CUST103721,user3721@example.com,50.0,30.4,45.11,47827.0,10205.0,704.0,1,basic,month-to-month,mailed_check,south,0,paid
CUST103722,user3722@example.com,53.0,14.7,59.36,60558.0,21291.0,571.0,1,family,two-year,credit_card,west,1,overdue
CUST103723,user3723@example.com,53.0,41.2,70.15,64142.0,27544.0,691.0,3,premium,month-to-month,bank_transfer,east,1,overdue
CUST103724,user3724@example.com,41.0,8.3,47.37,31273.0,10693.0,721.0,3,premium,month-to-month,bank_transfer,east,1,overdue
CUST103725,user3725@example.com,59.0,2.0,57.81,63177.0,24342.0,641.0,3,premium,month-to-month,mailed_check,east,1,overdue
CUST103726,user3726@example.com,45.0,39.0,51.4,77796.0,5546.0,509.0,3,standard,two-year,bank_transfer,north,1,overdue
CUST103727,user3727@example.com,50.0,34.8,52.07,45126.0,18607.0,591.0,0,premium,one-year,credit_card,east,0,paid
CUST103728,user3728@example.com,45.0,5.3,44.8,55018.0,32093.0,705.0,3,premium,one-year,bank_transfer,north,1,overdue
CUST103729,user3729@example.com,45.0,6.4,57.93,13629.0,4367.0,751.0,2,standard,month-to-month,credit_card,east,1,overdue
CUST103730,user3730@example.com,33.0,66.1,47.63,37059.0,18214.0,483.0,2,basic,month-to-month,e_check,south,0,paid
CUST103731,user3731@example.com,50.0,35.0,84.66,60410.0,21258.0,656.0,2,standard,one-year,e_check,north,1,overdue
CUST103732,user3732@example.com,76.0,8.2,75.02,74109.0,32401.0,533.0,2,premium,month-to-month,mailed_check,north,0,paid
CUST103733,user3733@example.com,38.0,6.3,99.87,43014.0,9483.0,657.0,0,basic,one-year,bank_transfer,west,0,paid
CUST103734,user3734@example.com,43.0,68.9,117.17,108388.0,63057.0,637.0,2,basic,month-to-month,credit_card,south,0,paid
CUST103735,user3735@example.com,37.0,31.8,86.93,61278.0,10315.0,839.0,0,family,month-to-month,e_check,west,0,paid
CUST103736,user3736@example.com,36.0,2.8,81.24,29533.0,4061.0,607.0,4,basic,one-year,bank_transfer,east,0,paid
CUST103737,user3737@example.com,61.0,2.4,88.51,80744.0,6059.0,734.0,2,standard,month-to-month,credit_card,west,0,paid
CUST103738,user3738@example.com,34.0,14.7,81.66,29941.0,10409.0,731.0,1,premium,month-to-month,bank_transfer,east,0,paid
CUST103739,user3739@example.com,36.0,32.5,71.25,61569.0,24036.0,634.0,1,basic,one-year,e_check,north,0,paid
CUST103740,user3740@example.com,23.0,20.6,69.27,36415.0,14830.0,660.0,2,standard,month-to-month,e_check,east,0,paid
CUST103741,user3741@example.com,33.0,12.2,44.46,27851.0,4031.0,650.0,5,standard,month-to-month,bank_transfer,east,1,overdue
CUST103742,user3742@example.com,21.0,43.1,90.97,74243.0,30313.0,590.0,6,basic,month-to-month,e_check,west,1,unpaid
CUST103743,user3743@example.com,50.0,21.2,69.22,49804.0,7013.0,584.0,1,standard,two-year,bank_transfer,west,0,paid
CUST103744,user3744@example.com,76.0,33.7,106.24,89513.0,41646.0,617.0,1,standard,one-year,credit_card,east,1,unpaid
CUST103745,user3745@example.com,38.0,0.9,92.88,34641.0,6976.0,559.0,4,standard,one-year,mailed_check,west,0,paid
CUST103746,user3746@example.com,22.0,33.0,54.35,23807.0,6717.0,610.0,3,basic,two-year,credit_card,west,0,paid
CUST103747,user3747@example.com,53.0,44.5,101.17,45407.0,11441.0,634.0,3,premium,month-to-month,mailed_check,south,1,overdue
CUST103748,user3748@example.com,33.0,61.5,10.0,112810.0,28456.0,663.0,3,premium,month-to-month,credit_card,south,0,paid
CUST103749,user3749@example.com,58.0,13.0,118.26,71678.0,32006.0,685.0,0,premium,two-year,bank_transfer,west,0,paid
CUST103750,user3750@example.com,39.0,40.0,36.54,66078.0,39566.0,634.0,4,standard,two-year,e_check,east,0,paid
CUST103751,user3751@example.com,34.0,4.1,82.38,66739.0,22693.0,588.0,1,premium,two-year,bank_transfer,south,0,paid
CUST103752,user3752@example.com,40.0,37.5,80.69,45303.0,12258.0,684.0,1,premium,month-to-month,credit_card,west,0,paid
CUST103753,user3753@example.com,51.0,2.5,98.09,109587.0,23181.0,713.0,3,family,month-to-month,mailed_check,north,1,overdue
CUST103754,user3754@example.com,39.0,54.4,61.78,64162.0,25245.0,611.0,1,premium,month-to-month,bank_transfer,east,0,paid
CUST103755,user3755@example.com,36.0,39.0,16.36,62286.0,18571.0,571.0,2,basic,month-to-month,e_check,west,0,paid
CUST103756,user3756@example.com,40.0,3.4,61.82,74697.0,35486.0,614.0,1,basic,month-to-month,credit_card,west,0,paid
CUST103757,user3757@example.com,27.0,7.3,64.52,29535.0,11332.0,635.0,3,standard,month-to-month,credit_card,south,1,unpaid
CUST103758,user3758@example.com,47.0,1.4,18.77,37413.0,10347.0,742.0,1,premium,month-to-month,e_check,west,0,paid
CUST103759,user3759@example.com,21.0,29.7,71.13,50090.0,28759.0,706.0,3,premium,month-to-month,bank_transfer,south,1,overdue
CUST103760,user3760@example.com,37.0,55.5,43.1,74827.0,4205.0,650.0,1,basic,month-to-month,mailed_check,north,0,paid
CUST103761,user3761@example.com,51.0,25.9,86.23,29039.0,12464.0,802.0,4,standard,month-to-month,bank_transfer,west,0,paid
CUST103762,user3762@example.com,46.0,8.0,63.85,53653.0,14805.0,647.0,1,standard,month-to-month,mailed_check,west,0,paid
CUST103763,user3763@example.com,49.0,15.0,119.03,50823.0,5941.0,763.0,3,standard,month-to-month,bank_transfer,east,1,overdue
CUST103764,user3764@example.com,41.0,71.1,63.6,23512.0,2374.0,748.0,2,standard,one-year,e_check,west,0,paid
CUST103765,user3765@example.com,56.0,49.3,80.76,44821.0,18248.0,742.0,1,premium,two-year,credit_card,south,1,overdue
CUST103766,user3766@example.com,53.0,38.4,64.67,65845.0,8644.0,676.0,5,premium,one-year,bank_transfer,north,0,paid
CUST103767,user3767@example.com,47.0,38.4,29.42,,13195.0,659.0,1,standard,month-to-month,e_check,west,0,paid
CUST103768,user3768@example.com,53.0,120.0,64.88,83227.0,18394.0,650.0,2,basic,month-to-month,bank_transfer,south,0,overdue
CUST103769,user3769@example.com,51.0,8.4,88.84,64361.0,15390.0,718.0,0,standard,two-year,e_check,north,1,overdue
CUST103770,user3770@example.com,37.0,40.6,85.05,61920.0,25577.0,587.0,2,basic,month-to-month,e_check,south,0,overdue
CUST103771,user3771@example.com,26.0,3.7,62.67,55164.0,9438.0,629.0,0,standard,one-year,mailed_check,east,0,paid
CUST103772,user3772@example.com,47.0,11.4,33.58,33154.0,1786.0,783.0,1,basic,one-year,e_check,east,0,overdue
CUST103773,user3773@example.com,49.0,14.3,86.11,42006.0,12400.0,700.0,0,basic,month-to-month,e_check,south,0,paid
CUST103774,user3774@example.com,55.0,4.6,80.49,62237.0,21181.0,726.0,2,standard,month-to-month,credit_card,south,0,paid
CUST103775,user3775@example.com,31.0,20.2,91.09,41967.0,12390.0,552.0,0,standard,one-year,credit_card,east,0,paid
CUST103776,user3776@example.com,31.0,27.9,63.15,58775.0,17744.0,615.0,0,family,month-to-month,e_check,west,0,paid
CUST103777,user3777@example.com,48.0,32.2,27.89,37022.0,15407.0,677.0,1,standard,month-to-month,credit_card,south,0,paid
CUST103778,user3778@example.com,41.0,42.0,83.34,64029.0,32983.0,647.0,1,standard,month-to-month,e_check,south,1,overdue
CUST103779,user3779@example.com,19.0,17.7,69.77,65522.0,16448.0,552.0,1,premium,month-to-month,e_check,east,1,overdue
CUST103780,user3780@example.com,47.0,19.9,104.79,22446.0,10876.0,711.0,1,basic,month-to-month,bank_transfer,north,1,overdue
CUST103781,user3781@example.com,20.0,6.2,70.72,56346.0,4760.0,736.0,1,basic,one-year,bank_transfer,east,0,paid
CUST103782,user3782@example.com,31.0,65.1,68.86,24567.0,7717.0,627.0,0,basic,month-to-month,bank_transfer,north,1,overdue
CUST103783,user3783@example.com,58.0,10.7,80.43,17779.0,4567.0,714.0,4,standard,month-to-month,e_check,east,1,unpaid
CUST103784,user3784@example.com,64.0,2.0,55.08,43122.0,13207.0,812.0,2,standard,month-to-month,credit_card,west,0,paid
CUST103785,user3785@example.com,27.0,14.3,53.87,110938.0,11129.0,772.0,0,premium,month-to-month,credit_card,east,0,paid
CUST103786,user3786@example.com,38.0,21.3,67.55,70508.0,8909.0,631.0,0,standard,month-to-month,bank_transfer,east,1,unpaid
CUST103787,user3787@example.com,43.0,69.7,46.99,82842.0,17514.0,562.0,2,basic,month-to-month,bank_transfer,east,1,overdue
CUST103788,user3788@example.com,63.0,5.6,64.27,67168.0,13463.0,668.0,3,premium,month-to-month,bank_transfer,east,0,paid
CUST103789,user3789@example.com,36.0,23.4,118.49,59109.0,15475.0,838.0,1,basic,month-to-month,credit_card,west,0,paid
CUST103790,user3790@example.com,36.0,14.5,96.07,72908.0,21981.0,757.0,1,premium,month-to-month,bank_transfer,north,0,paid
CUST103791,user3791@example.com,61.0,2.8,77.7,42209.0,7245.0,650.0,1,standard,one-year,e_check,south,1,overdue
CUST103792,user3792@example.com,38.0,16.4,108.79,64410.0,25157.0,775.0,2,standard,month-to-month,credit_card,east,0,paid
CUST103793,user3793@example.com,51.0,1.4,49.38,78542.0,20162.0,743.0,1,premium,month-to-month,credit_card,west,1,overdue
CUST103794,user3794@example.com,24.0,32.4,132.26,68988.0,5731.0,498.0,0,basic,month-to-month,mailed_check,south,1,overdue
CUST103795,user3795@example.com,40.0,2.4,58.49,79856.0,14696.0,735.0,0,standard,month-to-month,bank_transfer,north,0,paid
CUST103796,user3796@example.com,22.0,16.0,120.1,58652.0,21002.0,660.0,1,family,month-to-month,bank_transfer,south,1,overdue
CUST103797,user3797@example.com,29.0,13.3,119.99,88842.0,34096.0,581.0,3,basic,month-to-month,mailed_check,west,1,overdue
CUST103798,user3798@example.com,52.0,76.6,26.17,50835.0,24900.0,657.0,2,premium,month-to-month,e_check,east,0,paid
CUST103799,user3799@example.com,41.0,15.8,106.68,97354.0,18012.0,683.0,1,standard,two-year,e_check,west,0,paid
CUST103800,user3800@example.com,38.0,7.8,62.9,66472.0,23878.0,586.0,0,family,month-to-month,bank_transfer,east,1,overdue
CUST103801,user3801@example.com,33.0,27.3,55.8,47321.0,14757.0,640.0,1,basic,two-year,bank_transfer,north,0,paid
CUST103802,user3802@example.com,39.0,2.9,83.12,31417.0,16233.0,624.0,1,premium,month-to-month,e_check,east,1,overdue
CUST103803,user3803@example.com,46.0,12.6,44.8,38840.0,17536.0,714.0,2,standard,one-year,e_check,west,0,paid
CUST103804,user3804@example.com,54.0,8.3,82.55,35813.0,4390.0,626.0,0,basic,month-to-month,credit_card,west,0,paid
CUST103805,user3805@example.com,18.0,120.0,46.48,53226.0,30729.0,514.0,3,standard,month-to-month,credit_card,east,0,paid
CUST103806,user3806@example.com,32.0,5.2,74.43,29521.0,7243.0,614.0,1,family,two-year,credit_card,south,0,paid
CUST103807,user3807@example.com,44.0,73.3,575.8298387126724,80855.0,46494.0,574.0,2,standard,two-year,mailed_check,south,0,paid
CUST103808,user3808@example.com,41.0,3.8,79.66,57214.0,11836.0,546.0,1,basic,one-year,e_check,east,0,paid
CUST103809,user3809@example.com,47.0,11.9,61.01,56403.0,17367.0,744.0,0,basic,one-year,bank_transfer,north,0,paid
CUST103810,user3810@example.com,45.0,4.8,83.54,31692.0,11180.0,714.0,1,basic,month-to-month,mailed_check,west,1,unpaid
CUST103811,user3811@example.com,38.0,30.6,34.84,39619.0,3367.0,573.0,2,basic,month-to-month,credit_card,east,1,overdue
CUST103812,user3812@example.com,36.0,41.5,49.03,12000.0,5323.0,548.0,0,standard,month-to-month,e_check,south,0,paid
CUST103813,user3813@example.com,39.0,6.5,59.24,87356.0,9399.0,642.0,0,standard,one-year,bank_transfer,east,0,paid
CUST103814,user3814@example.com,56.0,25.6,89.67,26646.0,3738.0,544.0,3,premium,month-to-month,e_check,north,1,overdue
CUST103815,user3815@example.com,33.0,28.8,80.14,28162.0,5904.0,631.0,3,premium,two-year,credit_card,west,1,overdue
CUST103816,user3816@example.com,41.0,13.7,83.38,83263.0,48160.0,656.0,1,standard,one-year,bank_transfer,west,0,paid
CUST103817,user3817@example.com,44.0,23.3,69.32,62751.0,36723.0,674.0,3,basic,month-to-month,mailed_check,south,1,overdue
CUST103818,user3818@example.com,61.0,15.3,50.3,57415.0,18322.0,677.0,0,standard,month-to-month,credit_card,east,0,paid
CUST103819,user3819@example.com,38.0,54.5,107.2,61805.0,21219.0,588.0,2,standard,month-to-month,credit_card,east,1,overdue
CUST103820,user3820@example.com,54.0,8.0,52.56,74078.0,12335.0,656.0,1,basic,month-to-month,bank_transfer,north,0,paid
CUST103821,user3821@example.com,57.0,3.9,80.48,56998.0,15955.0,752.0,0,premium,two-year,bank_transfer,south,0,paid
CUST103822,user3822@example.com,41.0,28.7,67.2,24129.0,14271.0,482.0,3,standard,two-year,e_check,west,1,overdue
CUST103823,user3823@example.com,39.0,17.1,84.07,69664.0,33782.0,676.0,1,family,one-year,e_check,north,0,paid
CUST103824,user3824@example.com,38.0,32.1,54.86,63447.0,27509.0,556.0,3,standard,month-to-month,e_check,east,0,paid
CUST103825,user3825@example.com,39.0,4.3,96.32,78431.0,15932.0,762.0,0,standard,two-year,credit_card,south,0,paid
CUST103826,user3826@example.com,52.0,17.4,104.46,30018.0,14099.0,715.0,0,standard,two-year,bank_transfer,south,0,paid
CUST103827,user3827@example.com,45.0,0.7,94.78,40413.0,23504.0,713.0,3,basic,one-year,e_check,west,0,paid
CUST103828,user3828@example.com,45.0,12.1,73.94,62842.0,37289.0,582.0,0,basic,month-to-month,mailed_check,south,1,overdue
CUST103829,user3829@example.com,28.0,12.8,59.12,36110.0,13718.0,671.0,1,basic,month-to-month,bank_transfer,north,0,paid
CUST103830,user3830@example.com,30.0,15.1,140.55,12000.0,1661.0,680.0,1,standard,month-to-month,mailed_check,east,1,overdue
CUST103831,user3831@example.com,68.0,28.3,45.21,58947.0,34203.0,460.0,2,basic,month-to-month,e_check,east,1,unpaid
CUST103832,user3832@example.com,40.0,0.1,92.03,72900.0,25352.0,662.0,2,standard,one-year,bank_transfer,west,0,paid
CUST103833,user3833@example.com,33.0,102.0,78.32,,3726.0,699.0,2,standard,one-year,mailed_check,south,1,overdue
CUST103834,user3834@example.com,59.0,19.5,68.44,65963.0,6255.0,537.0,5,standard,two-year,credit_card,south,1,overdue
CUST103835,user3835@example.com,45.0,63.6,74.63,63067.0,23177.0,698.0,2,standard,month-to-month,credit_card,north,0,overdue
CUST103836,user3836@example.com,49.0,9.5,57.24,55210.0,28125.0,658.0,1,family,month-to-month,e_check,south,1,overdue
CUST103837,user3837@example.com,40.0,5.1,80.68,57719.0,32775.0,761.0,1,standard,month-to-month,bank_transfer,east,0,paid
CUST103838,user3838@example.com,38.0,5.1,77.92,81983.0,46684.0,617.0,2,premium,month-to-month,bank_transfer,east,1,unpaid
CUST103839,user3839@example.com,40.0,34.5,136.94,35715.0,13152.0,664.0,0,premium,month-to-month,e_check,south,0,overdue
CUST103840,user3840@example.com,25.0,4.3,96.77,70461.0,41556.0,677.0,1,standard,one-year,e_check,west,0,paid
CUST103841,user3841@example.com,41.0,35.3,82.9,31382.0,4151.0,425.0,0,basic,one-year,mailed_check,west,1,overdue
CUST103842,user3842@example.com,46.0,0.8,84.39,39104.0,3991.0,622.0,0,basic,two-year,bank_transfer,east,0,paid
CUST103843,user3843@example.com,64.0,27.9,115.99,78918.0,5260.0,657.0,2,basic,month-to-month,mailed_check,east,1,overdue
CUST103844,user3844@example.com,43.0,2.5,45.74,30803.0,14655.0,461.0,0,basic,one-year,mailed_check,east,0,paid
CUST103845,user3845@example.com,18.0,27.3,65.43,50168.0,27800.0,704.0,2,premium,one-year,mailed_check,south,0,paid
CUST103846,user3846@example.com,41.0,2.0,22.32,102227.0,52331.0,657.0,0,basic,month-to-month,e_check,north,1,unpaid
CUST103847,user3847@example.com,75.0,2.5,83.97,75511.0,42800.0,656.0,0,premium,one-year,mailed_check,west,0,paid
CUST103848,user3848@example.com,52.0,35.4,91.2,40257.0,14148.0,708.0,4,standard,month-to-month,credit_card,west,1,overdue
CUST103849,user3849@example.com,32.0,42.3,45.11,,20517.0,617.0,2,standard,month-to-month,credit_card,south,1,overdue
CUST103850,user3850@example.com,49.0,19.9,105.88,51598.0,12135.0,653.0,3,basic,month-to-month,credit_card,north,0,paid
CUST103851,user3851@example.com,33.0,15.5,52.03,81239.0,38314.0,,1,premium,one-year,mailed_check,west,0,paid
CUST103852,user3852@example.com,26.0,18.3,61.44,34967.0,16231.0,654.0,2,basic,one-year,mailed_check,west,1,overdue
CUST103853,user3853@example.com,38.0,26.8,72.99,33757.0,9775.0,502.0,1,standard,one-year,credit_card,west,0,paid
CUST103854,user3854@example.com,43.0,9.3,109.85,69267.0,5131.0,654.0,1,basic,month-to-month,credit_card,east,1,overdue
CUST103855,user3855@example.com,20.0,8.4,48.55,21377.0,4199.0,655.0,1,premium,month-to-month,e_check,east,1,overdue
CUST103856,user3856@example.com,28.0,55.1,77.28,36778.0,19745.0,722.0,1,standard,one-year,bank_transfer,north,0,paid
CUST103857,user3857@example.com,42.0,29.8,89.37,53298.0,19880.0,623.0,1,standard,month-to-month,e_check,south,0,paid
CUST103858,user3858@example.com,37.0,10.2,84.21,54324.0,14820.0,572.0,2,basic,one-year,mailed_check,south,0,paid
CUST103859,user3859@example.com,47.0,4.1,85.14,27708.0,15823.0,572.0,1,standard,month-to-month,e_check,north,0,paid
CUST103860,user3860@example.com,27.0,29.2,89.04,62075.0,15614.0,765.0,5,basic,one-year,mailed_check,north,0,paid
CUST103861,user3861@example.com,51.0,45.8,56.13,66075.0,15227.0,673.0,3,standard,two-year,credit_card,west,0,paid
CUST103862,user3862@example.com,28.0,30.2,112.19,41750.0,19780.0,761.0,1,basic,one-year,credit_card,north,0,paid
CUST103863,user3863@example.com,62.0,30.5,67.22,88215.0,21650.0,773.0,2,premium,month-to-month,mailed_check,east,0,paid
CUST103864,user3864@example.com,21.0,19.3,63.9,61792.0,18255.0,591.0,0,basic,month-to-month,credit_card,west,1,overdue
CUST103865,user3865@example.com,29.0,0.7,103.69,34903.0,15614.0,584.0,5,standard,month-to-month,credit_card,east,1,overdue
CUST103866,user3866@example.com,47.0,1.5,54.24,87416.0,25050.0,640.0,2,basic,two-year,e_check,north,0,paid
CUST103867,user3867@example.com,62.0,2.9,78.01,44534.0,10121.0,699.0,1,premium,two-year,mailed_check,east,1,overdue
CUST103868,user3868@example.com,46.0,6.9,51.93,58577.0,3425.0,538.0,0,basic,month-to-month,mailed_check,north,0,paid
CUST103869,user3869@example.com,49.0,34.9,132.98,45264.0,23687.0,686.0,1,family,month-to-month,e_check,west,1,overdue
CUST103870,user3870@example.com,42.0,3.0,127.72,67483.0,22923.0,682.0,4,basic,month-to-month,e_check,south,0,paid
CUST103871,user3871@example.com,30.0,1.8,67.24,45369.0,23512.0,560.0,1,standard,month-to-month,bank_transfer,south,1,unpaid
CUST103872,user3872@example.com,36.0,6.4,83.0,46583.0,18159.0,563.0,3,family,one-year,bank_transfer,east,0,paid
CUST103873,user3873@example.com,27.0,5.2,70.13,51800.0,8307.0,686.0,1,premium,two-year,credit_card,east,1,overdue
CUST103874,user3874@example.com,27.0,18.6,61.29,44961.0,11228.0,816.0,1,basic,month-to-month,e_check,west,0,paid
CUST103875,user3875@example.com,47.0,1.2,72.99,76436.0,21363.0,626.0,1,family,two-year,mailed_check,west,0,paid
CUST103876,user3876@example.com,29.0,12.2,68.98,29844.0,13634.0,676.0,0,basic,two-year,bank_transfer,south,0,paid
CUST103877,user3877@example.com,46.0,55.0,31.98,54257.0,19071.0,602.0,4,standard,one-year,e_check,west,0,paid
CUST103878,user3878@example.com,26.0,26.0,76.58,56789.0,22720.0,669.0,2,premium,one-year,bank_transfer,north,0,paid
CUST103879,user3879@example.com,46.0,78.3,68.94,52507.0,24374.0,600.0,4,standard,month-to-month,e_check,east,1,overdue
CUST103880,user3880@example.com,36.0,31.3,77.81,74366.0,14920.0,629.0,0,premium,one-year,bank_transfer,west,0,paid
CUST103881,user3881@example.com,59.0,7.9,68.06,24921.0,13335.0,846.0,2,standard,month-to-month,e_check,east,0,paid
CUST103882,user3882@example.com,46.0,36.1,60.99,66358.0,19861.0,659.0,3,premium,one-year,credit_card,north,0,paid
CUST103883,user3883@example.com,57.0,39.1,91.87,30101.0,12450.0,525.0,0,basic,two-year,mailed_check,south,0,paid
CUST103884,user3884@example.com,33.0,25.4,83.33,44824.0,7621.0,701.0,1,premium,month-to-month,credit_card,west,0,paid
CUST103885,user3885@example.com,43.0,36.1,104.9,28046.0,5002.0,740.0,0,standard,month-to-month,bank_transfer,north,0,paid
CUST103886,user3886@example.com,30.0,68.3,82.37,48358.0,21966.0,704.0,3,standard,month-to-month,bank_transfer,north,0,paid
CUST103887,user3887@example.com,37.0,16.8,65.06,43436.0,10543.0,636.0,0,basic,month-to-month,mailed_check,east,0,paid
CUST103888,user3888@example.com,39.0,2.7,85.42,87765.0,46672.0,577.0,2,basic,month-to-month,e_check,west,0,paid
CUST103889,user3889@example.com,33.0,12.1,20.48,59827.0,24865.0,,0,basic,one-year,credit_card,east,0,paid
CUST103890,user3890@example.com,27.0,2.9,122.59,63796.0,26538.0,635.0,3,standard,two-year,mailed_check,south,0,paid
CUST103891,user3891@example.com,25.0,99.5,76.86,32850.0,8513.0,621.0,3,standard,month-to-month,mailed_check,south,0,paid
CUST103892,user3892@example.com,18.0,2.8,124.61,69802.0,38144.0,605.0,2,premium,one-year,mailed_check,south,0,paid
CUST103893,user3893@example.com,29.0,6.5,48.27,87765.0,49986.0,747.0,1,basic,one-year,e_check,west,1,overdue
CUST103894,user3894@example.com,50.0,23.4,42.06,72398.0,13891.0,724.0,1,family,month-to-month,bank_transfer,east,0,paid
CUST103895,user3895@example.com,23.0,34.6,79.15,28760.0,9577.0,751.0,1,basic,month-to-month,mailed_check,north,1,unpaid
CUST103896,user3896@example.com,26.0,36.9,79.06,45717.0,25090.0,587.0,3,standard,two-year,mailed_check,north,1,overdue
CUST103897,user3897@example.com,63.0,22.2,78.46,57170.0,6043.0,576.0,5,premium,month-to-month,mailed_check,east,1,unpaid
CUST103898,user3898@example.com,34.0,4.4,74.65,43457.0,9285.0,656.0,0,standard,two-year,mailed_check,south,0,paid
CUST103899,user3899@example.com,46.0,13.9,54.3,105660.0,60747.0,683.0,1,standard,two-year,mailed_check,east,0,paid
CUST103900,user3900@example.com,50.0,58.2,32.87,,14365.0,656.0,1,basic,two-year,credit_card,east,0,paid
CUST103901,user3901@example.com,50.0,17.4,77.08,54133.0,31037.0,678.0,1,standard,month-to-month,e_check,west,0,paid
CUST103902,user3902@example.com,24.0,0.3,37.94,42995.0,11140.0,777.0,1,family,month-to-month,mailed_check,west,0,paid
CUST103903,user3903@example.com,39.0,18.5,35.57,59634.0,20283.0,633.0,3,standard,month-to-month,e_check,south,1,unpaid
CUST103904,user3904@example.com,23.0,0.7,60.48,82647.0,24775.0,715.0,0,premium,month-to-month,mailed_check,west,1,overdue
CUST103905,user3905@example.com,71.0,20.9,80.77,57297.0,17273.0,691.0,1,premium,two-year,bank_transfer,north,0,overdue
CUST103906,user3906@example.com,23.0,101.6,119.69,50620.0,28081.0,658.0,1,premium,one-year,mailed_check,east,1,overdue
CUST103907,user3907@example.com,29.0,17.0,94.48,33522.0,14483.0,711.0,0,basic,month-to-month,bank_transfer,south,1,unpaid
CUST103908,user3908@example.com,30.0,22.4,105.83,79177.0,45143.0,589.0,3,standard,month-to-month,e_check,south,1,overdue
CUST103909,user3909@example.com,24.0,33.1,86.34,52126.0,12054.0,572.0,2,basic,month-to-month,e_check,east,1,unpaid
CUST103910,user3910@example.com,58.0,7.8,79.17,51266.0,30587.0,685.0,1,standard,month-to-month,mailed_check,south,1,overdue
CUST103911,user3911@example.com,71.0,2.6,132.64,12000.0,5271.0,519.0,0,premium,month-to-month,credit_card,south,1,overdue
CUST103912,user3912@example.com,36.0,24.7,36.93,52456.0,6411.0,,2,basic,month-to-month,mailed_check,north,1,overdue
CUST103913,user3913@example.com,26.0,9.9,59.67,46978.0,13018.0,560.0,2,family,month-to-month,bank_transfer,east,0,paid
CUST103914,user3914@example.com,18.0,21.2,61.62,18480.0,3451.0,771.0,1,standard,month-to-month,e_check,west,1,overdue
CUST103915,user3915@example.com,39.0,9.9,92.34,74792.0,13425.0,618.0,2,standard,month-to-month,bank_transfer,north,1,overdue
CUST103916,user3916@example.com,38.0,58.3,45.53,44295.0,24861.0,766.0,2,premium,month-to-month,credit_card,east,0,paid
CUST103917,user3917@example.com,34.0,19.8,89.09,92911.0,53700.0,633.0,3,premium,month-to-month,mailed_check,west,1,overdue
CUST103918,user3918@example.com,45.0,22.6,84.49,83289.0,4813.0,630.0,1,family,month-to-month,credit_card,east,1,overdue
CUST103919,user3919@example.com,47.0,3.1,90.33,40602.0,5113.0,719.0,1,standard,month-to-month,credit_card,north,0,paid
CUST103920,user3920@example.com,46.0,13.7,89.88,82386.0,16709.0,673.0,1,standard,one-year,bank_transfer,south,0,paid
CUST103921,user3921@example.com,38.0,26.9,108.46,87211.0,45023.0,645.0,1,basic,month-to-month,credit_card,south,0,paid
CUST103922,user3922@example.com,29.0,16.0,68.77,43819.0,16919.0,618.0,1,premium,month-to-month,e_check,north,1,unpaid
CUST103923,user3923@example.com,50.0,7.5,83.25,34347.0,12399.0,618.0,1,standard,month-to-month,mailed_check,south,1,overdue
CUST103924,user3924@example.com,42.0,31.2,51.59,12000.0,4549.0,839.0,1,basic,month-to-month,bank_transfer,east,0,paid
CUST103925,user3925@example.com,53.0,70.4,45.88,62609.0,35864.0,516.0,1,family,two-year,e_check,north,1,overdue
CUST103926,user3926@example.com,51.0,4.7,114.12,35533.0,7167.0,554.0,1,standard,two-year,bank_transfer,west,0,paid
CUST103927,user3927@example.com,25.0,32.6,49.7,63210.0,7448.0,744.0,5,premium,month-to-month,bank_transfer,west,0,paid
CUST103928,user3928@example.com,25.0,0.4,86.03,43643.0,16772.0,738.0,0,standard,month-to-month,credit_card,north,1,overdue
CUST103929,user3929@example.com,33.0,1.6,83.28,39405.0,22969.0,576.0,3,basic,one-year,credit_card,east,1,overdue
CUST103930,user3930@example.com,29.0,35.8,99.37,43770.0,19281.0,510.0,1,standard,month-to-month,credit_card,east,1,unpaid
CUST103931,user3931@example.com,51.0,1.1,28.54,29004.0,15681.0,752.0,1,standard,one-year,e_check,east,0,paid
CUST103932,user3932@example.com,46.0,1.2,92.28,43761.0,23758.0,566.0,0,family,one-year,bank_transfer,east,0,overdue
CUST103933,user3933@example.com,55.0,9.6,68.55,40268.0,6869.0,611.0,2,basic,one-year,e_check,north,1,overdue
CUST103934,user3934@example.com,47.0,32.5,55.0,54717.0,23368.0,658.0,1,standard,month-to-month,bank_transfer,north,0,paid
CUST103935,user3935@example.com,45.0,0.1,63.73,57085.0,29925.0,564.0,1,standard,month-to-month,credit_card,south,1,overdue
CUST103936,user3936@example.com,56.0,34.8,95.92,33576.0,3550.0,724.0,1,standard,month-to-month,bank_transfer,west,0,paid
CUST103937,user3937@example.com,48.0,77.0,88.28,77016.0,31447.0,652.0,2,basic,one-year,e_check,north,0,paid
CUST103938,user3938@example.com,43.0,12.3,66.8,51809.0,10341.0,579.0,1,standard,two-year,credit_card,east,0,paid
CUST103939,user3939@example.com,60.0,29.1,41.52,85049.0,42688.0,586.0,4,basic,month-to-month,mailed_check,north,1,overdue
CUST103940,user3940@example.com,43.0,71.3,43.29,59822.0,10335.0,754.0,0,standard,month-to-month,mailed_check,north,1,overdue
CUST103941,user3941@example.com,38.0,1.8,88.83,56382.0,14399.0,628.0,4,standard,one-year,e_check,south,1,overdue
CUST103942,user3942@example.com,32.0,34.2,38.06,45180.0,19076.0,699.0,1,basic,month-to-month,mailed_check,south,1,overdue
CUST103943,user3943@example.com,50.0,3.7,67.05,67297.0,23938.0,649.0,2,family,month-to-month,credit_card,south,0,paid
CUST103944,user3944@example.com,57.0,23.4,137.03,55671.0,6457.0,,1,premium,month-to-month,mailed_check,north,1,unpaid
CUST103945,user3945@example.com,41.0,16.2,81.49,72169.0,12551.0,710.0,1,family,one-year,mailed_check,east,0,paid
CUST103946,user3946@example.com,58.0,4.1,88.56,87093.0,46788.0,736.0,1,premium,month-to-month,mailed_check,north,1,unpaid
CUST103947,user3947@example.com,18.0,4.2,43.47,40463.0,24028.0,797.0,0,standard,one-year,credit_card,south,0,paid
CUST103948,user3948@example.com,41.0,48.1,39.32,67269.0,29039.0,498.0,2,standard,one-year,e_check,east,1,overdue
CUST103949,user3949@example.com,42.0,7.0,89.9,66702.0,3693.0,397.0,3,basic,month-to-month,credit_card,west,1,overdue
CUST103950,user3950@example.com,33.0,28.1,62.94,64162.0,29442.0,701.0,1,basic,two-year,e_check,east,0,paid
CUST103951,user3951@example.com,71.0,2.5,99.34,46336.0,18699.0,602.0,0,standard,one-year,e_check,south,1,overdue
CUST103952,user3952@example.com,41.0,40.4,73.58,46741.0,12924.0,536.0,1,basic,month-to-month,bank_transfer,west,0,overdue
CUST103953,user3953@example.com,37.0,11.6,158.91,43322.0,7600.0,659.0,0,premium,month-to-month,mailed_check,south,1,overdue
CUST103954,user3954@example.com,42.0,30.1,58.19,42926.0,6058.0,614.0,2,basic,month-to-month,credit_card,north,1,overdue
CUST103955,user3955@example.com,18.0,11.7,79.73,38198.0,3665.0,548.0,0,basic,one-year,bank_transfer,south,0,paid
CUST103956,user3956@example.com,33.0,3.2,50.15,52910.0,21249.0,643.0,1,standard,one-year,e_check,north,0,paid
CUST103957,user3957@example.com,54.0,57.5,98.3,39844.0,9383.0,695.0,1,standard,month-to-month,e_check,east,0,paid
CUST103958,user3958@example.com,34.0,0.5,83.51,63713.0,21338.0,664.0,0,basic,one-year,mailed_check,north,0,paid
CUST103959,user3959@example.com,32.0,54.2,48.47,,19024.0,665.0,1,basic,one-year,e_check,west,0,paid
CUST103960,user3960@example.com,58.0,20.1,64.57,58382.0,22420.0,685.0,1,standard,month-to-month,e_check,north,0,paid
CUST103961,user3961@example.com,58.0,15.6,106.8,49530.0,18673.0,515.0,1,premium,month-to-month,e_check,west,1,overdue
CUST103962,user3962@example.com,48.0,51.6,103.79,56378.0,18914.0,646.0,1,basic,two-year,mailed_check,west,1,unpaid
CUST103963,user3963@example.com,37.0,25.1,37.14,50054.0,6773.0,669.0,0,premium,month-to-month,credit_card,north,0,paid
CUST103964,user3964@example.com,39.0,101.1,60.85,70591.0,4579.0,620.0,3,standard,two-year,e_check,south,0,overdue
CUST103965,user3965@example.com,32.0,53.1,118.03,,16933.0,584.0,3,premium,two-year,credit_card,north,0,overdue
CUST103966,user3966@example.com,30.0,32.8,68.32,62510.0,17676.0,590.0,3,basic,one-year,bank_transfer,west,0,paid
CUST103967,user3967@example.com,29.0,20.6,77.09,28873.0,7956.0,627.0,2,family,one-year,e_check,west,1,overdue
CUST103968,user3968@example.com,35.0,53.2,98.17,69241.0,19840.0,,2,standard,month-to-month,e_check,east,0,paid
CUST103969,user3969@example.com,30.0,11.0,39.2,43815.0,4927.0,772.0,1,basic,month-to-month,mailed_check,south,0,paid
CUST103970,user3970@example.com,23.0,2.0,49.01,36755.0,5462.0,756.0,1,premium,month-to-month,e_check,east,0,paid
CUST103971,user3971@example.com,45.0,2.5,64.41,32224.0,13347.0,525.0,3,standard,one-year,mailed_check,east,1,unpaid
CUST103972,user3972@example.com,45.0,45.9,102.62,30642.0,10191.0,575.0,0,basic,two-year,mailed_check,south,0,paid
CUST103973,user3973@example.com,62.0,15.3,97.99,45371.0,17482.0,703.0,1,premium,month-to-month,mailed_check,west,1,unpaid
CUST103974,user3974@example.com,34.0,24.0,90.49,84973.0,10293.0,754.0,5,premium,month-to-month,mailed_check,west,1,unpaid
CUST103975,user3975@example.com,46.0,4.6,69.02,42134.0,20973.0,573.0,1,basic,month-to-month,mailed_check,north,1,overdue
CUST103976,user3976@example.com,46.0,11.4,100.74,12000.0,3059.0,665.0,2,standard,one-year,credit_card,west,1,overdue
CUST103977,user3977@example.com,39.0,75.7,68.68,62309.0,24126.0,559.0,2,standard,one-year,credit_card,north,0,paid
CUST103978,user3978@example.com,51.0,17.8,86.95,32715.0,10014.0,672.0,1,basic,two-year,bank_transfer,west,0,paid
CUST103979,user3979@example.com,51.0,9.1,95.3,71296.0,21929.0,599.0,2,standard,month-to-month,credit_card,west,1,overdue
CUST103980,user3980@example.com,46.0,1.7,114.92,46578.0,22275.0,,4,basic,one-year,mailed_check,south,1,unpaid
CUST103981,user3981@example.com,39.0,8.3,71.09,49520.0,5481.0,553.0,2,basic,month-to-month,credit_card,east,1,unpaid
CUST103982,user3982@example.com,38.0,22.4,63.43,78946.0,7195.0,519.0,2,basic,two-year,credit_card,south,0,paid
CUST103983,user3983@example.com,26.0,18.5,104.88,67355.0,7111.0,850.0,1,basic,one-year,e_check,south,0,paid
CUST103984,user3984@example.com,32.0,14.8,106.8,30072.0,17966.0,656.0,2,premium,month-to-month,bank_transfer,south,1,unpaid
CUST103985,user3985@example.com,35.0,49.1,58.92,33015.0,18486.0,821.0,1,standard,month-to-month,e_check,west,1,unpaid
CUST103986,user3986@example.com,29.0,15.2,44.87,19329.0,8414.0,771.0,1,basic,one-year,credit_card,west,1,overdue
CUST103987,user3987@example.com,47.0,4.6,102.98,107064.0,31707.0,519.0,2,basic,one-year,mailed_check,east,0,paid
CUST103988,user3988@example.com,56.0,8.6,31.46,37746.0,3653.0,679.0,1,standard,month-to-month,e_check,south,1,overdue
CUST103989,user3989@example.com,31.0,37.3,30.18,78396.0,39315.0,546.0,4,standard,month-to-month,credit_card,north,1,unpaid
CUST103990,user3990@example.com,45.0,1.7,65.79,44355.0,6839.0,626.0,2,standard,month-to-month,mailed_check,north,1,overdue
CUST103991,user3991@example.com,30.0,57.2,72.56,33403.0,6683.0,499.0,4,basic,month-to-month,credit_card,north,1,overdue
CUST103992,user3992@example.com,38.0,15.0,43.5,55431.0,28405.0,524.0,2,premium,month-to-month,credit_card,south,1,overdue
CUST103993,user3993@example.com,34.0,31.4,75.55,48467.0,9283.0,582.0,0,family,month-to-month,credit_card,west,0,paid
CUST103994,user3994@example.com,49.0,120.0,76.66,71037.0,36550.0,606.0,0,premium,month-to-month,credit_card,east,0,paid
CUST103995,user3995@example.com,34.0,22.5,57.99,71288.0,34380.0,653.0,2,premium,month-to-month,credit_card,west,0,paid
CUST103996,user3996@example.com,54.0,13.1,120.84,43197.0,22053.0,567.0,1,basic,month-to-month,bank_transfer,south,0,paid
CUST103997,user3997@example.com,39.0,0.9,80.74,26201.0,11027.0,662.0,2,standard,month-to-month,bank_transfer,north,1,overdue
CUST103998,user3998@example.com,34.0,13.9,98.21,31057.0,7568.0,741.0,1,basic,month-to-month,mailed_check,south,0,paid
CUST103999,user3999@example.com,27.0,17.7,33.59,12000.0,4911.0,672.0,0,premium,one-year,bank_transfer,north,0,paid
CUST104000,user4000@example.com,45.0,9.9,33.38,49511.0,25053.0,645.0,2,premium,two-year,mailed_check,west,0,overdue
CUST104001,user4001@example.com,53.0,24.1,81.5,54764.0,25311.0,677.0,0,basic,month-to-month,credit_card,north,0,paid
CUST104002,user4002@example.com,45.0,1.8,116.37,32143.0,16847.0,535.0,1,premium,month-to-month,mailed_check,east,0,paid
CUST104003,user4003@example.com,69.0,46.7,44.75,29727.0,17567.0,726.0,1,standard,month-to-month,e_check,north,0,paid
CUST104004,user4004@example.com,59.0,21.3,73.58,54678.0,23489.0,554.0,0,family,month-to-month,e_check,east,0,paid
CUST104005,user4005@example.com,38.0,13.6,39.12,42361.0,23742.0,774.0,2,family,one-year,bank_transfer,north,1,overdue
CUST104006,user4006@example.com,38.0,11.9,52.03,50741.0,10122.0,712.0,0,basic,month-to-month,mailed_check,east,0,paid
CUST104007,user4007@example.com,48.0,28.7,74.83,47656.0,27898.0,695.0,1,premium,one-year,credit_card,west,0,paid
CUST104008,user4008@example.com,32.0,25.0,57.68,59975.0,33027.0,,0,basic,one-year,e_check,south,0,paid
CUST104009,user4009@example.com,56.0,2.0,37.36,43694.0,3176.0,650.0,4,standard,one-year,bank_transfer,north,0,paid
CUST104010,user4010@example.com,46.0,29.4,36.8,45225.0,16948.0,587.0,4,standard,one-year,e_check,south,0,paid
CUST104011,user4011@example.com,45.0,1.8,22.85,17364.0,5672.0,575.0,3,basic,month-to-month,mailed_check,north,0,paid
CUST104012,user4012@example.com,50.0,12.3,81.91,53993.0,26920.0,790.0,3,premium,one-year,e_check,west,1,overdue
CUST104013,user4013@example.com,63.0,10.2,84.94,56774.0,6784.0,658.0,0,standard,month-to-month,mailed_check,west,1,overdue
CUST104014,user4014@example.com,44.0,17.2,84.81,51446.0,17502.0,561.0,0,standard,two-year,credit_card,west,0,paid
CUST104015,user4015@example.com,41.0,28.9,47.27,93237.0,30367.0,691.0,2,standard,month-to-month,credit_card,north,1,unpaid
CUST104016,user4016@example.com,60.0,21.8,95.15,58256.0,15586.0,677.0,0,standard,one-year,bank_transfer,west,0,paid
CUST104017,user4017@example.com,54.0,2.3,87.67,51870.0,30899.0,624.0,0,basic,two-year,credit_card,north,0,paid
CUST104018,user4018@example.com,38.0,39.7,70.18,64983.0,22533.0,578.0,1,basic,month-to-month,mailed_check,north,0,paid
CUST104019,user4019@example.com,42.0,39.1,66.08,97257.0,26968.0,709.0,2,basic,month-to-month,e_check,east,0,paid
CUST104020,user4020@example.com,44.0,21.4,53.77,60054.0,31290.0,726.0,3,premium,month-to-month,e_check,east,1,overdue
CUST104021,user4021@example.com,46.0,5.8,74.8,12000.0,1518.0,676.0,4,basic,month-to-month,mailed_check,south,1,unpaid
CUST104022,user4022@example.com,26.0,5.1,110.43,63641.0,13247.0,656.0,3,standard,month-to-month,bank_transfer,east,1,overdue
CUST104023,user4023@example.com,23.0,66.9,98.45,37415.0,7610.0,587.0,0,standard,one-year,e_check,south,1,unpaid
CUST104024,user4024@example.com,31.0,4.1,63.59,16550.0,9327.0,688.0,2,premium,one-year,e_check,west,0,paid
CUST104025,user4025@example.com,30.0,21.9,83.47,88951.0,47516.0,599.0,2,premium,month-to-month,e_check,south,0,paid
CUST104026,user4026@example.com,34.0,66.2,42.46,84629.0,32470.0,548.0,3,basic,one-year,e_check,east,0,paid
CUST104027,user4027@example.com,50.0,8.1,88.25,36896.0,8331.0,740.0,1,standard,two-year,e_check,east,0,paid
CUST104028,user4028@example.com,40.0,4.1,49.23,37027.0,11384.0,568.0,0,basic,two-year,mailed_check,west,1,overdue
CUST104029,user4029@example.com,44.0,8.2,87.26,58203.0,21194.0,498.0,1,family,month-to-month,e_check,north,0,paid
CUST104030,user4030@example.com,27.0,42.6,144.23,37296.0,12944.0,755.0,2,standard,two-year,mailed_check,north,1,unpaid
CUST104031,user4031@example.com,36.0,50.4,55.75,52299.0,9977.0,510.0,2,basic,one-year,mailed_check,west,0,paid
CUST104032,user4032@example.com,49.0,11.6,143.07,40736.0,4960.0,619.0,1,basic,two-year,e_check,north,1,unpaid
CUST104033,user4033@example.com,49.0,18.4,82.27,46992.0,25808.0,562.0,1,premium,month-to-month,e_check,south,0,paid
CUST104034,user4034@example.com,33.0,61.2,51.26,26913.0,10832.0,592.0,0,standard,one-year,e_check,east,0,paid
CUST104035,user4035@example.com,44.0,5.7,50.11,71538.0,9286.0,828.0,2,family,month-to-month,credit_card,west,1,unpaid
CUST104036,user4036@example.com,68.0,13.7,129.12,79076.0,47004.0,642.0,2,standard,two-year,e_check,west,0,paid
CUST104037,user4037@example.com,42.0,30.4,82.32,52996.0,14638.0,679.0,0,standard,month-to-month,mailed_check,west,0,paid
CUST104038,user4038@example.com,34.0,73.1,55.85,54275.0,24594.0,713.0,2,premium,month-to-month,e_check,east,0,paid
CUST104039,user4039@example.com,40.0,61.3,64.91,67583.0,9948.0,598.0,0,premium,month-to-month,bank_transfer,north,1,unpaid
CUST104040,user4040@example.com,43.0,19.7,80.77,55038.0,30988.0,736.0,2,standard,two-year,bank_transfer,north,0,paid
CUST104041,user4041@example.com,40.0,10.4,69.78,89591.0,8383.0,680.0,1,basic,two-year,credit_card,west,0,paid
CUST104042,user4042@example.com,42.0,28.9,78.65,28673.0,16507.0,710.0,2,premium,two-year,e_check,south,0,paid
CUST104043,user4043@example.com,25.0,3.6,114.34,72219.0,32493.0,592.0,1,premium,one-year,e_check,north,0,paid
CUST104044,user4044@example.com,30.0,118.4,41.8,52716.0,9224.0,686.0,2,premium,month-to-month,e_check,north,0,paid
CUST104045,user4045@example.com,40.0,7.4,86.12,32576.0,4870.0,649.0,3,basic,one-year,mailed_check,north,0,paid
CUST104046,user4046@example.com,40.0,19.1,68.18,99942.0,51011.0,740.0,2,family,two-year,e_check,south,1,overdue
CUST104047,user4047@example.com,35.0,0.3,57.52,102704.0,7390.0,607.0,3,standard,month-to-month,e_check,north,0,paid
CUST104048,user4048@example.com,40.0,13.6,96.8,50843.0,5738.0,813.0,1,basic,one-year,e_check,north,1,overdue
CUST104049,user4049@example.com,43.0,17.0,33.46,63895.0,26840.0,677.0,4,premium,month-to-month,credit_card,west,0,paid
CUST104050,user4050@example.com,53.0,9.9,10.84,45576.0,4218.0,640.0,2,premium,month-to-month,e_check,east,0,paid
CUST104051,user4051@example.com,41.0,16.9,75.61,48794.0,16965.0,631.0,4,basic,month-to-month,e_check,south,1,overdue
CUST104052,user4052@example.com,47.0,3.1,66.55,32350.0,11831.0,649.0,1,basic,month-to-month,e_check,east,1,unpaid
CUST104053,user4053@example.com,36.0,20.3,36.18,29395.0,1759.0,600.0,1,standard,month-to-month,mailed_check,south,1,overdue
CUST104054,user4054@example.com,49.0,47.5,27.24,91883.0,23654.0,703.0,1,premium,month-to-month,credit_card,east,0,paid
CUST104055,user4055@example.com,47.0,7.2,118.27,54225.0,3562.0,649.0,2,basic,two-year,bank_transfer,west,0,paid
CUST104056,user4056@example.com,52.0,60.6,81.58,56012.0,32587.0,805.0,3,premium,month-to-month,bank_transfer,east,0,paid
CUST104057,user4057@example.com,51.0,9.6,70.49,38790.0,6533.0,615.0,2,family,two-year,credit_card,west,0,paid
CUST104058,user4058@example.com,49.0,10.4,124.88,58799.0,25245.0,640.0,0,family,month-to-month,bank_transfer,north,0,paid
CUST104059,user4059@example.com,41.0,17.5,95.55,24924.0,10482.0,615.0,1,basic,one-year,mailed_check,west,1,overdue
CUST104060,user4060@example.com,45.0,14.7,114.23,39525.0,18764.0,800.0,2,standard,month-to-month,bank_transfer,east,1,overdue
CUST104061,user4061@example.com,55.0,19.5,40.5,31005.0,7268.0,534.0,6,standard,month-to-month,credit_card,west,0,paid
CUST104062,user4062@example.com,34.0,46.6,39.57,80858.0,12243.0,657.0,1,standard,one-year,e_check,east,0,paid
CUST104063,user4063@example.com,34.0,42.6,85.43,21962.0,7506.0,675.0,3,standard,month-to-month,credit_card,north,1,overdue
CUST104064,user4064@example.com,44.0,6.6,80.36,31416.0,13568.0,560.0,1,family,month-to-month,bank_transfer,east,0,paid
CUST104065,user4065@example.com,47.0,12.9,101.24,14048.0,6538.0,850.0,0,premium,one-year,e_check,south,1,overdue
CUST104066,user4066@example.com,32.0,49.3,29.23,37200.0,2861.0,576.0,2,standard,month-to-month,bank_transfer,west,1,overdue
CUST104067,user4067@example.com,41.0,1.4,87.59,45810.0,21254.0,653.0,3,family,two-year,bank_transfer,north,1,overdue
CUST104068,user4068@example.com,41.0,4.4,94.73,74556.0,8338.0,785.0,1,family,month-to-month,mailed_check,north,0,paid
CUST104069,user4069@example.com,18.0,1.9,93.4,50560.0,17117.0,620.0,2,basic,two-year,mailed_check,east,0,paid
CUST104070,user4070@example.com,39.0,10.3,59.83,46788.0,16632.0,661.0,2,standard,month-to-month,credit_card,south,0,paid
CUST104071,user4071@example.com,40.0,10.9,82.97,60998.0,7312.0,622.0,3,family,two-year,mailed_check,west,0,paid
CUST104072,user4072@example.com,40.0,0.1,50.61,46142.0,26771.0,646.0,3,premium,month-to-month,e_check,east,0,paid
CUST104073,user4073@example.com,59.0,26.7,62.68,,41373.0,737.0,5,premium,month-to-month,bank_transfer,west,0,overdue
CUST104074,user4074@example.com,27.0,56.5,43.93,43180.0,7476.0,616.0,3,standard,month-to-month,bank_transfer,west,0,paid
CUST104075,user4075@example.com,32.0,14.0,51.03,63274.0,4935.0,438.0,1,basic,one-year,bank_transfer,east,0,paid
CUST104076,user4076@example.com,18.0,4.0,63.98,71529.0,34067.0,647.0,3,basic,one-year,bank_transfer,west,1,overdue
CUST104077,user4077@example.com,36.0,53.7,57.73,42606.0,21845.0,655.0,2,basic,month-to-month,mailed_check,west,0,paid
CUST104078,user4078@example.com,37.0,44.4,51.03,58307.0,5822.0,666.0,2,standard,one-year,mailed_check,east,0,paid
CUST104079,user4079@example.com,36.0,18.7,37.51,44983.0,8618.0,635.0,3,family,month-to-month,mailed_check,west,1,overdue
CUST104080,user4080@example.com,55.0,1.3,119.03,60480.0,24392.0,581.0,4,standard,month-to-month,e_check,south,1,overdue
CUST104081,user4081@example.com,52.0,17.3,57.49,57018.0,15990.0,630.0,1,standard,month-to-month,e_check,south,1,overdue
CUST104082,user4082@example.com,43.0,13.6,78.25,52194.0,12442.0,791.0,2,standard,one-year,credit_card,south,1,overdue
CUST104083,user4083@example.com,38.0,27.4,26.03,31889.0,9039.0,647.0,1,basic,one-year,e_check,east,0,paid
CUST104084,user4084@example.com,54.0,58.2,103.94,92274.0,30258.0,702.0,5,basic,month-to-month,bank_transfer,east,1,unpaid
CUST104085,user4085@example.com,42.0,25.1,74.18,66728.0,10114.0,567.0,1,standard,month-to-month,mailed_check,west,0,paid
CUST104086,user4086@example.com,32.0,48.1,58.9,23227.0,6119.0,627.0,1,premium,month-to-month,credit_card,north,0,paid
CUST104087,user4087@example.com,21.0,49.7,59.12,46593.0,4119.0,570.0,3,standard,month-to-month,credit_card,south,1,unpaid
CUST104088,user4088@example.com,37.0,29.0,91.74,23612.0,1259.0,753.0,2,standard,one-year,credit_card,south,1,overdue
CUST104089,user4089@example.com,51.0,21.0,10.0,70242.0,41187.0,526.0,1,family,two-year,credit_card,south,0,paid
CUST104090,user4090@example.com,69.0,0.1,49.4,54564.0,4373.0,,1,basic,month-to-month,mailed_check,east,1,overdue
CUST104091,user4091@example.com,43.0,15.5,67.02,55082.0,4071.0,677.0,0,premium,one-year,bank_transfer,west,0,paid
CUST104092,user4092@example.com,33.0,5.6,66.73,38153.0,20583.0,672.0,2,basic,month-to-month,e_check,south,1,overdue
CUST104093,user4093@example.com,28.0,9.9,132.63,48689.0,28572.0,462.0,0,standard,one-year,bank_transfer,west,0,paid
CUST104094,user4094@example.com,49.0,6.9,61.56,70744.0,36397.0,488.0,3,premium,month-to-month,credit_card,west,1,unpaid
CUST104095,user4095@example.com,21.0,42.3,94.76,76117.0,9648.0,659.0,2,standard,month-to-month,credit_card,west,1,overdue
CUST104096,user4096@example.com,49.0,0.2,115.29,71928.0,28897.0,576.0,1,standard,month-to-month,e_check,north,1,overdue
CUST104097,user4097@example.com,52.0,21.4,86.77,23957.0,10381.0,599.0,1,standard,month-to-month,e_check,south,0,paid
CUST104098,user4098@example.com,47.0,0.7,53.15,51278.0,24327.0,,4,basic,month-to-month,bank_transfer,south,1,overdue
CUST104099,user4099@example.com,39.0,55.1,37.89,60066.0,6733.0,566.0,0,premium,month-to-month,bank_transfer,south,0,paid
CUST104100,user4100@example.com,49.0,105.4,88.64,40304.0,10677.0,552.0,5,standard,two-year,e_check,west,1,unpaid
CUST104101,user4101@example.com,44.0,11.7,111.13,21820.0,4404.0,650.0,4,premium,two-year,credit_card,north,1,overdue
CUST104102,user4102@example.com,33.0,82.5,83.65,29267.0,11999.0,498.0,2,family,month-to-month,credit_card,north,0,paid
CUST104103,user4103@example.com,64.0,0.4,100.84,84995.0,20312.0,610.0,4,standard,month-to-month,mailed_check,south,0,paid
CUST104104,user4104@example.com,38.0,35.6,134.8,31171.0,10282.0,597.0,2,basic,month-to-month,credit_card,north,1,overdue
CUST104105,user4105@example.com,51.0,31.8,90.93,,22075.0,648.0,1,standard,one-year,e_check,north,0,paid
CUST104106,user4106@example.com,18.0,59.7,42.48,51873.0,27296.0,841.0,3,standard,month-to-month,bank_transfer,west,0,paid
CUST104107,user4107@example.com,57.0,2.2,71.28,51924.0,28896.0,571.0,1,basic,month-to-month,bank_transfer,north,0,paid
CUST104108,user4108@example.com,60.0,0.8,104.26,48603.0,20967.0,683.0,0,standard,month-to-month,credit_card,north,1,unpaid
CUST104109,user4109@example.com,42.0,51.9,63.78,70783.0,9628.0,668.0,0,standard,month-to-month,mailed_check,west,0,paid
CUST104110,user4110@example.com,49.0,8.2,107.64,55712.0,30024.0,695.0,1,standard,month-to-month,mailed_check,east,1,overdue
CUST104111,user4111@example.com,49.0,78.3,68.33,42487.0,6903.0,633.0,3,basic,two-year,bank_transfer,east,1,unpaid
CUST104112,user4112@example.com,34.0,59.0,78.36,56027.0,4440.0,765.0,0,standard,two-year,mailed_check,east,0,paid
CUST104113,user4113@example.com,49.0,7.0,61.23,29449.0,8555.0,705.0,2,basic,month-to-month,bank_transfer,north,0,paid
CUST104114,user4114@example.com,32.0,31.9,73.99,64519.0,27521.0,706.0,0,basic,month-to-month,mailed_check,west,0,paid
CUST104115,user4115@example.com,35.0,4.3,75.31,41381.0,5468.0,537.0,4,premium,one-year,e_check,north,1,unpaid
CUST104116,user4116@example.com,56.0,5.2,29.79,42533.0,9130.0,658.0,0,standard,two-year,bank_transfer,north,0,paid
CUST104117,user4117@example.com,54.0,87.8,58.96,65261.0,6137.0,609.0,2,standard,month-to-month,mailed_check,south,1,overdue
CUST104118,user4118@example.com,34.0,33.5,39.17,46854.0,18274.0,581.0,2,basic,two-year,e_check,north,1,overdue
CUST104119,user4119@example.com,33.0,60.4,59.82,47980.0,21089.0,600.0,2,standard,month-to-month,e_check,south,1,unpaid
CUST104120,user4120@example.com,34.0,9.4,50.12,78353.0,26313.0,646.0,3,basic,month-to-month,credit_card,south,1,overdue
CUST104121,user4121@example.com,51.0,18.1,95.3,35536.0,10463.0,687.0,0,basic,one-year,mailed_check,west,0,paid
CUST104122,user4122@example.com,30.0,26.9,95.58,64968.0,33539.0,729.0,1,family,month-to-month,e_check,north,0,paid
CUST104123,user4123@example.com,46.0,22.6,84.01,73990.0,20758.0,725.0,1,basic,month-to-month,mailed_check,north,1,overdue
CUST104124,user4124@example.com,51.0,40.9,38.31,78338.0,22951.0,673.0,1,premium,two-year,mailed_check,south,0,paid
CUST104125,user4125@example.com,41.0,11.8,67.55,98530.0,36213.0,654.0,1,standard,two-year,mailed_check,north,0,paid
CUST104126,user4126@example.com,54.0,60.4,36.32,42157.0,18428.0,624.0,1,basic,month-to-month,mailed_check,east,1,unpaid
CUST104127,user4127@example.com,38.0,9.1,66.32,,17969.0,630.0,0,basic,one-year,e_check,west,1,unpaid
CUST104128,user4128@example.com,39.0,12.1,86.19,71344.0,5169.0,588.0,2,basic,month-to-month,mailed_check,north,1,unpaid
CUST104129,user4129@example.com,30.0,48.6,94.8,73805.0,38241.0,616.0,1,standard,one-year,bank_transfer,south,0,paid
CUST104130,user4130@example.com,54.0,13.8,81.82,39185.0,11686.0,678.0,2,basic,month-to-month,credit_card,north,0,paid
CUST104131,user4131@example.com,33.0,23.0,101.46,64696.0,35468.0,773.0,1,family,month-to-month,bank_transfer,north,0,overdue
CUST104132,user4132@example.com,46.0,21.4,76.49,109484.0,37771.0,638.0,3,basic,month-to-month,e_check,west,0,paid
CUST104133,user4133@example.com,41.0,7.2,64.16,57093.0,17796.0,585.0,0,standard,month-to-month,e_check,east,1,unpaid
CUST104134,user4134@example.com,29.0,2.8,91.84,73470.0,11569.0,728.0,1,basic,month-to-month,mailed_check,north,0,paid
CUST104135,user4135@example.com,35.0,29.2,92.66,86535.0,26677.0,490.0,4,standard,month-to-month,bank_transfer,west,0,paid
CUST104136,user4136@example.com,59.0,19.3,56.9,105075.0,33741.0,733.0,1,basic,month-to-month,bank_transfer,east,0,paid
CUST104137,user4137@example.com,44.0,33.4,79.47,59914.0,32471.0,535.0,1,standard,month-to-month,e_check,west,0,paid
CUST104138,user4138@example.com,30.0,2.0,62.64,80061.0,43064.0,703.0,2,premium,one-year,mailed_check,south,0,paid
CUST104139,user4139@example.com,46.0,17.6,19.79,39230.0,12457.0,612.0,0,family,month-to-month,mailed_check,east,0,paid
CUST104140,user4140@example.com,40.0,5.5,81.0,55498.0,29256.0,676.0,1,basic,month-to-month,e_check,north,1,overdue
CUST104141,user4141@example.com,83.0,15.6,37.64,,23953.0,817.0,1,standard,month-to-month,mailed_check,north,0,paid
CUST104142,user4142@example.com,45.0,8.1,78.21,17293.0,9885.0,583.0,2,basic,two-year,mailed_check,south,0,paid
CUST104143,user4143@example.com,37.0,5.1,31.62,22939.0,5709.0,570.0,4,basic,two-year,credit_card,north,0,paid
CUST104144,user4144@example.com,59.0,1.1,52.01,63601.0,10604.0,656.0,2,premium,two-year,mailed_check,north,1,overdue
CUST104145,user4145@example.com,20.0,6.7,59.16,63994.0,36423.0,772.0,2,premium,month-to-month,e_check,south,0,paid
CUST104146,user4146@example.com,43.0,47.9,100.04,34167.0,12699.0,664.0,5,basic,two-year,bank_transfer,east,0,paid
CUST104147,user4147@example.com,66.0,4.8,56.66,86148.0,26418.0,654.0,1,standard,month-to-month,mailed_check,west,0,overdue
CUST104148,user4148@example.com,41.0,21.0,43.13,32800.0,9063.0,664.0,0,premium,month-to-month,bank_transfer,north,0,paid
CUST104149,user4149@example.com,21.0,63.4,79.11,60145.0,5811.0,570.0,1,basic,two-year,mailed_check,west,1,unpaid
CUST104150,user4150@example.com,37.0,51.7,64.58,46695.0,7576.0,664.0,3,basic,month-to-month,mailed_check,north,1,overdue
CUST104151,user4151@example.com,59.0,7.7,89.76,57139.0,12020.0,619.0,0,premium,one-year,credit_card,west,1,overdue
CUST104152,user4152@example.com,47.0,8.5,44.7,72971.0,25775.0,756.0,0,standard,two-year,e_check,south,0,paid
CUST104153,user4153@example.com,32.0,1.4,75.27,70147.0,23442.0,714.0,1,basic,month-to-month,mailed_check,east,1,overdue
CUST104154,user4154@example.com,34.0,37.1,131.74,69157.0,24106.0,544.0,0,basic,month-to-month,credit_card,north,1,unpaid
CUST104155,user4155@example.com,35.0,50.1,64.02,66603.0,6131.0,627.0,0,premium,month-to-month,mailed_check,east,1,overdue
CUST104156,user4156@example.com,46.0,34.4,74.67,29545.0,1636.0,692.0,2,standard,month-to-month,bank_transfer,east,1,overdue
CUST104157,user4157@example.com,58.0,12.6,28.47,77691.0,23675.0,571.0,0,standard,one-year,bank_transfer,south,0,paid
CUST104158,user4158@example.com,55.0,6.7,48.68,33794.0,5286.0,564.0,1,basic,month-to-month,e_check,north,1,overdue
CUST104159,user4159@example.com,47.0,68.8,81.49,52879.0,28577.0,613.0,1,basic,month-to-month,mailed_check,east,1,overdue
CUST104160,user4160@example.com,26.0,8.1,61.75,47973.0,13768.0,678.0,0,standard,month-to-month,mailed_check,west,0,paid
CUST104161,user4161@example.com,26.0,0.0,85.36,62002.0,15104.0,733.0,1,basic,two-year,bank_transfer,east,0,paid
CUST104162,user4162@example.com,48.0,0.6,80.62,45306.0,15821.0,669.0,3,basic,two-year,bank_transfer,east,1,unpaid
CUST104163,user4163@example.com,26.0,23.1,37.05,51830.0,20511.0,847.0,2,basic,month-to-month,e_check,north,0,paid
CUST104164,user4164@example.com,39.0,120.0,95.38,87377.0,8308.0,596.0,0,standard,one-year,mailed_check,north,0,paid
CUST104165,user4165@example.com,46.0,38.4,38.93,29095.0,13318.0,709.0,3,basic,two-year,credit_card,west,0,paid
CUST104166,user4166@example.com,28.0,28.3,50.88,54951.0,6906.0,561.0,1,family,one-year,credit_card,west,0,paid
CUST104167,user4167@example.com,30.0,39.5,75.74,32717.0,8595.0,779.0,1,family,two-year,credit_card,east,0,paid
CUST104168,user4168@example.com,41.0,13.4,109.18,68487.0,16867.0,759.0,2,basic,one-year,credit_card,west,0,paid
CUST104169,user4169@example.com,48.0,12.3,44.9,40465.0,14691.0,707.0,0,premium,month-to-month,bank_transfer,south,0,paid
CUST104170,user4170@example.com,55.0,21.4,73.69,55771.0,23937.0,511.0,2,basic,one-year,e_check,west,0,paid
CUST104171,user4171@example.com,49.0,44.6,73.9,28507.0,13981.0,706.0,2,standard,one-year,credit_card,south,0,paid
CUST104172,user4172@example.com,43.0,7.5,86.43,80831.0,27477.0,584.0,1,standard,month-to-month,mailed_check,north,0,paid
CUST104173,user4173@example.com,33.0,3.9,99.6,56456.0,7648.0,686.0,1,premium,month-to-month,e_check,west,1,unpaid
CUST104174,user4174@example.com,29.0,63.2,59.9,57755.0,24995.0,534.0,0,standard,two-year,e_check,east,1,overdue
CUST104175,user4175@example.com,36.0,10.0,95.3,71581.0,22429.0,672.0,0,basic,one-year,bank_transfer,south,0,paid
CUST104176,user4176@example.com,47.0,2.6,103.26,29972.0,11207.0,,0,standard,month-to-month,credit_card,east,1,overdue
CUST104177,user4177@example.com,46.0,22.3,114.6,42700.0,12555.0,588.0,4,standard,one-year,bank_transfer,east,0,paid
CUST104178,user4178@example.com,18.0,46.5,82.55,58401.0,16292.0,697.0,1,basic,one-year,bank_transfer,west,0,paid
CUST104179,user4179@example.com,33.0,12.7,73.94,19760.0,8610.0,646.0,2,premium,month-to-month,e_check,south,1,overdue
CUST104180,user4180@example.com,56.0,42.3,58.14,21907.0,7410.0,634.0,1,standard,one-year,bank_transfer,west,0,paid
CUST104181,user4181@example.com,43.0,0.1,33.53,38575.0,20340.0,709.0,0,basic,two-year,e_check,east,0,paid
CUST104182,user4182@example.com,25.0,2.1,63.05,32180.0,14767.0,802.0,3,basic,two-year,credit_card,west,0,paid
CUST104183,user4183@example.com,70.0,12.2,72.81,48123.0,15013.0,672.0,0,standard,month-to-month,credit_card,south,1,unpaid
CUST104184,user4184@example.com,42.0,11.2,67.26,65449.0,10983.0,506.0,1,standard,month-to-month,e_check,north,1,overdue
CUST104185,user4185@example.com,47.0,29.5,84.94,69998.0,4176.0,525.0,2,basic,month-to-month,credit_card,south,0,paid
CUST104186,user4186@example.com,47.0,45.3,33.65,91188.0,14861.0,656.0,1,basic,one-year,e_check,south,0,paid
CUST104187,user4187@example.com,38.0,28.4,65.45,54548.0,11166.0,732.0,1,basic,month-to-month,bank_transfer,north,0,paid
CUST104188,user4188@example.com,33.0,10.4,119.87,58087.0,6678.0,661.0,2,family,one-year,mailed_check,east,1,unpaid
CUST104189,user4189@example.com,67.0,3.4,94.89,54502.0,22782.0,691.0,2,standard,one-year,bank_transfer,north,0,paid
CUST104190,user4190@example.com,54.0,6.8,85.4,61405.0,14083.0,645.0,2,standard,month-to-month,credit_card,east,1,overdue
CUST104191,user4191@example.com,52.0,49.8,79.77,62967.0,4196.0,727.0,0,basic,two-year,mailed_check,west,0,paid
CUST104192,user4192@example.com,49.0,7.2,60.86,73442.0,21319.0,699.0,2,standard,month-to-month,credit_card,east,0,paid
CUST104193,user4193@example.com,30.0,75.5,26.15,73364.0,35315.0,568.0,1,family,two-year,e_check,west,0,overdue
CUST104194,user4194@example.com,57.0,22.3,81.43,65387.0,15488.0,686.0,1,premium,month-to-month,e_check,west,1,unpaid
CUST104195,user4195@example.com,32.0,38.0,10.0,85203.0,46545.0,527.0,3,standard,month-to-month,bank_transfer,west,0,paid
CUST104196,user4196@example.com,45.0,9.4,61.86,55535.0,28825.0,686.0,2,premium,month-to-month,mailed_check,west,0,paid
CUST104197,user4197@example.com,22.0,4.3,69.91,42769.0,23059.0,627.0,0,standard,two-year,mailed_check,east,1,overdue
CUST104198,user4198@example.com,18.0,0.5,58.82,46039.0,19211.0,663.0,4,standard,month-to-month,bank_transfer,east,1,overdue
CUST104199,user4199@example.com,46.0,26.3,124.28,52883.0,26105.0,676.0,2,standard,month-to-month,mailed_check,south,1,overdue
CUST104200,user4200@example.com,32.0,1.7,115.61,33327.0,8796.0,673.0,1,standard,month-to-month,credit_card,west,1,overdue
CUST104201,user4201@example.com,18.0,3.2,95.82,42733.0,18429.0,763.0,2,premium,month-to-month,mailed_check,west,1,overdue
CUST104202,user4202@example.com,48.0,47.4,46.87,32203.0,5576.0,653.0,1,basic,one-year,bank_transfer,east,0,paid
CUST104203,user4203@example.com,67.0,5.5,118.04,61879.0,10061.0,665.0,3,premium,month-to-month,e_check,west,0,paid
CUST104204,user4204@example.com,59.0,7.8,85.47,62076.0,35321.0,756.0,1,basic,month-to-month,bank_transfer,west,1,overdue
CUST104205,user4205@example.com,39.0,9.7,46.45,19622.0,6904.0,802.0,0,premium,one-year,mailed_check,south,0,paid
CUST104206,user4206@example.com,42.0,11.1,70.82,41918.0,3748.0,649.0,3,family,two-year,bank_transfer,east,0,paid
CUST104207,user4207@example.com,53.0,5.0,93.96,91504.0,14505.0,609.0,4,basic,month-to-month,bank_transfer,south,1,overdue
CUST104208,user4208@example.com,55.0,16.6,55.03,67596.0,20531.0,613.0,2,family,month-to-month,credit_card,west,1,overdue
CUST104209,user4209@example.com,38.0,44.3,73.51,64087.0,33020.0,686.0,1,premium,month-to-month,bank_transfer,east,0,paid
CUST104210,user4210@example.com,42.0,97.9,77.91,41715.0,22642.0,634.0,1,premium,two-year,bank_transfer,west,0,paid
CUST104211,user4211@example.com,46.0,22.2,42.48,60746.0,6828.0,510.0,0,basic,month-to-month,e_check,south,0,paid
CUST104212,user4212@example.com,49.0,33.5,63.25,54710.0,4602.0,740.0,0,standard,month-to-month,bank_transfer,east,1,unpaid
CUST104213,user4213@example.com,40.0,5.8,44.36,,4568.0,715.0,1,standard,month-to-month,mailed_check,east,0,paid
CUST104214,user4214@example.com,41.0,2.5,91.72,45124.0,18919.0,742.0,1,premium,month-to-month,e_check,east,1,unpaid
CUST104215,user4215@example.com,59.0,16.0,47.3,45575.0,15635.0,758.0,2,standard,month-to-month,bank_transfer,west,1,unpaid
CUST104216,user4216@example.com,57.0,72.3,77.3,25227.0,11499.0,665.0,3,standard,month-to-month,credit_card,east,1,overdue
CUST104217,user4217@example.com,48.0,43.6,35.25,28529.0,10737.0,671.0,4,standard,one-year,bank_transfer,west,1,overdue
CUST104218,user4218@example.com,63.0,8.1,41.66,51011.0,5241.0,731.0,0,family,month-to-month,credit_card,north,0,paid
CUST104219,user4219@example.com,37.0,6.9,40.45,38040.0,7292.0,553.0,3,standard,month-to-month,credit_card,north,1,unpaid
CUST104220,user4220@example.com,61.0,15.5,62.76,48982.0,11381.0,622.0,1,standard,one-year,mailed_check,east,0,paid
CUST104221,user4221@example.com,49.0,15.3,74.51,22887.0,10053.0,645.0,2,premium,one-year,mailed_check,east,0,paid
CUST104222,user4222@example.com,81.0,17.2,79.12,71027.0,26867.0,724.0,1,basic,two-year,credit_card,south,0,paid
CUST104223,user4223@example.com,28.0,15.0,25.69,96610.0,55140.0,607.0,3,premium,one-year,e_check,north,0,paid
CUST104224,user4224@example.com,34.0,20.1,65.78,75548.0,9824.0,593.0,5,standard,two-year,e_check,west,1,unpaid
CUST104225,user4225@example.com,47.0,54.6,51.24,77611.0,43947.0,616.0,5,basic,month-to-month,e_check,south,1,overdue
CUST104226,user4226@example.com,47.0,10.4,83.35,67522.0,11552.0,688.0,2,basic,month-to-month,mailed_check,south,0,paid
CUST104227,user4227@example.com,65.0,7.1,63.31,60312.0,14409.0,645.0,0,standard,month-to-month,bank_transfer,south,0,overdue
CUST104228,user4228@example.com,34.0,39.7,67.98,56730.0,3915.0,534.0,0,premium,one-year,bank_transfer,north,0,paid
CUST104229,user4229@example.com,53.0,26.0,51.38,36709.0,7822.0,550.0,2,basic,month-to-month,e_check,west,0,paid
CUST104230,user4230@example.com,56.0,3.1,113.12,68801.0,10997.0,661.0,1,family,month-to-month,mailed_check,north,0,paid
CUST104231,user4231@example.com,50.0,9.5,37.91,67614.0,11460.0,664.0,0,standard,month-to-month,credit_card,south,1,overdue
CUST104232,user4232@example.com,30.0,26.3,60.01,45740.0,16682.0,,0,premium,one-year,credit_card,west,0,paid
CUST104233,user4233@example.com,59.0,44.5,72.69,65520.0,31412.0,612.0,2,basic,one-year,credit_card,east,0,paid
CUST104234,user4234@example.com,57.0,78.0,63.72,41121.0,18904.0,713.0,2,standard,one-year,e_check,north,0,paid
CUST104235,user4235@example.com,49.0,18.8,50.9,42395.0,21453.0,680.0,1,family,one-year,bank_transfer,east,0,paid
CUST104236,user4236@example.com,44.0,7.8,24.71,70502.0,31884.0,677.0,2,standard,month-to-month,mailed_check,west,0,overdue
CUST104237,user4237@example.com,45.0,8.0,52.71,63611.0,37344.0,680.0,1,premium,one-year,credit_card,south,0,paid
CUST104238,user4238@example.com,41.0,18.9,46.02,50361.0,3030.0,778.0,2,premium,one-year,e_check,west,0,paid
CUST104239,user4239@example.com,50.0,26.1,111.98,48047.0,28508.0,568.0,0,basic,month-to-month,credit_card,east,0,paid
CUST104240,user4240@example.com,42.0,6.2,126.62,58495.0,16110.0,,2,premium,month-to-month,mailed_check,east,1,overdue
CUST104241,user4241@example.com,32.0,21.3,68.73,18292.0,5722.0,623.0,1,standard,month-to-month,credit_card,east,1,unpaid
CUST104242,user4242@example.com,29.0,62.4,34.88,39845.0,14645.0,751.0,0,standard,month-to-month,mailed_check,east,0,paid
CUST104243,user4243@example.com,33.0,6.5,88.45,29698.0,1624.0,620.0,0,standard,month-to-month,mailed_check,south,1,overdue
CUST104244,user4244@example.com,45.0,18.9,45.47,55237.0,8282.0,587.0,1,basic,two-year,credit_card,north,0,paid
CUST104245,user4245@example.com,42.0,13.2,56.27,76772.0,22670.0,642.0,2,family,month-to-month,credit_card,south,1,overdue
CUST104246,user4246@example.com,45.0,30.5,54.28,64543.0,30544.0,658.0,0,basic,month-to-month,bank_transfer,north,0,paid
CUST104247,user4247@example.com,48.0,15.7,57.49,44770.0,23663.0,746.0,2,premium,two-year,mailed_check,north,0,paid
CUST104248,user4248@example.com,34.0,21.8,61.13,40868.0,5364.0,620.0,2,standard,month-to-month,mailed_check,south,0,paid
CUST104249,user4249@example.com,60.0,5.2,37.16,39923.0,7771.0,595.0,2,standard,month-to-month,e_check,north,1,unpaid
CUST104250,user4250@example.com,39.0,14.1,52.45,94992.0,36482.0,577.0,0,family,month-to-month,mailed_check,west,1,overdue
CUST104251,user4251@example.com,37.0,3.4,95.5,56361.0,14008.0,622.0,2,family,month-to-month,credit_card,south,1,unpaid
CUST104252,user4252@example.com,48.0,8.4,69.16,58995.0,12616.0,850.0,0,premium,month-to-month,bank_transfer,south,0,paid
CUST104253,user4253@example.com,20.0,5.2,73.13,12777.0,3333.0,681.0,1,premium,two-year,bank_transfer,west,1,unpaid
CUST104254,user4254@example.com,33.0,80.8,14.19,31381.0,13678.0,698.0,3,standard,one-year,mailed_check,west,0,paid
CUST104255,user4255@example.com,54.0,4.7,93.69,54116.0,8617.0,650.0,1,basic,one-year,e_check,south,1,overdue
CUST104256,user4256@example.com,21.0,7.3,52.86,45037.0,3785.0,661.0,1,standard,month-to-month,bank_transfer,south,0,paid
CUST104257,user4257@example.com,55.0,3.4,98.1,57661.0,2993.0,713.0,3,standard,month-to-month,credit_card,west,1,overdue
CUST104258,user4258@example.com,60.0,11.8,73.86,57398.0,19496.0,695.0,5,basic,one-year,e_check,south,1,unpaid
CUST104259,user4259@example.com,38.0,5.4,55.95,67009.0,12565.0,678.0,0,standard,month-to-month,credit_card,north,1,overdue
CUST104260,user4260@example.com,46.0,62.6,28.06,17617.0,6323.0,651.0,3,standard,month-to-month,mailed_check,south,1,overdue
CUST104261,user4261@example.com,55.0,3.6,124.37,32895.0,17584.0,622.0,2,premium,month-to-month,credit_card,south,1,unpaid
CUST104262,user4262@example.com,36.0,25.7,90.08,53008.0,11212.0,684.0,0,standard,month-to-month,credit_card,east,1,overdue
CUST104263,user4263@example.com,52.0,28.0,91.58,42052.0,6348.0,657.0,1,premium,one-year,mailed_check,south,0,paid
CUST104264,user4264@example.com,34.0,27.8,115.47,48794.0,2482.0,821.0,0,standard,month-to-month,credit_card,west,1,overdue
CUST104265,user4265@example.com,36.0,18.8,75.6,57181.0,33722.0,734.0,2,standard,month-to-month,credit_card,south,1,overdue
CUST104266,user4266@example.com,32.0,56.7,103.81,40101.0,13404.0,596.0,1,standard,one-year,e_check,east,0,paid
CUST104267,user4267@example.com,46.0,19.1,58.04,58845.0,28902.0,,3,basic,two-year,e_check,east,0,paid
CUST104268,user4268@example.com,56.0,17.1,88.44,65880.0,34386.0,618.0,2,standard,month-to-month,e_check,west,0,paid
CUST104269,user4269@example.com,40.0,24.6,54.25,56302.0,33633.0,563.0,1,basic,month-to-month,bank_transfer,south,0,paid
CUST104270,user4270@example.com,27.0,9.6,57.4,69415.0,36290.0,613.0,2,premium,one-year,credit_card,north,1,unpaid
CUST104271,user4271@example.com,29.0,32.3,72.43,12000.0,2541.0,572.0,0,family,month-to-month,e_check,north,1,overdue
CUST104272,user4272@example.com,47.0,39.7,38.32,43279.0,15598.0,,0,basic,month-to-month,credit_card,east,1,unpaid
CUST104273,user4273@example.com,64.0,46.3,78.24,,42215.0,625.0,3,standard,month-to-month,credit_card,north,1,unpaid
CUST104274,user4274@example.com,47.0,24.4,62.2,37713.0,15023.0,662.0,3,premium,one-year,mailed_check,south,0,paid
CUST104275,user4275@example.com,37.0,20.3,20.31,34999.0,16554.0,633.0,2,standard,one-year,e_check,south,0,paid
CUST104276,user4276@example.com,51.0,120.0,58.56,52475.0,28791.0,578.0,3,standard,month-to-month,mailed_check,south,0,paid
CUST104277,user4277@example.com,39.0,32.7,61.37,54654.0,21179.0,747.0,0,standard,two-year,mailed_check,east,0,paid
CUST104278,user4278@example.com,37.0,81.1,91.32,44306.0,19090.0,682.0,0,standard,month-to-month,credit_card,east,0,paid
CUST104279,user4279@example.com,30.0,37.2,77.13,91871.0,34319.0,606.0,1,standard,month-to-month,mailed_check,south,1,overdue
CUST104280,user4280@example.com,59.0,62.1,106.19,60730.0,14347.0,579.0,1,family,month-to-month,credit_card,north,0,paid
CUST104281,user4281@example.com,18.0,21.8,83.0,36942.0,6902.0,533.0,2,standard,one-year,e_check,west,1,unpaid
CUST104282,user4282@example.com,52.0,9.7,56.15,26210.0,10443.0,527.0,1,family,month-to-month,e_check,west,1,overdue
CUST104283,user4283@example.com,36.0,0.7,68.54,63112.0,37212.0,734.0,1,premium,two-year,credit_card,north,1,unpaid
CUST104284,user4284@example.com,37.0,17.3,61.3,36468.0,20199.0,725.0,1,standard,two-year,bank_transfer,east,0,paid
CUST104285,user4285@example.com,62.0,1.9,82.2,98052.0,16220.0,,0,family,month-to-month,mailed_check,west,0,paid
CUST104286,user4286@example.com,33.0,49.3,71.5,63559.0,32639.0,,1,basic,month-to-month,e_check,east,1,overdue
CUST104287,user4287@example.com,34.0,13.1,54.29,66199.0,4078.0,699.0,1,family,month-to-month,e_check,west,0,overdue
CUST104288,user4288@example.com,40.0,39.1,70.22,59974.0,22442.0,666.0,2,premium,month-to-month,credit_card,north,0,paid
CUST104289,user4289@example.com,47.0,11.9,81.53,77431.0,43492.0,719.0,4,standard,month-to-month,bank_transfer,west,1,unpaid
CUST104290,user4290@example.com,37.0,34.1,44.84,12000.0,6932.0,699.0,1,standard,month-to-month,credit_card,south,0,paid
CUST104291,user4291@example.com,23.0,53.9,77.93,30935.0,11807.0,662.0,4,family,two-year,mailed_check,east,0,paid
CUST104292,user4292@example.com,32.0,38.6,30.53,75683.0,30042.0,631.0,1,premium,one-year,credit_card,north,0,paid
CUST104293,user4293@example.com,57.0,8.0,97.64,85012.0,22481.0,641.0,1,standard,one-year,e_check,north,0,paid
CUST104294,user4294@example.com,43.0,35.1,83.18,30294.0,13572.0,521.0,4,premium,one-year,credit_card,north,1,overdue
CUST104295,user4295@example.com,47.0,23.5,110.73,18627.0,3449.0,586.0,0,standard,month-to-month,mailed_check,west,1,overdue
CUST104296,user4296@example.com,39.0,9.0,42.09,58350.0,4005.0,794.0,1,premium,month-to-month,bank_transfer,west,1,overdue
CUST104297,user4297@example.com,34.0,10.0,98.34,64708.0,32963.0,584.0,1,standard,month-to-month,bank_transfer,north,0,paid
CUST104298,user4298@example.com,62.0,6.3,93.39,57948.0,4821.0,502.0,2,basic,month-to-month,mailed_check,north,1,unpaid
CUST104299,user4299@example.com,40.0,31.5,65.44,53807.0,22362.0,722.0,3,basic,month-to-month,bank_transfer,south,0,paid
CUST104300,user4300@example.com,37.0,42.2,60.58,17963.0,5215.0,670.0,0,premium,one-year,e_check,west,0,paid
CUST104301,user4301@example.com,55.0,24.4,42.87,47500.0,3505.0,674.0,2,basic,two-year,bank_transfer,north,0,paid
CUST104302,user4302@example.com,33.0,73.2,36.35,50482.0,6961.0,637.0,1,premium,one-year,e_check,south,0,paid
CUST104303,user4303@example.com,35.0,6.1,51.22,44035.0,4641.0,723.0,1,standard,month-to-month,bank_transfer,south,0,overdue
CUST104304,user4304@example.com,42.0,20.4,38.61,16625.0,2792.0,772.0,4,basic,one-year,bank_transfer,west,0,paid
CUST104305,user4305@example.com,42.0,0.5,109.89,66695.0,26638.0,608.0,1,premium,month-to-month,bank_transfer,north,0,paid
CUST104306,user4306@example.com,45.0,35.8,32.45,72315.0,26311.0,701.0,1,premium,two-year,e_check,west,0,paid
CUST104307,user4307@example.com,67.0,20.0,73.72,39107.0,11267.0,739.0,3,standard,one-year,mailed_check,west,0,paid
CUST104308,user4308@example.com,46.0,51.8,80.89,51281.0,26342.0,604.0,3,family,month-to-month,mailed_check,north,0,paid
CUST104309,user4309@example.com,18.0,21.7,78.94,45062.0,20917.0,771.0,1,premium,month-to-month,bank_transfer,east,0,overdue
CUST104310,user4310@example.com,46.0,31.3,81.13,45256.0,19256.0,739.0,2,premium,one-year,credit_card,north,0,paid
CUST104311,user4311@example.com,42.0,42.6,93.66,64863.0,24608.0,551.0,1,standard,two-year,credit_card,east,1,overdue
CUST104312,user4312@example.com,43.0,12.2,58.85,65346.0,28286.0,778.0,2,premium,month-to-month,e_check,north,1,overdue
CUST104313,user4313@example.com,45.0,23.3,72.19,76495.0,13358.0,555.0,0,standard,one-year,mailed_check,east,1,overdue
CUST104314,user4314@example.com,42.0,38.4,62.66,76079.0,14676.0,595.0,1,standard,one-year,e_check,north,0,paid
CUST104315,user4315@example.com,41.0,10.5,102.56,51564.0,11033.0,705.0,0,standard,month-to-month,mailed_check,south,0,paid
CUST104316,user4316@example.com,49.0,13.2,122.5,111842.0,51177.0,733.0,2,premium,month-to-month,e_check,east,1,overdue
CUST104317,user4317@example.com,35.0,8.0,40.15,85999.0,24746.0,658.0,2,basic,month-to-month,e_check,east,1,overdue
CUST104318,user4318@example.com,31.0,13.7,19.22,41837.0,24170.0,,1,standard,month-to-month,credit_card,north,0,paid
CUST104319,user4319@example.com,78.0,4.1,84.23,57532.0,4149.0,629.0,1,basic,month-to-month,credit_card,east,1,overdue
CUST104320,user4320@example.com,33.0,10.4,96.76,15284.0,3985.0,620.0,0,standard,month-to-month,e_check,west,0,paid
CUST104321,user4321@example.com,43.0,2.3,118.92,55545.0,7504.0,,1,standard,month-to-month,credit_card,east,1,overdue
CUST104322,user4322@example.com,24.0,7.7,88.45,88474.0,44146.0,618.0,2,basic,month-to-month,bank_transfer,north,1,unpaid
CUST104323,user4323@example.com,43.0,18.3,104.89,110626.0,34713.0,598.0,5,standard,one-year,e_check,east,1,overdue
CUST104324,user4324@example.com,31.0,11.0,111.5,52574.0,20557.0,532.0,1,basic,month-to-month,bank_transfer,north,1,overdue
CUST104325,user4325@example.com,37.0,26.3,106.62,61698.0,23376.0,602.0,3,premium,month-to-month,mailed_check,north,1,unpaid
CUST104326,user4326@example.com,55.0,22.7,92.03,67106.0,6274.0,641.0,1,standard,month-to-month,e_check,north,1,unpaid
CUST104327,user4327@example.com,48.0,18.9,37.94,94594.0,45505.0,560.0,2,basic,one-year,e_check,south,0,paid
CUST104328,user4328@example.com,49.0,1.0,69.79,,17744.0,510.0,1,standard,two-year,bank_transfer,north,0,paid
CUST104329,user4329@example.com,21.0,58.7,77.5,108110.0,41524.0,728.0,1,standard,one-year,mailed_check,east,0,paid
CUST104330,user4330@example.com,64.0,11.5,67.5,48659.0,9952.0,570.0,4,family,one-year,credit_card,north,0,paid
CUST104331,user4331@example.com,28.0,23.9,69.05,31597.0,14163.0,545.0,2,premium,month-to-month,bank_transfer,north,1,unpaid
CUST104332,user4332@example.com,60.0,37.2,109.18,48695.0,21200.0,,4,standard,month-to-month,e_check,east,1,overdue
CUST104333,user4333@example.com,54.0,7.1,51.08,38808.0,21418.0,718.0,2,standard,one-year,mailed_check,north,0,paid
CUST104334,user4334@example.com,49.0,4.3,89.98,63385.0,7260.0,732.0,3,family,month-to-month,bank_transfer,north,1,overdue
CUST104335,user4335@example.com,32.0,0.7,77.91,21952.0,12082.0,690.0,1,basic,two-year,e_check,east,0,paid
CUST104336,user4336@example.com,44.0,48.9,48.56,57833.0,31108.0,755.0,1,premium,month-to-month,bank_transfer,east,0,paid
CUST104337,user4337@example.com,36.0,5.6,43.08,68279.0,14587.0,721.0,1,premium,month-to-month,e_check,north,1,overdue
CUST104338,user4338@example.com,42.0,101.3,27.47,84657.0,37580.0,622.0,3,family,two-year,e_check,south,0,paid
CUST104339,user4339@example.com,39.0,9.0,82.14,68612.0,13382.0,565.0,1,family,two-year,e_check,east,0,overdue
CUST104340,user4340@example.com,18.0,33.3,68.42,83425.0,14958.0,547.0,5,basic,month-to-month,bank_transfer,north,0,paid
CUST104341,user4341@example.com,55.0,1.0,49.36,42887.0,17277.0,639.0,1,standard,month-to-month,credit_card,north,0,paid
CUST104342,user4342@example.com,41.0,31.0,23.1,62884.0,4875.0,562.0,2,basic,one-year,e_check,west,0,paid
CUST104343,user4343@example.com,36.0,4.8,80.82,12000.0,1237.0,586.0,2,basic,one-year,mailed_check,north,1,overdue
CUST104344,user4344@example.com,35.0,1.4,65.66,52720.0,21778.0,638.0,0,premium,two-year,e_check,west,1,overdue
CUST104345,user4345@example.com,46.0,2.5,52.16,62735.0,35980.0,762.0,1,premium,one-year,bank_transfer,west,0,paid
CUST104346,user4346@example.com,31.0,29.8,45.9,64545.0,4436.0,529.0,1,standard,one-year,bank_transfer,north,0,paid
CUST104347,user4347@example.com,18.0,2.8,64.04,23518.0,1472.0,652.0,0,premium,one-year,credit_card,west,1,overdue
CUST104348,user4348@example.com,47.0,9.8,81.75,47197.0,4301.0,550.0,0,basic,two-year,credit_card,south,0,paid
CUST104349,user4349@example.com,48.0,37.5,61.75,49985.0,2545.0,605.0,1,standard,month-to-month,mailed_check,south,0,paid
CUST104350,user4350@example.com,40.0,13.8,40.29,46418.0,26021.0,724.0,1,basic,month-to-month,e_check,east,1,overdue
CUST104351,user4351@example.com,28.0,0.8,68.55,69500.0,21595.0,582.0,0,premium,one-year,bank_transfer,south,0,paid
CUST104352,user4352@example.com,43.0,5.3,96.14,50663.0,21819.0,629.0,2,basic,month-to-month,bank_transfer,east,1,unpaid
CUST104353,user4353@example.com,24.0,7.1,71.01,56987.0,15900.0,661.0,4,basic,two-year,mailed_check,south,1,overdue
CUST104354,user4354@example.com,30.0,15.8,71.71,45208.0,27056.0,706.0,0,standard,month-to-month,bank_transfer,east,1,overdue
CUST104355,user4355@example.com,33.0,80.1,61.86,76296.0,23954.0,,2,standard,month-to-month,mailed_check,north,0,paid
CUST104356,user4356@example.com,52.0,16.0,47.76,77785.0,44073.0,751.0,1,premium,one-year,credit_card,west,0,paid
CUST104357,user4357@example.com,38.0,20.6,46.93,48833.0,19889.0,,3,standard,two-year,e_check,east,0,paid
CUST104358,user4358@example.com,37.0,14.9,28.45,112012.0,63987.0,689.0,2,basic,month-to-month,bank_transfer,west,0,paid
CUST104359,user4359@example.com,65.0,4.2,99.53,39670.0,12787.0,635.0,2,basic,month-to-month,mailed_check,west,1,overdue
CUST104360,user4360@example.com,46.0,14.3,81.56,75144.0,40081.0,709.0,3,premium,month-to-month,mailed_check,east,1,overdue
CUST104361,user4361@example.com,46.0,120.0,72.06,35980.0,8406.0,812.0,3,basic,month-to-month,mailed_check,west,1,overdue
CUST104362,user4362@example.com,38.0,21.8,77.39,70460.0,29147.0,628.0,0,basic,one-year,e_check,west,0,paid
CUST104363,user4363@example.com,35.0,40.9,78.49,68900.0,26833.0,649.0,2,basic,month-to-month,e_check,south,1,overdue
CUST104364,user4364@example.com,18.0,18.4,51.64,34765.0,11047.0,615.0,3,family,two-year,bank_transfer,west,0,paid
CUST104365,user4365@example.com,54.0,91.2,61.87,52388.0,17069.0,603.0,1,standard,month-to-month,e_check,south,0,paid
CUST104366,user4366@example.com,47.0,4.7,58.14,,13259.0,594.0,2,basic,month-to-month,e_check,north,1,overdue
CUST104367,user4367@example.com,40.0,11.3,132.79,38714.0,21227.0,649.0,2,standard,month-to-month,e_check,north,1,overdue
CUST104368,user4368@example.com,40.0,17.0,95.51,63037.0,18900.0,588.0,2,premium,month-to-month,bank_transfer,west,1,overdue
CUST104369,user4369@example.com,51.0,6.7,74.2,61710.0,8226.0,590.0,2,standard,two-year,credit_card,east,0,paid
CUST104370,user4370@example.com,23.0,11.9,104.15,54154.0,23686.0,397.0,3,standard,one-year,credit_card,west,1,overdue
CUST104371,user4371@example.com,35.0,42.6,100.99,20377.0,9169.0,761.0,2,basic,two-year,e_check,south,0,paid
CUST104372,user4372@example.com,28.0,36.0,35.49,71573.0,5355.0,,2,standard,month-to-month,bank_transfer,west,0,paid
CUST104373,user4373@example.com,63.0,16.3,64.43,55232.0,12872.0,702.0,0,basic,month-to-month,credit_card,west,0,paid
CUST104374,user4374@example.com,53.0,4.8,69.59,77077.0,28622.0,580.0,2,basic,two-year,mailed_check,north,0,paid
CUST104375,user4375@example.com,18.0,2.8,85.29,59635.0,29929.0,549.0,2,family,one-year,mailed_check,east,0,paid
CUST104376,user4376@example.com,24.0,27.0,64.4,56289.0,12431.0,525.0,0,premium,month-to-month,bank_transfer,west,0,paid
CUST104377,user4377@example.com,40.0,4.3,67.54,62451.0,13415.0,,2,basic,month-to-month,e_check,south,0,paid
CUST104378,user4378@example.com,36.0,43.1,58.47,35249.0,16042.0,751.0,3,standard,month-to-month,credit_card,east,0,paid
CUST104379,user4379@example.com,26.0,34.1,96.22,86162.0,14696.0,663.0,5,premium,month-to-month,credit_card,south,1,overdue
CUST104380,user4380@example.com,65.0,49.9,33.92,47492.0,25778.0,719.0,0,standard,month-to-month,bank_transfer,west,0,paid
CUST104381,user4381@example.com,46.0,21.2,59.32,47749.0,23145.0,686.0,2,standard,month-to-month,mailed_check,north,1,overdue
CUST104382,user4382@example.com,48.0,9.8,23.91,80846.0,43752.0,588.0,0,standard,month-to-month,mailed_check,west,0,paid
CUST104383,user4383@example.com,34.0,12.8,44.26,59947.0,14661.0,731.0,1,standard,month-to-month,mailed_check,south,1,overdue
CUST104384,user4384@example.com,51.0,12.7,77.93,50271.0,7096.0,726.0,1,premium,one-year,credit_card,west,0,paid
CUST104385,user4385@example.com,37.0,71.9,78.4,63276.0,23525.0,571.0,4,basic,two-year,e_check,west,0,paid
CUST104386,user4386@example.com,39.0,18.5,62.17,67520.0,10431.0,715.0,1,premium,month-to-month,bank_transfer,west,1,overdue
CUST104387,user4387@example.com,49.0,1.9,98.1,52633.0,10335.0,638.0,2,standard,two-year,credit_card,east,0,paid
CUST104388,user4388@example.com,22.0,15.2,103.85,73447.0,19854.0,629.0,2,basic,month-to-month,bank_transfer,south,1,overdue
CUST104389,user4389@example.com,61.0,3.2,68.27,29589.0,9010.0,681.0,1,basic,month-to-month,mailed_check,south,0,paid
CUST104390,user4390@example.com,44.0,0.4,76.26,60236.0,13693.0,679.0,2,premium,month-to-month,credit_card,east,1,overdue
CUST104391,user4391@example.com,57.0,23.9,58.69,71005.0,14669.0,,2,basic,month-to-month,mailed_check,south,1,overdue
CUST104392,user4392@example.com,29.0,10.6,85.67,67436.0,12523.0,582.0,2,standard,two-year,e_check,west,0,overdue
CUST104393,user4393@example.com,31.0,4.3,40.15,12000.0,5155.0,695.0,1,basic,month-to-month,credit_card,east,0,paid
CUST104394,user4394@example.com,28.0,67.4,114.9,52468.0,11450.0,557.0,1,standard,month-to-month,mailed_check,south,0,paid
CUST104395,user4395@example.com,45.0,51.3,98.5,30719.0,13268.0,636.0,1,basic,two-year,bank_transfer,west,0,paid
CUST104396,user4396@example.com,43.0,7.8,40.03,80715.0,37015.0,641.0,1,standard,two-year,bank_transfer,north,0,paid
CUST104397,user4397@example.com,36.0,16.5,50.27,47187.0,20895.0,728.0,0,standard,month-to-month,mailed_check,south,0,overdue
CUST104398,user4398@example.com,30.0,31.3,80.53,78494.0,43403.0,651.0,0,premium,month-to-month,credit_card,north,0,paid
CUST104399,user4399@example.com,27.0,5.1,61.54,,17628.0,629.0,1,basic,month-to-month,mailed_check,east,0,paid
CUST104400,user4400@example.com,41.0,6.6,83.61,62813.0,8214.0,764.0,1,standard,one-year,credit_card,west,0,paid
CUST104401,user4401@example.com,36.0,30.7,61.02,55159.0,12484.0,616.0,0,standard,month-to-month,mailed_check,west,0,paid
CUST104402,user4402@example.com,34.0,61.6,108.12,110281.0,53290.0,612.0,1,premium,month-to-month,mailed_check,west,0,paid
CUST104403,user4403@example.com,61.0,27.8,70.21,78559.0,37707.0,500.0,1,premium,two-year,e_check,east,0,paid
CUST104404,user4404@example.com,41.0,120.0,130.51,77278.0,6879.0,633.0,2,basic,two-year,e_check,north,0,paid
CUST104405,user4405@example.com,57.0,6.7,85.07,95556.0,55339.0,575.0,2,basic,month-to-month,bank_transfer,east,0,paid
CUST104406,user4406@example.com,36.0,67.3,36.26,60675.0,31607.0,630.0,0,basic,two-year,credit_card,south,0,paid
CUST104407,user4407@example.com,45.0,43.8,122.16,53010.0,28867.0,669.0,1,basic,month-to-month,e_check,west,1,overdue
CUST104408,user4408@example.com,41.0,6.9,97.47,50730.0,8239.0,563.0,0,basic,month-to-month,mailed_check,west,1,overdue
CUST104409,user4409@example.com,22.0,12.4,79.5,61556.0,20037.0,584.0,1,standard,month-to-month,bank_transfer,south,0,paid
CUST104410,user4410@example.com,59.0,32.2,86.17,12000.0,3508.0,522.0,1,premium,month-to-month,e_check,west,0,overdue
CUST104411,user4411@example.com,40.0,79.4,40.27,55047.0,13661.0,609.0,0,premium,one-year,e_check,north,0,paid
CUST104412,user4412@example.com,51.0,6.8,24.89,59536.0,10421.0,574.0,0,basic,one-year,credit_card,west,0,paid
CUST104413,user4413@example.com,33.0,70.6,68.96,51883.0,6578.0,,3,basic,one-year,bank_transfer,south,0,paid
CUST104414,user4414@example.com,40.0,11.6,104.47,24382.0,12893.0,770.0,1,standard,one-year,mailed_check,east,1,overdue
CUST104415,user4415@example.com,32.0,20.6,79.89,52003.0,17772.0,757.0,3,standard,month-to-month,mailed_check,north,1,unpaid
CUST104416,user4416@example.com,57.0,12.0,112.73,24326.0,9255.0,546.0,2,standard,two-year,bank_transfer,south,0,paid
CUST104417,user4417@example.com,46.0,11.1,103.03,90475.0,17541.0,636.0,1,premium,one-year,e_check,west,0,paid
CUST104418,user4418@example.com,46.0,6.8,70.52,49853.0,28131.0,554.0,1,standard,two-year,credit_card,west,0,paid
CUST104419,user4419@example.com,58.0,20.2,99.59,13746.0,7767.0,797.0,1,basic,one-year,bank_transfer,west,0,paid
CUST104420,user4420@example.com,56.0,5.5,108.06,50870.0,21330.0,716.0,5,standard,month-to-month,mailed_check,south,1,overdue
CUST104421,user4421@example.com,51.0,110.1,68.0,72908.0,16499.0,566.0,2,standard,one-year,bank_transfer,west,0,paid
CUST104422,user4422@example.com,25.0,32.7,64.66,58522.0,10421.0,680.0,1,basic,month-to-month,bank_transfer,north,1,overdue
CUST104423,user4423@example.com,34.0,11.8,73.51,36723.0,13859.0,531.0,2,basic,month-to-month,e_check,south,1,unpaid
CUST104424,user4424@example.com,30.0,13.2,10.0,41435.0,21052.0,639.0,2,family,one-year,bank_transfer,south,0,paid
CUST104425,user4425@example.com,51.0,22.4,77.01,49263.0,28663.0,636.0,3,premium,month-to-month,mailed_check,west,0,paid
CUST104426,user4426@example.com,44.0,16.0,88.01,46207.0,4043.0,709.0,2,standard,two-year,credit_card,south,1,unpaid
CUST104427,user4427@example.com,25.0,17.8,73.61,29809.0,6970.0,729.0,1,basic,month-to-month,mailed_check,east,0,paid
CUST104428,user4428@example.com,40.0,24.9,78.62,53648.0,14224.0,652.0,1,family,two-year,credit_card,north,0,paid
CUST104429,user4429@example.com,24.0,11.6,68.91,28325.0,7165.0,632.0,1,standard,two-year,mailed_check,north,0,paid
CUST104430,user4430@example.com,41.0,63.0,20.07,73981.0,30871.0,391.0,2,basic,month-to-month,credit_card,west,0,paid
CUST104431,user4431@example.com,22.0,5.0,111.56,76422.0,26821.0,775.0,2,standard,month-to-month,credit_card,north,0,paid
CUST104432,user4432@example.com,48.0,0.4,60.8,34936.0,18875.0,597.0,1,standard,month-to-month,e_check,north,1,overdue
CUST104433,user4433@example.com,47.0,0.5,54.56,40667.0,7011.0,658.0,1,basic,month-to-month,e_check,west,1,overdue
CUST104434,user4434@example.com,65.0,7.5,103.95,46540.0,12549.0,831.0,3,standard,month-to-month,e_check,south,0,paid
CUST104435,user4435@example.com,52.0,52.2,94.47,54370.0,18901.0,554.0,0,basic,month-to-month,e_check,west,0,overdue
CUST104436,user4436@example.com,37.0,2.8,76.83,60137.0,30023.0,652.0,1,standard,month-to-month,bank_transfer,south,0,paid
CUST104437,user4437@example.com,52.0,21.2,89.23,64261.0,32309.0,690.0,3,standard,one-year,credit_card,east,0,paid
CUST104438,user4438@example.com,25.0,4.2,41.13,63794.0,33342.0,737.0,4,basic,one-year,e_check,south,0,paid
CUST104439,user4439@example.com,30.0,31.1,67.98,86077.0,28881.0,650.0,1,basic,two-year,bank_transfer,north,0,paid
CUST104440,user4440@example.com,46.0,3.8,102.37,56207.0,10279.0,744.0,1,family,month-to-month,e_check,west,1,unpaid
CUST104441,user4441@example.com,18.0,0.7,53.07,28950.0,13011.0,617.0,1,basic,two-year,e_check,west,0,paid
CUST104442,user4442@example.com,42.0,8.4,45.04,22816.0,13121.0,693.0,0,standard,one-year,e_check,north,0,paid
CUST104443,user4443@example.com,30.0,1.3,71.97,87716.0,18150.0,683.0,3,premium,one-year,mailed_check,west,0,paid
CUST104444,user4444@example.com,43.0,8.9,72.55,65193.0,10373.0,643.0,1,premium,month-to-month,e_check,north,0,overdue
CUST104445,user4445@example.com,29.0,44.4,86.19,59129.0,3687.0,676.0,2,standard,month-to-month,credit_card,east,0,paid
CUST104446,user4446@example.com,47.0,0.7,35.55,63980.0,26651.0,580.0,1,basic,month-to-month,credit_card,east,0,paid
CUST104447,user4447@example.com,42.0,41.3,10.0,58205.0,20358.0,626.0,4,standard,month-to-month,e_check,west,1,overdue
CUST104448,user4448@example.com,59.0,33.6,93.03,63664.0,7900.0,547.0,3,standard,month-to-month,mailed_check,north,1,unpaid
CUST104449,user4449@example.com,42.0,61.2,42.93,47548.0,7595.0,615.0,2,premium,month-to-month,bank_transfer,north,0,paid
CUST104450,user4450@example.com,33.0,50.3,54.75,76104.0,31524.0,741.0,4,standard,month-to-month,e_check,south,0,paid
CUST104451,user4451@example.com,39.0,11.0,15.42,,12897.0,684.0,0,basic,one-year,bank_transfer,west,0,paid
CUST104452,user4452@example.com,26.0,46.6,95.57,36934.0,6585.0,675.0,0,standard,month-to-month,credit_card,north,0,paid
CUST104453,user4453@example.com,47.0,53.7,78.76,21183.0,8117.0,522.0,4,basic,one-year,bank_transfer,west,0,paid
CUST104454,user4454@example.com,49.0,30.5,77.75,50246.0,3968.0,676.0,2,standard,month-to-month,mailed_check,north,1,overdue
CUST104455,user4455@example.com,72.0,1.5,77.59,80350.0,4734.0,645.0,1,basic,two-year,mailed_check,east,0,paid
CUST104456,user4456@example.com,35.0,13.2,18.5,45853.0,8872.0,693.0,0,premium,month-to-month,e_check,west,0,paid
CUST104457,user4457@example.com,39.0,8.8,45.37,27429.0,5739.0,761.0,1,standard,two-year,credit_card,west,0,paid
CUST104458,user4458@example.com,35.0,56.3,58.71,60697.0,6519.0,617.0,2,basic,month-to-month,credit_card,east,1,overdue
CUST104459,user4459@example.com,45.0,0.0,51.28,41979.0,4751.0,625.0,1,standard,month-to-month,e_check,north,0,paid
CUST104460,user4460@example.com,47.0,5.3,63.21,85965.0,12232.0,723.0,2,premium,month-to-month,credit_card,north,0,paid
CUST104461,user4461@example.com,41.0,43.2,76.15,76492.0,34309.0,602.0,0,basic,two-year,bank_transfer,north,0,paid
CUST104462,user4462@example.com,55.0,21.7,95.16,29582.0,14596.0,657.0,0,premium,one-year,bank_transfer,south,0,paid
CUST104463,user4463@example.com,35.0,2.4,32.99,51522.0,7722.0,490.0,0,premium,month-to-month,bank_transfer,west,0,paid
CUST104464,user4464@example.com,54.0,24.1,69.78,39895.0,16406.0,625.0,1,standard,month-to-month,bank_transfer,south,0,paid
CUST104465,user4465@example.com,48.0,32.7,87.79,31790.0,5675.0,754.0,0,standard,two-year,e_check,west,0,paid
CUST104466,user4466@example.com,42.0,51.6,46.9,53881.0,28774.0,677.0,2,standard,two-year,bank_transfer,north,0,paid
CUST104467,user4467@example.com,38.0,81.5,65.18,71365.0,14124.0,722.0,4,standard,month-to-month,bank_transfer,south,0,overdue
CUST104468,user4468@example.com,71.0,2.0,81.66,53366.0,6477.0,727.0,0,standard,month-to-month,bank_transfer,west,0,paid
CUST104469,user4469@example.com,32.0,15.8,70.28,44677.0,13025.0,758.0,3,basic,two-year,credit_card,west,1,overdue
CUST104470,user4470@example.com,46.0,29.1,86.85,12000.0,1618.0,622.0,1,standard,month-to-month,bank_transfer,east,0,paid
CUST104471,user4471@example.com,33.0,17.7,72.37,41684.0,6632.0,725.0,3,premium,month-to-month,mailed_check,north,1,overdue
CUST104472,user4472@example.com,63.0,40.1,62.2,66036.0,15617.0,830.0,1,basic,two-year,credit_card,east,0,paid
CUST104473,user4473@example.com,53.0,120.0,40.68,28161.0,11642.0,648.0,1,basic,one-year,bank_transfer,south,0,overdue
CUST104474,user4474@example.com,34.0,120.0,76.18,80651.0,9216.0,,0,basic,month-to-month,mailed_check,west,0,paid
CUST104475,user4475@example.com,48.0,25.7,72.5,43327.0,8937.0,602.0,6,basic,month-to-month,bank_transfer,north,1,unpaid
CUST104476,user4476@example.com,45.0,30.5,45.18,58874.0,30738.0,687.0,0,standard,month-to-month,e_check,west,1,overdue
CUST104477,user4477@example.com,36.0,58.7,84.55,47017.0,9430.0,517.0,0,premium,month-to-month,e_check,west,1,unpaid
CUST104478,user4478@example.com,51.0,0.4,101.7,31474.0,4490.0,589.0,2,basic,one-year,e_check,west,1,overdue
CUST104479,user4479@example.com,47.0,4.8,53.5,63806.0,21917.0,624.0,2,premium,month-to-month,e_check,west,1,overdue
CUST104480,user4480@example.com,45.0,5.1,51.81,,2941.0,659.0,2,premium,month-to-month,bank_transfer,east,0,paid
CUST104481,user4481@example.com,41.0,41.3,50.9,38339.0,18870.0,794.0,0,standard,month-to-month,mailed_check,north,0,paid
CUST104482,user4482@example.com,47.0,79.9,28.03,12000.0,2068.0,705.0,2,basic,one-year,e_check,north,0,paid
CUST104483,user4483@example.com,45.0,15.3,120.11,81054.0,9975.0,561.0,0,basic,month-to-month,credit_card,west,0,paid
CUST104484,user4484@example.com,43.0,3.8,58.78,55123.0,27259.0,850.0,2,basic,two-year,mailed_check,west,0,paid
CUST104485,user4485@example.com,34.0,28.5,48.54,77131.0,39608.0,649.0,3,basic,one-year,e_check,north,1,overdue
CUST104486,user4486@example.com,62.0,6.0,41.83,67404.0,30608.0,516.0,2,standard,two-year,credit_card,east,1,unpaid
CUST104487,user4487@example.com,29.0,17.3,60.3,77129.0,13808.0,567.0,2,basic,month-to-month,credit_card,west,0,paid
CUST104488,user4488@example.com,47.0,3.3,52.62,43717.0,14857.0,567.0,0,standard,two-year,credit_card,south,0,paid
CUST104489,user4489@example.com,38.0,18.0,105.95,27551.0,16062.0,542.0,1,premium,month-to-month,credit_card,west,1,overdue
CUST104490,user4490@example.com,63.0,18.4,38.78,70254.0,21973.0,,1,basic,two-year,mailed_check,south,0,paid
CUST104491,user4491@example.com,31.0,22.3,31.54,57604.0,32967.0,437.0,3,premium,one-year,mailed_check,west,0,overdue
CUST104492,user4492@example.com,33.0,23.0,83.79,45673.0,19274.0,729.0,1,basic,month-to-month,bank_transfer,south,1,overdue
CUST104493,user4493@example.com,30.0,11.1,67.32,69854.0,35957.0,715.0,0,standard,month-to-month,mailed_check,north,0,paid
CUST104494,user4494@example.com,46.0,57.0,64.43,61163.0,9530.0,613.0,4,premium,two-year,credit_card,south,0,paid
CUST104495,user4495@example.com,26.0,3.4,83.99,67779.0,37936.0,723.0,1,standard,month-to-month,bank_transfer,south,0,paid
CUST104496,user4496@example.com,36.0,2.1,73.42,34552.0,17944.0,563.0,3,premium,one-year,e_check,east,1,overdue
CUST104497,user4497@example.com,18.0,15.9,68.83,74552.0,35918.0,583.0,2,premium,month-to-month,bank_transfer,east,0,paid
CUST104498,user4498@example.com,45.0,1.7,34.86,54907.0,31169.0,694.0,1,basic,month-to-month,credit_card,west,1,unpaid
CUST104499,user4499@example.com,36.0,3.7,28.3,76697.0,37113.0,633.0,4,standard,month-to-month,e_check,south,1,overdue
CUST104500,user4500@example.com,24.0,3.8,52.49,74365.0,27308.0,600.0,0,standard,two-year,bank_transfer,north,0,paid
CUST104501,user4501@example.com,55.0,2.4,42.89,68726.0,27956.0,641.0,0,family,month-to-month,e_check,south,1,overdue
CUST104502,user4502@example.com,26.0,38.6,76.73,52777.0,26467.0,756.0,2,family,month-to-month,bank_transfer,west,0,paid
CUST104503,user4503@example.com,52.0,8.8,25.03,69191.0,31969.0,752.0,1,basic,one-year,mailed_check,east,0,paid
CUST104504,user4504@example.com,34.0,73.9,58.82,77216.0,28993.0,684.0,2,premium,one-year,e_check,west,0,paid
CUST104505,user4505@example.com,61.0,21.8,65.67,67135.0,25440.0,622.0,2,basic,month-to-month,bank_transfer,north,1,unpaid
CUST104506,user4506@example.com,51.0,55.1,69.01,59052.0,31543.0,692.0,0,premium,one-year,credit_card,west,0,overdue
CUST104507,user4507@example.com,30.0,23.1,79.97,69237.0,3839.0,581.0,3,basic,month-to-month,e_check,east,1,unpaid
CUST104508,user4508@example.com,31.0,16.1,61.84,44486.0,19791.0,744.0,1,premium,two-year,e_check,east,0,paid
CUST104509,user4509@example.com,49.0,20.0,53.31,85280.0,30796.0,726.0,4,basic,two-year,credit_card,north,0,paid
CUST104510,user4510@example.com,39.0,8.4,101.11,21363.0,10918.0,805.0,1,premium,two-year,mailed_check,north,0,paid
CUST104511,user4511@example.com,40.0,15.7,62.0,55688.0,9077.0,586.0,3,standard,month-to-month,mailed_check,south,1,overdue
CUST104512,user4512@example.com,57.0,3.1,105.48,46881.0,15890.0,576.0,2,premium,month-to-month,credit_card,east,1,overdue
CUST104513,user4513@example.com,33.0,18.1,61.87,42182.0,5070.0,694.0,1,basic,two-year,e_check,east,0,paid
CUST104514,user4514@example.com,43.0,30.5,69.59,61104.0,25215.0,628.0,2,premium,one-year,mailed_check,east,1,unpaid
CUST104515,user4515@example.com,53.0,25.6,66.53,,15273.0,730.0,3,standard,two-year,e_check,east,0,paid
CUST104516,user4516@example.com,52.0,9.0,75.78,98039.0,38524.0,755.0,2,standard,one-year,credit_card,east,0,paid
CUST104517,user4517@example.com,40.0,3.6,59.5,27958.0,9929.0,786.0,1,basic,two-year,credit_card,north,0,paid
CUST104518,user4518@example.com,39.0,29.0,72.4,35975.0,8593.0,655.0,1,basic,month-to-month,credit_card,west,1,unpaid
CUST104519,user4519@example.com,21.0,51.8,108.27,34086.0,13699.0,,0,standard,month-to-month,credit_card,south,1,overdue
CUST104520,user4520@example.com,29.0,2.7,96.22,58970.0,32123.0,609.0,1,basic,one-year,e_check,west,1,overdue
CUST104521,user4521@example.com,46.0,7.3,96.39,75291.0,33638.0,667.0,3,premium,two-year,credit_card,west,0,paid
CUST104522,user4522@example.com,40.0,14.4,36.45,65520.0,4103.0,646.0,1,premium,month-to-month,credit_card,north,0,paid
CUST104523,user4523@example.com,43.0,41.9,40.5,84447.0,27850.0,,3,basic,two-year,credit_card,east,1,overdue
CUST104524,user4524@example.com,54.0,16.4,75.44,38455.0,17498.0,796.0,0,basic,month-to-month,mailed_check,east,1,overdue
CUST104525,user4525@example.com,28.0,24.4,89.27,68174.0,22313.0,543.0,3,family,one-year,bank_transfer,south,1,overdue
CUST104526,user4526@example.com,39.0,4.2,57.02,48929.0,18360.0,650.0,1,standard,month-to-month,credit_card,east,1,overdue
CUST104527,user4527@example.com,44.0,5.3,52.56,59561.0,32840.0,654.0,1,standard,one-year,bank_transfer,east,0,paid
CUST104528,user4528@example.com,34.0,35.0,104.85,77174.0,40954.0,701.0,0,standard,month-to-month,bank_transfer,east,0,paid
CUST104529,user4529@example.com,59.0,38.4,87.15,21155.0,2004.0,562.0,0,basic,month-to-month,credit_card,north,0,paid
CUST104530,user4530@example.com,53.0,7.7,96.45,94820.0,31367.0,626.0,2,premium,two-year,mailed_check,south,1,unpaid
CUST104531,user4531@example.com,45.0,59.7,58.96,52095.0,20436.0,602.0,3,standard,two-year,bank_transfer,south,0,paid
CUST104532,user4532@example.com,64.0,0.9,57.0,22867.0,11859.0,470.0,1,basic,one-year,credit_card,south,1,overdue
CUST104533,user4533@example.com,24.0,7.3,93.72,41143.0,8065.0,743.0,3,standard,two-year,e_check,west,0,paid
CUST104534,user4534@example.com,42.0,6.3,63.43,57046.0,7240.0,532.0,1,premium,month-to-month,e_check,west,0,paid
CUST104535,user4535@example.com,46.0,4.0,54.73,41138.0,15568.0,522.0,0,premium,month-to-month,credit_card,west,0,paid
CUST104536,user4536@example.com,31.0,1.3,47.17,14042.0,4314.0,726.0,1,premium,month-to-month,mailed_check,south,0,paid
CUST104537,user4537@example.com,46.0,37.1,57.22,56936.0,10917.0,623.0,0,basic,one-year,credit_card,north,0,paid
CUST104538,user4538@example.com,29.0,27.5,91.88,40565.0,23066.0,626.0,2,basic,month-to-month,credit_card,south,1,overdue
CUST104539,user4539@example.com,50.0,14.1,32.26,68023.0,15282.0,628.0,0,premium,month-to-month,e_check,east,1,overdue
CUST104540,user4540@example.com,55.0,20.9,85.73,,2704.0,736.0,3,premium,month-to-month,bank_transfer,west,1,unpaid
CUST104541,user4541@example.com,45.0,14.2,52.29,100231.0,8253.0,606.0,2,premium,one-year,mailed_check,north,0,paid
CUST104542,user4542@example.com,20.0,34.4,64.74,65273.0,10482.0,698.0,1,family,one-year,bank_transfer,west,0,paid
CUST104543,user4543@example.com,30.0,3.9,66.34,58936.0,6731.0,559.0,1,standard,two-year,credit_card,east,1,overdue
CUST104544,user4544@example.com,49.0,0.9,64.48,67462.0,18018.0,676.0,1,standard,two-year,e_check,west,0,paid
CUST104545,user4545@example.com,42.0,58.2,62.82,18570.0,1750.0,722.0,1,standard,one-year,bank_transfer,west,1,overdue
CUST104546,user4546@example.com,18.0,13.2,58.89,45061.0,16161.0,762.0,0,basic,month-to-month,mailed_check,east,1,overdue
CUST104547,user4547@example.com,57.0,72.6,55.71,90660.0,24897.0,526.0,1,standard,two-year,credit_card,west,0,paid
CUST104548,user4548@example.com,44.0,104.4,102.99,48597.0,18412.0,626.0,0,family,one-year,mailed_check,north,0,paid
CUST104549,user4549@example.com,32.0,71.2,70.63,53743.0,31928.0,778.0,4,family,two-year,credit_card,north,0,paid
CUST104550,user4550@example.com,54.0,23.0,66.85,45670.0,27199.0,724.0,3,standard,month-to-month,mailed_check,south,1,overdue
CUST104551,user4551@example.com,34.0,2.1,53.88,84290.0,23548.0,634.0,0,basic,month-to-month,credit_card,north,1,overdue
CUST104552,user4552@example.com,34.0,120.0,59.8,50107.0,12621.0,650.0,2,premium,one-year,credit_card,east,0,paid
CUST104553,user4553@example.com,46.0,19.8,53.97,29963.0,12730.0,674.0,3,premium,month-to-month,bank_transfer,south,1,overdue
CUST104554,user4554@example.com,63.0,8.6,89.13,106576.0,26881.0,620.0,0,standard,two-year,e_check,south,0,overdue
CUST104555,user4555@example.com,61.0,30.3,51.16,27500.0,13146.0,694.0,4,standard,one-year,e_check,south,1,overdue
CUST104556,user4556@example.com,46.0,8.9,13.84,53052.0,20208.0,689.0,1,basic,month-to-month,mailed_check,west,0,paid
CUST104557,user4557@example.com,48.0,7.3,71.46,38164.0,6095.0,561.0,2,basic,month-to-month,e_check,south,1,overdue
CUST104558,user4558@example.com,51.0,35.6,63.02,40968.0,11396.0,611.0,0,basic,month-to-month,mailed_check,west,0,paid
CUST104559,user4559@example.com,27.0,4.6,55.36,33803.0,17747.0,614.0,5,standard,month-to-month,bank_transfer,north,1,overdue
CUST104560,user4560@example.com,50.0,25.8,92.79,44200.0,15662.0,630.0,0,basic,month-to-month,credit_card,north,1,unpaid
CUST104561,user4561@example.com,33.0,19.6,10.0,,32893.0,672.0,0,standard,month-to-month,bank_transfer,west,0,paid
CUST104562,user4562@example.com,46.0,25.0,109.41,16960.0,7470.0,664.0,1,basic,one-year,mailed_check,west,0,paid
CUST104563,user4563@example.com,39.0,30.0,96.37,80216.0,25283.0,592.0,1,premium,month-to-month,bank_transfer,east,1,overdue
CUST104564,user4564@example.com,48.0,6.8,54.3,76768.0,16315.0,757.0,3,basic,month-to-month,e_check,south,0,paid
CUST104565,user4565@example.com,43.0,42.6,58.73,65181.0,24638.0,650.0,1,standard,one-year,credit_card,south,0,paid
CUST104566,user4566@example.com,18.0,37.0,82.61,57523.0,6453.0,767.0,1,basic,month-to-month,bank_transfer,north,1,overdue
CUST104567,user4567@example.com,44.0,6.7,83.28,60533.0,22915.0,765.0,3,standard,two-year,credit_card,east,0,paid
CUST104568,user4568@example.com,50.0,65.7,54.15,83468.0,8890.0,565.0,0,basic,month-to-month,mailed_check,west,0,paid
CUST104569,user4569@example.com,47.0,62.8,29.58,20084.0,10966.0,611.0,2,basic,one-year,credit_card,south,0,paid
CUST104570,user4570@example.com,41.0,95.5,122.84,69546.0,31931.0,617.0,2,standard,month-to-month,credit_card,east,0,paid
CUST104571,user4571@example.com,62.0,19.0,93.9,40077.0,5998.0,675.0,3,standard,month-to-month,e_check,east,1,unpaid
CUST104572,user4572@example.com,46.0,0.9,73.92,71515.0,34439.0,708.0,2,basic,month-to-month,bank_transfer,north,1,overdue
CUST104573,user4573@example.com,47.0,38.2,74.39,42728.0,19194.0,,2,family,month-to-month,bank_transfer,south,0,paid
CUST104574,user4574@example.com,55.0,42.1,85.53,69137.0,31156.0,606.0,1,premium,month-to-month,e_check,north,1,unpaid
CUST104575,user4575@example.com,46.0,6.3,88.53,24030.0,5633.0,782.0,1,standard,month-to-month,credit_card,south,1,unpaid
CUST104576,user4576@example.com,31.0,13.2,17.84,21149.0,7138.0,615.0,2,family,month-to-month,credit_card,south,0,paid
CUST104577,user4577@example.com,18.0,2.9,61.23,52739.0,19628.0,709.0,2,premium,month-to-month,credit_card,north,0,paid
CUST104578,user4578@example.com,36.0,10.2,58.63,83711.0,21542.0,647.0,2,standard,two-year,mailed_check,east,1,overdue
CUST104579,user4579@example.com,51.0,31.5,65.96,65726.0,23544.0,645.0,1,family,month-to-month,e_check,south,1,overdue
CUST104580,user4580@example.com,38.0,41.0,89.27,65582.0,12081.0,704.0,1,standard,one-year,bank_transfer,east,0,paid
CUST104581,user4581@example.com,52.0,6.2,25.25,72204.0,38354.0,773.0,2,basic,two-year,mailed_check,south,0,paid
CUST104582,user4582@example.com,44.0,53.7,36.27,47060.0,27210.0,674.0,1,basic,two-year,credit_card,south,0,paid
CUST104583,user4583@example.com,57.0,17.8,52.96,67215.0,15439.0,611.0,1,basic,one-year,bank_transfer,south,0,paid
CUST104584,user4584@example.com,38.0,41.4,73.86,43407.0,10345.0,768.0,1,standard,month-to-month,credit_card,west,0,paid
CUST104585,user4585@example.com,48.0,10.5,90.8,48720.0,8230.0,690.0,2,basic,two-year,e_check,west,0,paid
CUST104586,user4586@example.com,48.0,2.9,110.78,51203.0,26914.0,664.0,1,standard,two-year,mailed_check,north,0,paid
CUST104587,user4587@example.com,60.0,37.5,62.84,44089.0,6166.0,732.0,2,standard,one-year,credit_card,north,0,paid
CUST104588,user4588@example.com,22.0,4.8,90.76,53679.0,26269.0,676.0,1,standard,one-year,mailed_check,west,1,unpaid
CUST104589,user4589@example.com,36.0,15.9,87.75,49909.0,25343.0,847.0,3,standard,month-to-month,credit_card,south,1,unpaid
CUST104590,user4590@example.com,52.0,0.4,83.54,40847.0,9146.0,650.0,1,standard,one-year,mailed_check,west,0,paid
CUST104591,user4591@example.com,61.0,6.2,69.39,52188.0,24906.0,742.0,2,family,month-to-month,credit_card,east,1,overdue
CUST104592,user4592@example.com,45.0,41.2,60.01,,17381.0,685.0,2,standard,month-to-month,credit_card,west,0,paid
CUST104593,user4593@example.com,38.0,10.9,43.37,33003.0,7975.0,685.0,0,family,month-to-month,e_check,south,0,paid
CUST104594,user4594@example.com,51.0,38.8,41.71,63349.0,34295.0,621.0,2,premium,month-to-month,mailed_check,east,1,unpaid
CUST104595,user4595@example.com,52.0,38.9,78.68,45126.0,13513.0,621.0,2,standard,month-to-month,credit_card,east,0,paid
CUST104596,user4596@example.com,38.0,39.0,68.64,58964.0,4739.0,690.0,2,basic,month-to-month,mailed_check,east,1,overdue
CUST104597,user4597@example.com,46.0,29.3,59.61,41694.0,16635.0,581.0,1,premium,month-to-month,bank_transfer,east,1,unpaid
CUST104598,user4598@example.com,56.0,4.9,86.62,76010.0,31309.0,604.0,3,basic,month-to-month,mailed_check,west,0,paid
CUST104599,user4599@example.com,65.0,18.3,64.99,74122.0,29579.0,651.0,0,basic,month-to-month,mailed_check,west,1,unpaid
CUST104600,user4600@example.com,51.0,29.0,47.17,34012.0,8441.0,749.0,0,premium,one-year,credit_card,north,0,paid
CUST104601,user4601@example.com,43.0,51.3,63.34,65500.0,27722.0,656.0,2,standard,month-to-month,credit_card,east,1,overdue
CUST104602,user4602@example.com,41.0,35.8,90.52,83925.0,17633.0,655.0,0,basic,month-to-month,credit_card,south,0,paid
CUST104603,user4603@example.com,49.0,38.6,44.41,36036.0,11005.0,565.0,0,basic,two-year,e_check,east,0,paid
CUST104604,user4604@example.com,41.0,33.2,75.23,37621.0,6365.0,786.0,1,premium,one-year,e_check,west,1,unpaid
CUST104605,user4605@example.com,44.0,5.4,68.61,69701.0,26994.0,739.0,1,basic,one-year,credit_card,west,1,overdue
CUST104606,user4606@example.com,29.0,10.4,50.98,28856.0,14306.0,748.0,2,premium,one-year,credit_card,east,0,paid
CUST104607,user4607@example.com,58.0,15.2,62.67,39450.0,4092.0,534.0,2,standard,two-year,e_check,south,0,paid
CUST104608,user4608@example.com,28.0,16.7,30.71,34707.0,2251.0,678.0,0,premium,one-year,bank_transfer,south,1,unpaid
CUST104609,user4609@example.com,37.0,15.8,72.74,69950.0,32780.0,575.0,3,standard,month-to-month,mailed_check,south,1,overdue
CUST104610,user4610@example.com,43.0,6.2,35.88,41151.0,9365.0,712.0,3,family,month-to-month,e_check,south,0,paid
CUST104611,user4611@example.com,66.0,44.3,96.81,49308.0,11247.0,676.0,1,premium,one-year,credit_card,west,1,unpaid
CUST104612,user4612@example.com,37.0,9.7,67.7,40034.0,14436.0,692.0,1,basic,two-year,credit_card,south,1,unpaid
CUST104613,user4613@example.com,34.0,7.4,55.7,77970.0,24772.0,593.0,1,standard,month-to-month,bank_transfer,east,0,paid
CUST104614,user4614@example.com,35.0,8.1,99.01,37812.0,4419.0,567.0,2,family,month-to-month,e_check,east,1,unpaid
CUST104615,user4615@example.com,62.0,28.5,44.2,26848.0,12571.0,599.0,1,basic,month-to-month,bank_transfer,north,1,unpaid
CUST104616,user4616@example.com,18.0,25.4,51.31,26064.0,3830.0,675.0,2,standard,month-to-month,bank_transfer,south,0,paid
CUST104617,user4617@example.com,30.0,13.3,24.27,68873.0,34734.0,631.0,2,standard,one-year,mailed_check,west,0,paid
CUST104618,user4618@example.com,75.0,32.9,102.74,70317.0,33077.0,670.0,0,standard,month-to-month,bank_transfer,east,1,overdue
CUST104619,user4619@example.com,49.0,12.3,116.82,79971.0,11354.0,568.0,1,basic,month-to-month,credit_card,south,1,unpaid
CUST104620,user4620@example.com,29.0,53.6,28.16,29781.0,13908.0,649.0,2,basic,two-year,credit_card,south,0,paid
CUST104621,user4621@example.com,41.0,82.8,49.61,50376.0,20831.0,762.0,2,standard,month-to-month,bank_transfer,east,0,paid
CUST104622,user4622@example.com,43.0,8.2,71.75,103546.0,61092.0,677.0,3,premium,two-year,bank_transfer,east,0,paid
CUST104623,user4623@example.com,52.0,28.1,57.11,48954.0,21613.0,682.0,4,standard,two-year,credit_card,south,0,paid
CUST104624,user4624@example.com,64.0,51.5,69.22,43732.0,11572.0,682.0,3,basic,two-year,e_check,east,1,unpaid
CUST104625,user4625@example.com,47.0,15.5,67.06,54580.0,21342.0,609.0,1,basic,month-to-month,e_check,east,0,paid
CUST104626,user4626@example.com,36.0,36.8,80.19,65599.0,27160.0,781.0,2,standard,month-to-month,bank_transfer,north,0,paid
CUST104627,user4627@example.com,51.0,10.5,45.98,65265.0,30029.0,679.0,2,basic,two-year,e_check,south,0,paid
CUST104628,user4628@example.com,34.0,16.8,74.82,42711.0,13144.0,664.0,1,basic,one-year,mailed_check,north,0,paid
CUST104629,user4629@example.com,30.0,2.8,42.1,43299.0,21876.0,,0,basic,month-to-month,e_check,north,1,unpaid
CUST104630,user4630@example.com,21.0,5.3,59.7,49071.0,10198.0,725.0,1,standard,two-year,credit_card,west,0,paid
CUST104631,user4631@example.com,23.0,19.7,26.58,40398.0,23424.0,550.0,0,premium,one-year,credit_card,south,0,paid
CUST104632,user4632@example.com,31.0,1.9,59.89,30305.0,6689.0,655.0,1,standard,one-year,bank_transfer,west,1,unpaid
CUST104633,user4633@example.com,28.0,7.4,55.68,91159.0,6440.0,829.0,3,basic,month-to-month,bank_transfer,north,0,paid
CUST104634,user4634@example.com,46.0,14.4,93.59,46862.0,7501.0,782.0,3,basic,one-year,mailed_check,north,1,unpaid
CUST104635,user4635@example.com,28.0,42.5,68.52,47995.0,26882.0,641.0,0,basic,month-to-month,mailed_check,east,0,paid
CUST104636,user4636@example.com,18.0,1.5,73.06,48618.0,23557.0,708.0,2,basic,month-to-month,mailed_check,north,1,unpaid
CUST104637,user4637@example.com,29.0,0.3,69.44,53390.0,15571.0,624.0,2,standard,one-year,e_check,west,1,unpaid
CUST104638,user4638@example.com,36.0,66.6,16.77,63695.0,34894.0,678.0,3,family,month-to-month,e_check,north,0,paid
CUST104639,user4639@example.com,35.0,23.4,20.08,45696.0,8483.0,613.0,1,basic,month-to-month,mailed_check,west,1,unpaid
CUST104640,user4640@example.com,60.0,13.9,62.03,77787.0,13882.0,612.0,0,standard,month-to-month,bank_transfer,north,0,paid
CUST104641,user4641@example.com,35.0,14.0,76.96,66956.0,8097.0,603.0,2,standard,one-year,e_check,west,0,paid
CUST104642,user4642@example.com,53.0,9.6,64.13,51182.0,15014.0,785.0,1,standard,two-year,bank_transfer,east,1,unpaid
CUST104643,user4643@example.com,42.0,4.9,48.4,41675.0,13868.0,,2,basic,month-to-month,e_check,south,0,paid
CUST104644,user4644@example.com,41.0,40.3,63.99,,9958.0,741.0,3,basic,one-year,bank_transfer,south,0,paid
CUST104645,user4645@example.com,32.0,64.3,61.82,51759.0,5850.0,615.0,0,standard,month-to-month,mailed_check,north,0,paid
CUST104646,user4646@example.com,41.0,22.7,89.48,30145.0,7981.0,606.0,4,standard,month-to-month,e_check,east,1,overdue
CUST104647,user4647@example.com,33.0,57.5,88.08,75421.0,13420.0,681.0,1,standard,month-to-month,e_check,north,1,unpaid
CUST104648,user4648@example.com,44.0,15.8,56.16,40473.0,14807.0,546.0,3,premium,month-to-month,e_check,south,1,overdue
CUST104649,user4649@example.com,39.0,2.5,68.75,72370.0,24489.0,703.0,3,basic,month-to-month,e_check,south,0,paid
CUST104650,user4650@example.com,31.0,44.4,76.9,12000.0,1672.0,639.0,3,standard,month-to-month,mailed_check,north,1,overdue
CUST104651,user4651@example.com,54.0,2.2,80.62,47627.0,2729.0,606.0,1,standard,month-to-month,credit_card,south,1,overdue
CUST104652,user4652@example.com,47.0,28.5,111.31,78199.0,31642.0,589.0,2,basic,one-year,mailed_check,north,1,overdue
CUST104653,user4653@example.com,37.0,19.8,69.3,55103.0,26179.0,808.0,0,premium,one-year,credit_card,south,0,paid
CUST104654,user4654@example.com,44.0,7.5,99.22,66963.0,21331.0,,1,basic,month-to-month,mailed_check,east,1,overdue
CUST104655,user4655@example.com,41.0,14.6,41.0,36961.0,13547.0,644.0,6,standard,month-to-month,bank_transfer,west,0,paid
CUST104656,user4656@example.com,32.0,97.4,54.06,61954.0,35868.0,720.0,4,standard,one-year,mailed_check,north,1,overdue
CUST104657,user4657@example.com,43.0,24.9,16.6,55075.0,26008.0,583.0,2,basic,two-year,bank_transfer,north,1,overdue
CUST104658,user4658@example.com,35.0,47.3,73.78,59867.0,13985.0,741.0,3,basic,one-year,credit_card,east,0,paid
CUST104659,user4659@example.com,31.0,6.0,86.19,95786.0,49585.0,647.0,1,standard,two-year,credit_card,north,0,paid
CUST104660,user4660@example.com,23.0,30.7,10.0,81092.0,28518.0,539.0,3,basic,month-to-month,credit_card,east,0,paid
CUST104661,user4661@example.com,38.0,19.5,74.71,70840.0,23878.0,608.0,1,standard,month-to-month,bank_transfer,west,0,paid
CUST104662,user4662@example.com,49.0,3.4,85.11,71092.0,30607.0,562.0,3,standard,one-year,e_check,south,1,overdue
CUST104663,user4663@example.com,34.0,11.8,83.68,36817.0,10538.0,656.0,2,premium,month-to-month,e_check,east,1,overdue
CUST104664,user4664@example.com,72.0,75.0,40.1,45575.0,24357.0,587.0,2,basic,month-to-month,mailed_check,west,0,paid
CUST104665,user4665@example.com,53.0,18.5,89.33,24348.0,3458.0,578.0,0,premium,two-year,e_check,south,1,unpaid
CUST104666,user4666@example.com,58.0,39.1,70.23,29608.0,8351.0,673.0,3,standard,month-to-month,mailed_check,north,1,unpaid
CUST104667,user4667@example.com,52.0,5.8,84.78,,3193.0,654.0,2,standard,two-year,credit_card,north,1,overdue
CUST104668,user4668@example.com,64.0,40.0,66.85,54418.0,23833.0,747.0,2,family,two-year,bank_transfer,north,0,paid
CUST104669,user4669@example.com,33.0,21.6,79.53,,6059.0,743.0,1,standard,month-to-month,mailed_check,south,0,paid
CUST104670,user4670@example.com,18.0,50.9,97.73,54217.0,15397.0,655.0,2,premium,two-year,bank_transfer,west,0,overdue
CUST104671,user4671@example.com,37.0,10.1,64.9,51919.0,27907.0,690.0,2,basic,one-year,e_check,west,0,paid
CUST104672,user4672@example.com,49.0,15.6,77.1,32315.0,4927.0,537.0,0,premium,one-year,mailed_check,north,1,overdue
CUST104673,user4673@example.com,44.0,47.3,101.24,85512.0,4381.0,706.0,0,family,month-to-month,credit_card,west,0,paid
CUST104674,user4674@example.com,45.0,29.4,66.67,28509.0,10491.0,683.0,1,basic,month-to-month,bank_transfer,south,0,paid
CUST104675,user4675@example.com,58.0,12.3,41.87,77346.0,22481.0,726.0,4,standard,month-to-month,credit_card,south,0,paid
CUST104676,user4676@example.com,47.0,3.2,86.9,12000.0,963.0,626.0,0,premium,month-to-month,credit_card,north,0,paid
CUST104677,user4677@example.com,52.0,3.3,105.87,52155.0,11106.0,626.0,1,standard,one-year,mailed_check,west,0,paid
CUST104678,user4678@example.com,31.0,101.7,102.22,31048.0,5635.0,627.0,3,standard,two-year,credit_card,west,0,paid
CUST104679,user4679@example.com,29.0,15.1,87.87,41911.0,8103.0,765.0,1,basic,two-year,bank_transfer,north,0,paid
CUST104680,user4680@example.com,61.0,14.6,11.4,91203.0,44171.0,673.0,0,basic,month-to-month,e_check,east,0,paid
CUST104681,user4681@example.com,43.0,17.5,54.1,48061.0,10459.0,530.0,3,standard,month-to-month,credit_card,west,1,overdue
CUST104682,user4682@example.com,35.0,117.3,55.38,,10508.0,702.0,1,standard,month-to-month,credit_card,west,0,paid
CUST104683,user4683@example.com,35.0,8.3,71.12,64753.0,12694.0,613.0,0,standard,month-to-month,bank_transfer,west,1,overdue
CUST104684,user4684@example.com,34.0,20.0,112.21,47885.0,27428.0,737.0,0,standard,month-to-month,mailed_check,south,0,paid
CUST104685,user4685@example.com,33.0,4.9,42.99,58014.0,27604.0,693.0,3,family,month-to-month,bank_transfer,south,1,overdue
CUST104686,user4686@example.com,27.0,7.5,126.06,36711.0,10382.0,749.0,2,basic,month-to-month,credit_card,west,0,paid
CUST104687,user4687@example.com,24.0,1.1,60.44,37696.0,16957.0,733.0,2,standard,month-to-month,mailed_check,east,0,paid
CUST104688,user4688@example.com,40.0,7.5,50.83,,8758.0,725.0,3,standard,month-to-month,bank_transfer,south,1,overdue
CUST104689,user4689@example.com,35.0,16.5,91.13,70969.0,6758.0,741.0,1,family,month-to-month,e_check,west,0,paid
CUST104690,user4690@example.com,55.0,6.8,93.11,50463.0,14472.0,715.0,2,premium,month-to-month,mailed_check,south,0,paid
CUST104691,user4691@example.com,46.0,23.3,86.25,34035.0,12270.0,594.0,6,basic,month-to-month,bank_transfer,east,1,overdue
CUST104692,user4692@example.com,45.0,0.2,50.76,58236.0,14102.0,559.0,0,premium,one-year,credit_card,south,0,paid
CUST104693,user4693@example.com,33.0,10.5,82.55,56590.0,15327.0,584.0,3,standard,two-year,bank_transfer,east,0,paid
CUST104694,user4694@example.com,41.0,3.5,44.16,66472.0,29443.0,708.0,1,basic,month-to-month,bank_transfer,south,1,unpaid
CUST104695,user4695@example.com,46.0,7.1,50.07,45364.0,24610.0,472.0,2,basic,month-to-month,mailed_check,north,0,paid
CUST104696,user4696@example.com,51.0,0.1,67.63,53449.0,28956.0,,3,basic,one-year,e_check,east,0,paid
CUST104697,user4697@example.com,41.0,11.1,49.5,63434.0,23257.0,629.0,1,standard,month-to-month,e_check,north,0,paid
CUST104698,user4698@example.com,55.0,29.5,96.32,34813.0,13794.0,748.0,1,standard,two-year,bank_transfer,north,0,paid
CUST104699,user4699@example.com,42.0,11.4,55.55,72724.0,24948.0,641.0,0,basic,month-to-month,e_check,south,0,paid
CUST104700,user4700@example.com,52.0,3.6,64.49,55329.0,14063.0,621.0,0,premium,two-year,credit_card,west,1,unpaid
CUST104701,user4701@example.com,36.0,36.5,48.0,32980.0,15038.0,755.0,1,standard,month-to-month,bank_transfer,north,0,paid
CUST104702,user4702@example.com,20.0,25.2,95.94,,3650.0,643.0,3,family,two-year,bank_transfer,east,0,paid
CUST104703,user4703@example.com,45.0,28.4,53.35,53012.0,28717.0,630.0,1,basic,month-to-month,mailed_check,north,0,paid
CUST104704,user4704@example.com,51.0,1.4,98.55,43995.0,9065.0,611.0,2,basic,two-year,mailed_check,east,0,paid
CUST104705,user4705@example.com,49.0,23.4,96.71,70092.0,11940.0,673.0,0,premium,month-to-month,e_check,west,0,paid
CUST104706,user4706@example.com,47.0,12.6,58.85,49265.0,9887.0,623.0,0,premium,month-to-month,credit_card,south,1,overdue
CUST104707,user4707@example.com,38.0,27.8,70.74,61061.0,30313.0,624.0,3,basic,one-year,credit_card,north,0,paid
CUST104708,user4708@example.com,32.0,67.1,58.16,38028.0,7525.0,766.0,3,standard,month-to-month,mailed_check,south,0,paid
CUST104709,user4709@example.com,49.0,27.2,83.64,54540.0,21011.0,654.0,1,basic,one-year,mailed_check,west,0,paid
CUST104710,user4710@example.com,47.0,10.1,65.14,81311.0,19412.0,614.0,0,premium,month-to-month,e_check,west,1,overdue
CUST104711,user4711@example.com,35.0,2.9,59.56,52037.0,21389.0,570.0,5,basic,month-to-month,bank_transfer,west,1,unpaid
CUST104712,user4712@example.com,55.0,14.8,71.15,43941.0,16495.0,666.0,3,basic,one-year,e_check,north,0,paid
CUST104713,user4713@example.com,31.0,2.2,30.44,37724.0,22588.0,605.0,2,premium,one-year,credit_card,south,0,paid
CUST104714,user4714@example.com,35.0,17.4,68.1,54625.0,12073.0,621.0,1,basic,one-year,bank_transfer,south,1,unpaid
CUST104715,user4715@example.com,62.0,5.0,86.24,83186.0,20164.0,582.0,0,standard,month-to-month,bank_transfer,south,1,overdue
CUST104716,user4716@example.com,52.0,4.9,73.45,27728.0,4418.0,666.0,1,basic,one-year,bank_transfer,south,1,overdue
CUST104717,user4717@example.com,38.0,4.3,93.79,54002.0,16479.0,546.0,3,standard,month-to-month,mailed_check,west,1,unpaid
CUST104718,user4718@example.com,45.0,40.4,60.57,20723.0,10580.0,683.0,2,basic,month-to-month,mailed_check,north,0,paid
CUST104719,user4719@example.com,44.0,37.3,58.52,46792.0,7770.0,606.0,0,basic,one-year,bank_transfer,west,0,paid
CUST104720,user4720@example.com,18.0,17.6,42.07,60255.0,34874.0,707.0,0,standard,month-to-month,mailed_check,west,1,overdue
CUST104721,user4721@example.com,31.0,18.6,59.86,23392.0,1339.0,689.0,1,standard,month-to-month,e_check,north,1,overdue
CUST104722,user4722@example.com,41.0,89.8,119.15,,22721.0,658.0,0,standard,month-to-month,mailed_check,east,0,paid
CUST104723,user4723@example.com,38.0,46.2,76.89,60810.0,26172.0,718.0,4,basic,one-year,bank_transfer,south,1,unpaid
CUST104724,user4724@example.com,45.0,55.7,55.36,57623.0,31571.0,775.0,1,family,month-to-month,credit_card,north,0,paid
CUST104725,user4725@example.com,56.0,23.5,44.85,61779.0,20819.0,751.0,3,standard,month-to-month,mailed_check,west,1,overdue
CUST104726,user4726@example.com,38.0,0.0,30.04,35508.0,15074.0,545.0,0,standard,month-to-month,e_check,south,0,paid
CUST104727,user4727@example.com,29.0,32.8,49.24,60802.0,4693.0,602.0,1,premium,two-year,credit_card,north,0,paid
CUST104728,user4728@example.com,46.0,13.9,88.98,43000.0,11476.0,611.0,2,basic,two-year,e_check,south,1,overdue
CUST104729,user4729@example.com,38.0,1.9,59.32,69281.0,32831.0,701.0,2,standard,two-year,bank_transfer,south,0,paid
CUST104730,user4730@example.com,40.0,12.6,46.05,12000.0,1319.0,608.0,1,standard,month-to-month,credit_card,south,1,overdue
CUST104731,user4731@example.com,38.0,38.9,48.8,,23635.0,605.0,0,basic,month-to-month,mailed_check,north,0,paid
CUST104732,user4732@example.com,69.0,6.9,86.24,56978.0,12509.0,591.0,1,basic,two-year,mailed_check,east,0,paid
CUST104733,user4733@example.com,18.0,3.1,67.97,81989.0,20017.0,674.0,0,basic,one-year,credit_card,west,1,overdue
CUST104734,user4734@example.com,37.0,3.1,54.32,56736.0,23038.0,701.0,3,premium,two-year,e_check,west,0,paid
CUST104735,user4735@example.com,42.0,1.3,62.29,,5465.0,553.0,1,standard,month-to-month,bank_transfer,south,1,overdue
CUST104736,user4736@example.com,33.0,52.5,125.15,62510.0,24600.0,,2,standard,one-year,mailed_check,east,1,overdue
CUST104737,user4737@example.com,53.0,34.5,100.49,80062.0,44238.0,498.0,1,basic,one-year,mailed_check,east,0,paid
CUST104738,user4738@example.com,52.0,70.1,106.72,47362.0,4811.0,459.0,0,basic,one-year,mailed_check,north,0,paid
CUST104739,user4739@example.com,41.0,35.8,26.2,26938.0,5095.0,689.0,3,standard,month-to-month,credit_card,east,0,overdue
CUST104740,user4740@example.com,39.0,26.7,66.22,23109.0,1329.0,675.0,1,basic,two-year,credit_card,south,0,paid
CUST104741,user4741@example.com,41.0,11.8,53.88,68284.0,22868.0,664.0,1,premium,month-to-month,credit_card,west,0,paid
CUST104742,user4742@example.com,41.0,10.9,83.6,59464.0,26879.0,777.0,2,basic,one-year,mailed_check,east,0,paid
CUST104743,user4743@example.com,41.0,18.6,96.5,49873.0,27905.0,516.0,0,standard,month-to-month,bank_transfer,north,0,paid
CUST104744,user4744@example.com,40.0,32.1,78.16,43278.0,10924.0,484.0,1,premium,month-to-month,credit_card,south,1,overdue
CUST104745,user4745@example.com,45.0,5.7,48.19,58617.0,7726.0,560.0,2,basic,month-to-month,e_check,south,1,overdue
CUST104746,user4746@example.com,51.0,24.4,53.47,59194.0,3907.0,480.0,1,premium,month-to-month,e_check,north,1,overdue
CUST104747,user4747@example.com,27.0,9.8,85.51,64597.0,14777.0,601.0,1,basic,two-year,bank_transfer,west,0,paid
CUST104748,user4748@example.com,29.0,43.1,88.0,32827.0,10889.0,697.0,3,standard,two-year,mailed_check,west,0,paid
CUST104749,user4749@example.com,21.0,12.1,73.52,19714.0,10752.0,674.0,1,standard,month-to-month,mailed_check,east,1,unpaid
CUST104750,user4750@example.com,52.0,13.1,73.24,36729.0,6209.0,732.0,1,standard,one-year,e_check,south,0,paid
CUST104751,user4751@example.com,45.0,27.3,71.25,27977.0,13421.0,680.0,2,basic,month-to-month,credit_card,west,0,paid
CUST104752,user4752@example.com,48.0,22.2,76.73,26941.0,8473.0,618.0,0,basic,one-year,mailed_check,north,0,paid
CUST104753,user4753@example.com,25.0,24.5,87.9,86395.0,45542.0,608.0,3,basic,month-to-month,credit_card,north,1,unpaid
CUST104754,user4754@example.com,63.0,2.9,85.75,12000.0,6296.0,685.0,3,premium,month-to-month,bank_transfer,east,0,paid
CUST104755,user4755@example.com,35.0,19.9,70.59,64394.0,33596.0,528.0,0,family,one-year,mailed_check,south,0,paid
CUST104756,user4756@example.com,44.0,1.9,68.77,73140.0,19802.0,396.0,1,basic,two-year,bank_transfer,north,0,paid
CUST104757,user4757@example.com,52.0,6.5,67.82,74749.0,17971.0,681.0,0,basic,month-to-month,bank_transfer,west,0,paid
CUST104758,user4758@example.com,30.0,8.6,50.49,60545.0,9930.0,669.0,1,standard,month-to-month,mailed_check,south,1,overdue
CUST104759,user4759@example.com,35.0,7.6,50.17,81398.0,14296.0,776.0,2,standard,month-to-month,e_check,south,1,unpaid
CUST104760,user4760@example.com,44.0,1.6,83.6,90668.0,35263.0,706.0,3,standard,one-year,mailed_check,south,1,overdue
CUST104761,user4761@example.com,76.0,11.4,52.18,48955.0,28348.0,675.0,3,standard,two-year,mailed_check,south,0,paid
CUST104762,user4762@example.com,46.0,14.4,90.35,63949.0,24510.0,625.0,1,standard,month-to-month,mailed_check,west,1,overdue
CUST104763,user4763@example.com,61.0,43.2,68.72,80516.0,22285.0,585.0,2,basic,month-to-month,credit_card,north,0,paid
CUST104764,user4764@example.com,56.0,41.3,90.49,37761.0,6923.0,628.0,1,premium,two-year,credit_card,south,0,paid
CUST104765,user4765@example.com,46.0,63.8,85.92,50102.0,20471.0,726.0,0,premium,month-to-month,e_check,west,0,paid
CUST104766,user4766@example.com,30.0,65.2,91.07,42484.0,7053.0,687.0,1,family,month-to-month,bank_transfer,west,0,paid
CUST104767,user4767@example.com,55.0,26.4,58.09,64220.0,6509.0,725.0,1,standard,two-year,e_check,north,0,paid
CUST104768,user4768@example.com,24.0,89.2,80.22,17038.0,1728.0,659.0,3,standard,month-to-month,mailed_check,east,1,overdue
CUST104769,user4769@example.com,61.0,8.3,88.45,83733.0,43353.0,578.0,3,standard,two-year,bank_transfer,north,0,paid
CUST104770,user4770@example.com,44.0,9.1,31.22,65676.0,17092.0,743.0,3,basic,month-to-month,e_check,west,1,overdue
CUST104771,user4771@example.com,18.0,3.5,112.54,66799.0,37887.0,736.0,2,basic,one-year,credit_card,south,0,paid
CUST104772,user4772@example.com,38.0,0.9,126.65,12000.0,3878.0,665.0,3,premium,two-year,e_check,west,0,paid
CUST104773,user4773@example.com,50.0,2.0,93.68,34197.0,14716.0,694.0,1,premium,month-to-month,credit_card,west,1,overdue
CUST104774,user4774@example.com,39.0,2.5,90.15,84809.0,42814.0,690.0,3,family,month-to-month,credit_card,west,1,unpaid
CUST104775,user4775@example.com,51.0,85.6,84.72,51452.0,27319.0,613.0,0,standard,month-to-month,e_check,east,0,paid
CUST104776,user4776@example.com,32.0,17.6,61.91,,2860.0,629.0,2,basic,month-to-month,credit_card,north,0,paid
CUST104777,user4777@example.com,26.0,7.0,67.25,59432.0,10054.0,577.0,0,premium,month-to-month,credit_card,south,0,overdue
CUST104778,user4778@example.com,41.0,8.4,94.11,68583.0,9091.0,629.0,0,standard,month-to-month,bank_transfer,west,0,paid
CUST104779,user4779@example.com,42.0,4.4,45.67,65630.0,19364.0,732.0,2,basic,one-year,credit_card,west,0,paid
CUST104780,user4780@example.com,38.0,13.6,43.48,,7033.0,717.0,1,basic,month-to-month,mailed_check,south,0,paid
CUST104781,user4781@example.com,57.0,11.9,60.07,77711.0,31704.0,695.0,1,standard,one-year,bank_transfer,south,0,paid
CUST104782,user4782@example.com,32.0,52.3,86.41,40960.0,10222.0,,1,standard,month-to-month,mailed_check,east,1,unpaid
CUST104783,user4783@example.com,46.0,90.3,48.35,65802.0,38181.0,621.0,1,basic,month-to-month,e_check,north,0,paid
CUST104784,user4784@example.com,43.0,7.4,64.36,57700.0,28800.0,556.0,3,family,month-to-month,mailed_check,east,1,overdue
CUST104785,user4785@example.com,23.0,35.6,67.33,52338.0,23466.0,637.0,2,basic,two-year,mailed_check,south,0,paid
CUST104786,user4786@example.com,26.0,21.0,44.7,47420.0,20333.0,644.0,2,basic,month-to-month,bank_transfer,west,1,overdue
CUST104787,user4787@example.com,42.0,25.6,10.0,48128.0,3455.0,704.0,0,standard,month-to-month,e_check,east,1,overdue
CUST104788,user4788@example.com,66.0,12.7,44.34,55645.0,5343.0,691.0,1,standard,one-year,mailed_check,south,0,paid
CUST104789,user4789@example.com,49.0,45.5,76.52,49146.0,14137.0,731.0,2,standard,month-to-month,e_check,west,1,overdue
CUST104790,user4790@example.com,21.0,37.9,82.15,69661.0,38529.0,489.0,1,standard,month-to-month,e_check,east,1,unpaid
CUST104791,user4791@example.com,18.0,21.6,82.36,44280.0,4504.0,586.0,1,basic,month-to-month,credit_card,east,0,paid
CUST104792,user4792@example.com,51.0,19.9,85.24,,24275.0,643.0,3,standard,month-to-month,e_check,east,1,unpaid
CUST104793,user4793@example.com,41.0,3.3,54.34,43387.0,21114.0,688.0,2,standard,two-year,credit_card,east,0,paid
CUST104794,user4794@example.com,56.0,6.5,48.98,73402.0,16580.0,818.0,0,family,month-to-month,bank_transfer,north,0,paid
CUST104795,user4795@example.com,31.0,6.7,79.38,74264.0,41674.0,572.0,1,premium,month-to-month,bank_transfer,east,1,unpaid
CUST104796,user4796@example.com,46.0,1.1,64.71,58317.0,32896.0,593.0,5,premium,one-year,e_check,south,1,overdue
CUST104797,user4797@example.com,52.0,11.1,92.68,56535.0,4598.0,616.0,0,premium,month-to-month,e_check,north,1,overdue
CUST104798,user4798@example.com,37.0,20.5,79.53,40421.0,15725.0,590.0,3,basic,month-to-month,mailed_check,west,0,overdue
CUST104799,user4799@example.com,37.0,37.7,102.1,44659.0,5809.0,579.0,0,standard,one-year,e_check,west,0,paid
CUST104800,user4800@example.com,42.0,0.4,58.36,59396.0,17377.0,654.0,1,premium,one-year,mailed_check,north,0,paid
CUST104801,user4801@example.com,49.0,17.5,96.69,54097.0,29418.0,729.0,3,premium,month-to-month,bank_transfer,east,1,unpaid
CUST104802,user4802@example.com,42.0,62.9,120.87,78662.0,7107.0,,3,family,month-to-month,e_check,south,1,overdue
CUST104803,user4803@example.com,54.0,8.8,71.34,45908.0,25963.0,581.0,0,basic,month-to-month,e_check,east,0,paid
CUST104804,user4804@example.com,36.0,2.5,82.48,47119.0,28128.0,634.0,1,standard,month-to-month,mailed_check,west,1,overdue
CUST104805,user4805@example.com,26.0,34.7,46.74,21705.0,9087.0,567.0,0,basic,two-year,e_check,east,0,paid
CUST104806,user4806@example.com,66.0,12.4,92.35,67871.0,16693.0,729.0,1,basic,month-to-month,e_check,south,1,overdue
CUST104807,user4807@example.com,35.0,24.4,98.23,66064.0,12424.0,,1,standard,one-year,e_check,north,1,overdue
CUST104808,user4808@example.com,35.0,8.9,57.64,74542.0,21463.0,522.0,3,family,month-to-month,mailed_check,north,0,paid
CUST104809,user4809@example.com,41.0,18.3,84.65,75669.0,11267.0,668.0,0,premium,month-to-month,mailed_check,east,0,paid
CUST104810,user4810@example.com,43.0,70.5,77.01,70779.0,4320.0,588.0,2,standard,one-year,bank_transfer,south,0,paid
CUST104811,user4811@example.com,37.0,9.6,79.77,71622.0,6053.0,655.0,2,premium,month-to-month,credit_card,north,0,paid
CUST104812,user4812@example.com,42.0,32.9,90.3,67201.0,27886.0,,0,standard,month-to-month,credit_card,north,0,paid
CUST104813,user4813@example.com,42.0,22.8,82.97,70282.0,4316.0,543.0,2,basic,one-year,e_check,east,1,overdue
CUST104814,user4814@example.com,44.0,39.5,66.53,18161.0,3919.0,747.0,1,standard,two-year,bank_transfer,east,0,paid
CUST104815,user4815@example.com,18.0,38.1,90.83,33004.0,13928.0,638.0,1,basic,month-to-month,credit_card,west,1,unpaid
CUST104816,user4816@example.com,65.0,20.8,97.8,29736.0,4345.0,612.0,4,standard,one-year,e_check,west,1,overdue
CUST104817,user4817@example.com,40.0,62.7,56.15,80403.0,18714.0,659.0,2,standard,month-to-month,credit_card,north,1,overdue
CUST104818,user4818@example.com,49.0,1.0,69.96,39341.0,2647.0,580.0,0,family,one-year,bank_transfer,north,0,paid
CUST104819,user4819@example.com,25.0,1.9,25.78,42543.0,4758.0,635.0,2,basic,two-year,credit_card,south,0,paid
CUST104820,user4820@example.com,36.0,2.3,84.59,55133.0,9607.0,503.0,0,premium,one-year,credit_card,north,0,paid
CUST104821,user4821@example.com,34.0,20.8,100.58,30126.0,3597.0,461.0,2,basic,two-year,bank_transfer,east,1,overdue
CUST104822,user4822@example.com,60.0,3.1,63.57,62611.0,19386.0,572.0,5,standard,month-to-month,mailed_check,east,1,overdue
CUST104823,user4823@example.com,35.0,17.6,73.34,12392.0,1485.0,607.0,1,premium,month-to-month,credit_card,east,1,overdue
CUST104824,user4824@example.com,51.0,22.1,64.5,31450.0,6851.0,509.0,3,standard,month-to-month,credit_card,south,1,overdue
CUST104825,user4825@example.com,34.0,20.2,60.4,58976.0,26419.0,610.0,0,standard,one-year,mailed_check,north,0,paid
CUST104826,user4826@example.com,37.0,11.8,75.8,30167.0,12357.0,607.0,1,premium,month-to-month,mailed_check,south,0,paid
CUST104827,user4827@example.com,39.0,18.4,50.39,80982.0,21108.0,645.0,1,basic,month-to-month,e_check,south,1,unpaid
CUST104828,user4828@example.com,57.0,27.0,64.12,55926.0,31436.0,699.0,3,basic,one-year,mailed_check,west,0,paid
CUST104829,user4829@example.com,19.0,47.8,47.39,77641.0,37499.0,787.0,3,standard,one-year,e_check,north,0,paid
CUST104830,user4830@example.com,26.0,3.4,84.73,62158.0,23866.0,684.0,3,standard,one-year,bank_transfer,east,1,overdue
CUST104831,user4831@example.com,19.0,41.5,75.98,54761.0,15893.0,571.0,3,standard,month-to-month,e_check,west,1,overdue
CUST104832,user4832@example.com,29.0,19.0,59.22,35069.0,2911.0,703.0,1,premium,two-year,mailed_check,east,1,overdue
CUST104833,user4833@example.com,32.0,2.4,70.93,73583.0,20388.0,762.0,1,premium,month-to-month,mailed_check,west,0,paid
CUST104834,user4834@example.com,23.0,12.7,64.48,63825.0,22332.0,560.0,1,standard,one-year,bank_transfer,west,1,overdue
CUST104835,user4835@example.com,33.0,14.4,98.6,96693.0,57538.0,565.0,1,basic,month-to-month,credit_card,east,0,paid
CUST104836,user4836@example.com,18.0,17.3,58.97,71568.0,41036.0,536.0,1,premium,month-to-month,e_check,north,0,overdue
CUST104837,user4837@example.com,30.0,18.0,85.88,47052.0,5256.0,605.0,4,standard,month-to-month,credit_card,west,1,overdue
CUST104838,user4838@example.com,56.0,61.9,52.37,60788.0,35780.0,680.0,1,premium,month-to-month,e_check,north,1,overdue
CUST104839,user4839@example.com,47.0,16.6,90.36,63443.0,29503.0,769.0,2,family,month-to-month,e_check,north,0,paid
CUST104840,user4840@example.com,44.0,19.7,95.93,78259.0,33265.0,721.0,1,basic,month-to-month,e_check,east,1,unpaid
CUST104841,user4841@example.com,30.0,3.7,97.11,81437.0,44543.0,681.0,1,premium,month-to-month,mailed_check,east,0,paid
CUST104842,user4842@example.com,24.0,15.5,106.78,51760.0,11842.0,654.0,2,basic,month-to-month,mailed_check,north,1,overdue
CUST104843,user4843@example.com,28.0,48.0,77.31,30690.0,8274.0,681.0,3,basic,two-year,credit_card,north,0,paid
CUST104844,user4844@example.com,41.0,18.9,100.95,17923.0,9482.0,686.0,3,premium,month-to-month,e_check,south,1,overdue
CUST104845,user4845@example.com,52.0,9.5,110.6,32209.0,3453.0,754.0,1,basic,two-year,e_check,south,0,paid
CUST104846,user4846@example.com,53.0,4.5,41.95,43164.0,18994.0,648.0,0,basic,month-to-month,bank_transfer,west,0,paid
CUST104847,user4847@example.com,50.0,8.3,54.92,85087.0,42152.0,671.0,1,standard,one-year,bank_transfer,north,1,unpaid
CUST104848,user4848@example.com,33.0,9.0,32.61,85390.0,45836.0,617.0,0,standard,two-year,mailed_check,west,1,unpaid
CUST104849,user4849@example.com,42.0,3.0,96.53,74203.0,12655.0,,3,basic,one-year,mailed_check,north,0,paid
CUST104850,user4850@example.com,38.0,92.1,32.29,79608.0,33721.0,629.0,0,basic,month-to-month,e_check,north,0,paid
CUST104851,user4851@example.com,40.0,10.1,25.5,40852.0,3969.0,,1,standard,one-year,e_check,south,0,overdue
CUST104852,user4852@example.com,66.0,5.5,42.57,24694.0,12928.0,720.0,1,standard,two-year,bank_transfer,north,0,paid
CUST104853,user4853@example.com,21.0,9.6,26.54,34869.0,10984.0,,1,standard,month-to-month,mailed_check,east,0,paid
CUST104854,user4854@example.com,39.0,5.0,76.8,14304.0,5625.0,647.0,1,basic,one-year,e_check,north,1,overdue
CUST104855,user4855@example.com,57.0,38.7,42.89,32721.0,16958.0,677.0,2,standard,month-to-month,bank_transfer,south,0,overdue
CUST104856,user4856@example.com,24.0,11.4,27.74,44881.0,14735.0,719.0,2,family,two-year,mailed_check,south,0,paid
CUST104857,user4857@example.com,34.0,0.1,68.95,58334.0,19236.0,639.0,2,premium,month-to-month,credit_card,west,0,paid
CUST104858,user4858@example.com,36.0,13.4,70.43,57709.0,17634.0,665.0,1,basic,one-year,credit_card,west,1,overdue
CUST104859,user4859@example.com,39.0,26.9,23.26,41207.0,15674.0,633.0,2,standard,month-to-month,e_check,west,0,paid
CUST104860,user4860@example.com,23.0,0.0,52.16,,29507.0,606.0,0,basic,one-year,e_check,west,1,overdue
CUST104861,user4861@example.com,49.0,11.1,68.13,41591.0,20498.0,692.0,0,standard,month-to-month,mailed_check,north,1,overdue
CUST104862,user4862@example.com,50.0,25.8,61.08,55201.0,3665.0,,2,premium,two-year,credit_card,north,0,paid
CUST104863,user4863@example.com,48.0,3.2,61.76,32800.0,7919.0,724.0,4,basic,month-to-month,bank_transfer,north,1,overdue
CUST104864,user4864@example.com,32.0,6.9,99.48,76773.0,22102.0,650.0,3,family,two-year,e_check,north,0,paid
CUST104865,user4865@example.com,43.0,21.8,123.66,55417.0,5779.0,554.0,0,basic,month-to-month,credit_card,west,1,overdue
CUST104866,user4866@example.com,31.0,90.0,62.17,68577.0,31778.0,739.0,3,standard,two-year,mailed_check,west,0,paid
CUST104867,user4867@example.com,38.0,8.7,36.95,30676.0,10356.0,591.0,2,standard,month-to-month,credit_card,east,0,paid
CUST104868,user4868@example.com,68.0,53.9,64.14,58488.0,2985.0,590.0,1,standard,two-year,e_check,east,0,paid
CUST104869,user4869@example.com,43.0,48.8,74.86,66447.0,26396.0,607.0,5,standard,month-to-month,e_check,west,1,overdue
CUST104870,user4870@example.com,28.0,13.5,68.67,14123.0,3339.0,511.0,2,basic,month-to-month,mailed_check,south,1,overdue
CUST104871,user4871@example.com,44.0,13.5,85.27,78362.0,35245.0,633.0,2,basic,two-year,credit_card,north,1,overdue
CUST104872,user4872@example.com,26.0,2.4,125.3,30012.0,4467.0,700.0,0,premium,month-to-month,mailed_check,south,0,paid
CUST104873,user4873@example.com,28.0,4.2,27.17,59218.0,3000.0,615.0,0,premium,month-to-month,credit_card,west,0,paid
CUST104874,user4874@example.com,30.0,1.6,57.32,90754.0,8871.0,757.0,5,standard,month-to-month,bank_transfer,east,1,overdue
CUST104875,user4875@example.com,37.0,97.4,108.53,74098.0,21653.0,752.0,0,family,month-to-month,e_check,east,0,paid
CUST104876,user4876@example.com,53.0,32.4,56.95,25201.0,11628.0,,3,basic,one-year,bank_transfer,east,1,overdue
CUST104877,user4877@example.com,49.0,10.3,89.74,51439.0,19658.0,495.0,1,family,month-to-month,e_check,south,1,overdue
CUST104878,user4878@example.com,48.0,10.3,85.77,79669.0,4639.0,765.0,1,standard,one-year,credit_card,south,0,paid
CUST104879,user4879@example.com,29.0,25.2,100.92,38664.0,14514.0,631.0,1,family,two-year,e_check,south,0,paid
CUST104880,user4880@example.com,36.0,75.9,117.83,47802.0,15067.0,784.0,4,standard,month-to-month,mailed_check,east,0,paid
CUST104881,user4881@example.com,45.0,19.8,78.33,47242.0,23059.0,602.0,1,premium,two-year,mailed_check,east,0,paid
CUST104882,user4882@example.com,34.0,8.5,26.35,66401.0,12694.0,639.0,0,family,month-to-month,mailed_check,east,1,overdue
CUST104883,user4883@example.com,39.0,29.7,52.49,24260.0,10806.0,657.0,2,premium,one-year,bank_transfer,east,0,paid
CUST104884,user4884@example.com,47.0,9.3,124.65,67522.0,26839.0,,2,basic,one-year,credit_card,east,1,overdue
CUST104885,user4885@example.com,38.0,73.9,34.65,42544.0,16705.0,520.0,2,premium,one-year,e_check,north,0,paid
CUST104886,user4886@example.com,45.0,11.5,82.42,54773.0,14956.0,458.0,0,standard,month-to-month,credit_card,south,1,overdue
CUST104887,user4887@example.com,61.0,3.3,10.0,50503.0,2882.0,850.0,1,basic,month-to-month,mailed_check,west,0,paid
CUST104888,user4888@example.com,40.0,16.6,36.22,66995.0,10264.0,517.0,2,premium,month-to-month,e_check,south,1,unpaid
CUST104889,user4889@example.com,56.0,26.1,92.17,54579.0,28072.0,518.0,2,standard,month-to-month,bank_transfer,west,1,unpaid
CUST104890,user4890@example.com,49.0,16.7,70.9,83809.0,32624.0,696.0,1,standard,month-to-month,bank_transfer,east,1,unpaid
CUST104891,user4891@example.com,24.0,12.4,60.59,74789.0,27521.0,536.0,2,premium,one-year,credit_card,east,1,overdue
CUST104892,user4892@example.com,29.0,13.5,49.64,39094.0,13258.0,521.0,1,premium,two-year,mailed_check,east,0,paid
CUST104893,user4893@example.com,32.0,16.1,20.09,82306.0,7598.0,420.0,0,standard,month-to-month,bank_transfer,east,0,paid
CUST104894,user4894@example.com,32.0,30.5,87.34,61388.0,14808.0,673.0,2,standard,two-year,mailed_check,south,0,paid
CUST104895,user4895@example.com,41.0,0.9,62.92,58398.0,22806.0,564.0,1,standard,one-year,e_check,west,1,overdue
CUST104896,user4896@example.com,49.0,30.9,31.95,71964.0,8568.0,701.0,2,standard,one-year,credit_card,south,0,paid
CUST104897,user4897@example.com,57.0,4.3,70.75,34177.0,19021.0,644.0,0,family,month-to-month,mailed_check,south,1,overdue
CUST104898,user4898@example.com,46.0,1.7,84.53,27411.0,2466.0,657.0,1,basic,two-year,credit_card,south,0,paid
CUST104899,user4899@example.com,37.0,1.9,64.98,55499.0,23525.0,614.0,0,basic,one-year,bank_transfer,east,1,unpaid
CUST104900,user4900@example.com,18.0,19.4,72.9,42874.0,9247.0,628.0,0,standard,month-to-month,credit_card,north,0,overdue
CUST104901,user4901@example.com,43.0,60.6,70.95,,50651.0,578.0,2,standard,month-to-month,e_check,south,0,paid
CUST104902,user4902@example.com,42.0,2.3,52.33,39714.0,20046.0,,0,basic,month-to-month,mailed_check,west,1,overdue
CUST104903,user4903@example.com,44.0,21.7,71.36,55805.0,13017.0,562.0,2,basic,two-year,e_check,south,0,paid
CUST104904,user4904@example.com,67.0,68.6,88.38,58839.0,17897.0,771.0,1,standard,two-year,e_check,north,0,paid
CUST104905,user4905@example.com,57.0,41.6,95.87,79625.0,45985.0,618.0,4,standard,one-year,bank_transfer,west,0,paid
CUST104906,user4906@example.com,51.0,8.4,89.77,35109.0,13494.0,469.0,1,standard,month-to-month,mailed_check,west,1,overdue
CUST104907,user4907@example.com,30.0,38.6,53.12,22759.0,1213.0,671.0,2,premium,month-to-month,mailed_check,south,1,overdue
CUST104908,user4908@example.com,36.0,5.4,85.91,82889.0,39578.0,586.0,3,basic,month-to-month,credit_card,west,1,unpaid
CUST104909,user4909@example.com,41.0,69.9,81.64,56610.0,14080.0,646.0,2,standard,one-year,credit_card,east,0,paid
CUST104910,user4910@example.com,33.0,0.3,52.26,71195.0,14361.0,628.0,2,standard,month-to-month,e_check,south,1,overdue
CUST104911,user4911@example.com,48.0,15.9,58.39,72134.0,36621.0,769.0,2,family,one-year,mailed_check,south,0,paid
CUST104912,user4912@example.com,46.0,5.6,86.99,75600.0,44010.0,619.0,1,family,month-to-month,bank_transfer,west,0,paid
CUST104913,user4913@example.com,29.0,19.9,104.42,47443.0,3991.0,715.0,2,standard,month-to-month,e_check,east,1,overdue
CUST104914,user4914@example.com,56.0,0.5,24.71,42021.0,11123.0,707.0,0,standard,month-to-month,e_check,west,0,paid
CUST104915,user4915@example.com,43.0,9.6,111.0,15075.0,3073.0,541.0,1,family,month-to-month,mailed_check,west,0,paid
CUST104916,user4916@example.com,21.0,28.8,99.1,35102.0,19087.0,665.0,0,basic,month-to-month,bank_transfer,north,1,unpaid
CUST104917,user4917@example.com,41.0,1.6,74.98,56243.0,29653.0,589.0,2,standard,two-year,bank_transfer,south,1,overdue
CUST104918,user4918@example.com,45.0,120.0,63.98,40972.0,22355.0,553.0,2,family,one-year,e_check,west,1,overdue
CUST104919,user4919@example.com,54.0,18.8,79.76,32182.0,2364.0,554.0,2,standard,one-year,credit_card,south,1,overdue
CUST104920,user4920@example.com,38.0,1.6,53.99,56008.0,4344.0,716.0,4,standard,month-to-month,mailed_check,south,1,overdue
CUST104921,user4921@example.com,52.0,7.4,65.56,81859.0,28918.0,850.0,2,basic,one-year,bank_transfer,south,1,overdue
CUST104922,user4922@example.com,44.0,36.4,33.12,53880.0,7640.0,586.0,4,premium,two-year,bank_transfer,west,0,paid
CUST104923,user4923@example.com,26.0,2.2,26.46,32344.0,3621.0,667.0,1,basic,month-to-month,credit_card,east,1,overdue
CUST104924,user4924@example.com,25.0,31.2,128.31,80448.0,15542.0,675.0,3,basic,one-year,e_check,east,1,overdue
CUST104925,user4925@example.com,55.0,24.4,71.58,39518.0,17394.0,608.0,2,basic,month-to-month,mailed_check,east,1,overdue
CUST104926,user4926@example.com,56.0,3.9,75.09,84587.0,35477.0,763.0,2,standard,month-to-month,e_check,north,1,overdue
CUST104927,user4927@example.com,46.0,46.7,69.23,49737.0,23966.0,826.0,3,premium,one-year,e_check,north,0,paid
CUST104928,user4928@example.com,60.0,46.3,49.31,57063.0,4823.0,602.0,1,basic,two-year,mailed_check,west,0,paid
CUST104929,user4929@example.com,55.0,7.1,62.32,86218.0,40654.0,789.0,2,standard,one-year,e_check,east,1,overdue
CUST104930,user4930@example.com,50.0,22.1,72.28,27970.0,8946.0,606.0,4,standard,two-year,bank_transfer,north,1,overdue
CUST104931,user4931@example.com,31.0,24.0,65.08,33998.0,7553.0,,0,standard,one-year,e_check,west,0,paid
CUST104932,user4932@example.com,63.0,11.7,51.19,48469.0,18692.0,639.0,2,standard,one-year,bank_transfer,south,0,paid
CUST104933,user4933@example.com,48.0,2.5,81.99,52201.0,25565.0,720.0,4,standard,month-to-month,credit_card,east,1,overdue
CUST104934,user4934@example.com,37.0,20.0,74.71,107841.0,11553.0,642.0,2,premium,month-to-month,e_check,west,1,overdue
CUST104935,user4935@example.com,34.0,15.7,79.82,37239.0,18396.0,709.0,2,basic,two-year,bank_transfer,east,0,paid
CUST104936,user4936@example.com,45.0,15.9,87.63,28915.0,10502.0,668.0,2,basic,month-to-month,credit_card,west,1,unpaid
CUST104937,user4937@example.com,22.0,6.8,65.74,36283.0,14188.0,758.0,3,premium,month-to-month,bank_transfer,south,1,unpaid
CUST104938,user4938@example.com,50.0,0.1,65.78,59643.0,31815.0,692.0,1,basic,two-year,e_check,west,0,paid
CUST104939,user4939@example.com,31.0,38.5,107.06,64841.0,28562.0,772.0,0,family,month-to-month,mailed_check,east,0,paid
CUST104940,user4940@example.com,46.0,43.6,46.4,40858.0,15156.0,581.0,0,standard,month-to-month,mailed_check,west,1,overdue
CUST104941,user4941@example.com,36.0,29.9,23.16,55421.0,13013.0,634.0,2,standard,month-to-month,bank_transfer,west,1,unpaid
CUST104942,user4942@example.com,39.0,16.6,83.89,93904.0,31051.0,650.0,2,standard,month-to-month,mailed_check,west,1,unpaid
CUST104943,user4943@example.com,33.0,16.5,54.27,55703.0,28415.0,582.0,3,basic,two-year,bank_transfer,north,0,paid
CUST104944,user4944@example.com,40.0,11.6,43.07,61420.0,36703.0,569.0,1,premium,month-to-month,credit_card,south,0,paid
CUST104945,user4945@example.com,65.0,2.9,92.13,92780.0,43225.0,681.0,1,standard,two-year,mailed_check,south,0,overdue
CUST104946,user4946@example.com,59.0,68.1,66.38,41039.0,19887.0,703.0,0,basic,month-to-month,bank_transfer,south,0,paid
CUST104947,user4947@example.com,46.0,5.9,38.41,39732.0,17271.0,659.0,0,premium,month-to-month,mailed_check,south,0,paid
CUST104948,user4948@example.com,42.0,1.4,118.37,45606.0,21518.0,735.0,2,premium,two-year,mailed_check,south,1,overdue
CUST104949,user4949@example.com,52.0,6.3,29.73,44442.0,8166.0,562.0,2,standard,month-to-month,e_check,east,1,unpaid
CUST104950,user4950@example.com,56.0,9.7,67.83,18580.0,5260.0,619.0,1,standard,month-to-month,bank_transfer,south,1,overdue
CUST104951,user4951@example.com,32.0,11.6,22.77,57760.0,20551.0,556.0,3,premium,one-year,credit_card,east,0,paid
CUST104952,user4952@example.com,41.0,13.8,76.77,59339.0,20899.0,661.0,1,basic,month-to-month,mailed_check,north,0,paid
CUST104953,user4953@example.com,20.0,36.7,53.97,51283.0,19410.0,,2,family,month-to-month,credit_card,north,1,overdue
CUST104954,user4954@example.com,55.0,81.6,90.48,59949.0,35097.0,757.0,2,standard,two-year,mailed_check,west,0,paid
CUST104955,user4955@example.com,67.0,26.1,69.57,60162.0,31308.0,556.0,1,family,one-year,credit_card,north,0,paid
CUST104956,user4956@example.com,43.0,77.0,103.77,28677.0,14491.0,680.0,2,family,month-to-month,credit_card,east,0,paid
CUST104957,user4957@example.com,18.0,5.8,59.26,60773.0,30794.0,765.0,0,basic,month-to-month,mailed_check,north,0,paid
CUST104958,user4958@example.com,49.0,26.6,29.89,,32181.0,570.0,0,basic,month-to-month,credit_card,south,0,paid
CUST104959,user4959@example.com,31.0,5.0,75.94,23058.0,9766.0,551.0,3,standard,month-to-month,mailed_check,east,1,overdue
CUST104960,user4960@example.com,34.0,27.1,63.69,84262.0,16102.0,532.0,3,basic,two-year,credit_card,east,0,paid
CUST104961,user4961@example.com,50.0,3.2,24.52,30284.0,15768.0,700.0,2,standard,month-to-month,e_check,east,0,paid
CUST104962,user4962@example.com,45.0,5.0,43.62,32235.0,6571.0,592.0,1,basic,two-year,bank_transfer,west,0,paid
CUST104963,user4963@example.com,36.0,4.5,51.57,59039.0,26490.0,688.0,0,family,one-year,mailed_check,north,0,paid
CUST104964,user4964@example.com,34.0,13.8,108.88,65694.0,7295.0,633.0,1,basic,month-to-month,bank_transfer,north,0,paid
CUST104965,user4965@example.com,44.0,31.4,87.69,70553.0,24764.0,794.0,1,basic,two-year,bank_transfer,east,0,paid
CUST104966,user4966@example.com,37.0,0.3,61.31,66220.0,14922.0,713.0,2,standard,month-to-month,e_check,east,0,paid
CUST104967,user4967@example.com,29.0,50.2,81.77,44606.0,19513.0,586.0,1,basic,month-to-month,credit_card,west,0,paid
CUST104968,user4968@example.com,38.0,3.1,19.01,57171.0,29752.0,626.0,5,premium,month-to-month,bank_transfer,south,1,overdue
CUST104969,user4969@example.com,46.0,24.3,55.88,48667.0,2849.0,,0,basic,two-year,e_check,north,0,paid
CUST104970,user4970@example.com,40.0,9.0,80.02,58485.0,6602.0,565.0,0,standard,one-year,mailed_check,south,0,paid
CUST104971,user4971@example.com,25.0,1.7,74.13,56369.0,31512.0,745.0,0,standard,month-to-month,mailed_check,north,0,paid
CUST104972,user4972@example.com,54.0,7.3,56.52,44902.0,8154.0,630.0,1,family,one-year,mailed_check,south,1,overdue
CUST104973,user4973@example.com,18.0,3.3,69.04,48056.0,21718.0,715.0,1,family,month-to-month,mailed_check,north,0,paid
CUST104974,user4974@example.com,37.0,7.0,78.45,17956.0,8922.0,,1,premium,month-to-month,e_check,north,1,unpaid
CUST104975,user4975@example.com,35.0,0.1,69.77,71603.0,32744.0,608.0,1,standard,two-year,credit_card,east,0,paid
CUST104976,user4976@example.com,44.0,34.1,91.53,60951.0,4124.0,595.0,1,standard,one-year,credit_card,north,0,paid
CUST104977,user4977@example.com,49.0,34.6,77.97,12000.0,5454.0,789.0,1,basic,one-year,mailed_check,west,0,paid
CUST104978,user4978@example.com,56.0,50.1,82.78,70863.0,41020.0,626.0,2,family,one-year,credit_card,east,0,paid
CUST104979,user4979@example.com,33.0,34.4,112.84,53939.0,13638.0,850.0,0,family,month-to-month,bank_transfer,north,1,overdue
CUST104980,user4980@example.com,49.0,99.4,90.69,36264.0,15979.0,662.0,0,basic,two-year,credit_card,north,1,overdue
CUST104981,user4981@example.com,44.0,1.3,113.52,34491.0,6969.0,582.0,3,standard,month-to-month,bank_transfer,west,1,overdue
CUST104982,user4982@example.com,21.0,1.2,53.2,41236.0,24684.0,523.0,2,standard,month-to-month,bank_transfer,west,1,unpaid
CUST104983,user4983@example.com,65.0,2.9,30.19,36369.0,5986.0,749.0,2,standard,month-to-month,bank_transfer,south,0,paid
CUST104984,user4984@example.com,25.0,10.7,66.49,39056.0,8517.0,635.0,0,standard,two-year,mailed_check,west,0,paid
CUST104985,user4985@example.com,47.0,25.0,64.36,89013.0,12671.0,716.0,0,standard,one-year,credit_card,west,0,paid
CUST104986,user4986@example.com,47.0,1.8,106.49,62423.0,35915.0,836.0,2,premium,month-to-month,mailed_check,east,0,paid
CUST104987,user4987@example.com,45.0,17.8,41.75,95720.0,34869.0,704.0,1,standard,month-to-month,bank_transfer,west,0,paid
CUST104988,user4988@example.com,36.0,40.8,68.03,59515.0,11060.0,677.0,6,basic,month-to-month,bank_transfer,west,1,overdue
CUST104989,user4989@example.com,52.0,59.1,80.13,66585.0,8255.0,748.0,2,basic,month-to-month,e_check,east,1,overdue
CUST104990,user4990@example.com,23.0,7.3,72.5,37386.0,19857.0,714.0,1,basic,month-to-month,mailed_check,south,1,overdue
CUST104991,user4991@example.com,41.0,42.4,65.71,51639.0,4362.0,549.0,2,standard,month-to-month,mailed_check,north,1,overdue
CUST104992,user4992@example.com,35.0,14.2,78.96,53366.0,21549.0,757.0,1,standard,month-to-month,credit_card,south,1,overdue
CUST104993,user4993@example.com,34.0,2.6,96.98,67402.0,25988.0,646.0,1,basic,two-year,mailed_check,north,0,paid
CUST104994,user4994@example.com,47.0,2.9,108.39,54010.0,25627.0,773.0,3,basic,month-to-month,e_check,east,1,overdue
CUST104995,user4995@example.com,55.0,8.5,70.82,62027.0,26362.0,691.0,0,family,two-year,credit_card,north,1,overdue
CUST104996,user4996@example.com,38.0,10.3,49.6,61311.0,31272.0,745.0,2,premium,two-year,credit_card,east,1,unpaid
CUST104997,user4997@example.com,51.0,4.5,108.36,48943.0,3471.0,632.0,1,standard,month-to-month,credit_card,south,0,paid
CUST104998,user4998@example.com,43.0,17.2,43.06,46886.0,13440.0,529.0,1,basic,month-to-month,credit_card,west,1,overdue
CUST104999,user4999@example.com,31.0,20.2,114.76,41620.0,3934.0,695.0,3,premium,one-year,credit_card,west,0,paid
CUST105000,user5000@example.com,39.0,37.1,103.6,76646.0,20914.0,728.0,1,basic,two-year,mailed_check,south,0,paid
CUST105001,user5001@example.com,38.0,4.4,107.23,48951.0,17547.0,605.0,3,family,month-to-month,bank_transfer,east,1,overdue
CUST105002,user5002@example.com,34.0,30.5,87.13,61578.0,23189.0,634.0,1,standard,month-to-month,bank_transfer,north,1,overdue
CUST105003,user5003@example.com,47.0,15.4,558.934872267334,51869.0,28975.0,473.0,1,basic,month-to-month,e_check,east,0,paid
CUST105004,user5004@example.com,45.0,24.0,44.02,76252.0,42469.0,638.0,3,basic,one-year,credit_card,north,0,paid
CUST105005,user5005@example.com,23.0,18.9,77.67,15238.0,3358.0,550.0,4,premium,month-to-month,bank_transfer,north,1,unpaid
CUST105006,user5006@example.com,22.0,22.2,53.11,61059.0,26530.0,691.0,0,basic,month-to-month,bank_transfer,south,0,paid
CUST105007,user5007@example.com,47.0,21.2,62.12,29902.0,13216.0,677.0,3,standard,month-to-month,credit_card,north,1,overdue
CUST105008,user5008@example.com,32.0,68.9,85.32,62814.0,36208.0,651.0,1,basic,one-year,mailed_check,south,0,paid
CUST105009,user5009@example.com,46.0,11.0,65.75,52069.0,5007.0,756.0,3,family,month-to-month,credit_card,west,1,unpaid
CUST105010,user5010@example.com,51.0,3.3,39.52,25433.0,9904.0,,2,premium,two-year,mailed_check,west,0,paid
CUST105011,user5011@example.com,27.0,2.9,92.14,61753.0,16920.0,665.0,5,basic,month-to-month,e_check,east,1,overdue
CUST105012,user5012@example.com,25.0,16.1,82.87,59484.0,14337.0,676.0,2,standard,one-year,bank_transfer,east,1,overdue
CUST105013,user5013@example.com,62.0,7.3,63.78,50376.0,19627.0,603.0,2,standard,two-year,mailed_check,west,0,paid
CUST105014,user5014@example.com,46.0,8.7,87.78,52909.0,10780.0,729.0,1,basic,two-year,e_check,east,0,paid
CUST105015,user5015@example.com,37.0,0.7,72.38,58230.0,4060.0,577.0,1,standard,month-to-month,mailed_check,east,0,paid
CUST105016,user5016@example.com,31.0,14.1,103.28,78564.0,37537.0,684.0,2,standard,one-year,mailed_check,north,1,unpaid
CUST105017,user5017@example.com,36.0,37.2,73.78,48713.0,4761.0,747.0,0,basic,two-year,credit_card,north,0,paid
CUST105018,user5018@example.com,28.0,10.4,103.1,75261.0,17348.0,568.0,0,family,one-year,e_check,west,0,paid
CUST105019,user5019@example.com,53.0,8.1,23.16,54251.0,20464.0,543.0,3,basic,two-year,bank_transfer,west,0,paid
CUST105020,user5020@example.com,33.0,7.0,81.48,80915.0,31804.0,566.0,0,standard,two-year,credit_card,north,0,paid
CUST105021,user5021@example.com,55.0,10.5,60.05,50297.0,20946.0,795.0,1,family,month-to-month,mailed_check,west,0,paid
CUST105022,user5022@example.com,37.0,73.7,48.52,41674.0,24878.0,601.0,1,basic,month-to-month,bank_transfer,east,0,paid
CUST105023,user5023@example.com,29.0,8.9,98.96,33046.0,8948.0,554.0,1,basic,one-year,mailed_check,east,0,paid
CUST105024,user5024@example.com,37.0,0.1,92.23,54324.0,6824.0,679.0,2,premium,one-year,e_check,south,1,overdue
CUST105025,user5025@example.com,18.0,32.0,19.84,39137.0,4926.0,432.0,2,standard,month-to-month,mailed_check,north,0,paid
CUST105026,user5026@example.com,41.0,0.3,87.89,83090.0,27473.0,574.0,1,premium,two-year,e_check,east,0,paid
CUST105027,user5027@example.com,40.0,25.6,84.85,37576.0,9809.0,763.0,1,standard,month-to-month,mailed_check,east,0,paid
CUST105028,user5028@example.com,52.0,24.5,51.92,41200.0,22752.0,574.0,0,family,two-year,credit_card,north,0,paid
CUST105029,user5029@example.com,19.0,47.0,49.12,66622.0,22053.0,629.0,3,basic,month-to-month,e_check,west,1,overdue
CUST105030,user5030@example.com,56.0,3.1,30.24,78716.0,23503.0,674.0,2,standard,one-year,e_check,east,0,paid
CUST105031,user5031@example.com,52.0,11.4,61.56,69621.0,36502.0,674.0,0,premium,two-year,mailed_check,west,0,paid
CUST105032,user5032@example.com,57.0,70.3,65.56,76174.0,37162.0,607.0,2,basic,one-year,mailed_check,west,0,paid
CUST105033,user5033@example.com,41.0,10.3,89.92,53396.0,23635.0,694.0,1,standard,month-to-month,mailed_check,west,0,paid
CUST105034,user5034@example.com,54.0,4.0,76.73,53677.0,18253.0,766.0,2,standard,month-to-month,e_check,east,1,overdue
CUST105035,user5035@example.com,24.0,54.7,43.5,95235.0,17054.0,565.0,3,standard,one-year,e_check,west,0,paid
CUST105036,user5036@example.com,51.0,9.5,75.97,88805.0,32157.0,611.0,0,basic,one-year,mailed_check,south,1,overdue
CUST105037,user5037@example.com,33.0,0.9,63.65,69284.0,7876.0,642.0,1,standard,two-year,credit_card,south,0,paid
CUST105038,user5038@example.com,22.0,16.2,46.63,77132.0,26630.0,706.0,1,standard,one-year,bank_transfer,west,0,overdue
CUST105039,user5039@example.com,29.0,23.9,30.26,72171.0,37406.0,653.0,0,standard,month-to-month,credit_card,east,0,paid
CUST105040,user5040@example.com,42.0,6.4,85.62,30881.0,10291.0,640.0,1,basic,month-to-month,e_check,west,1,overdue
CUST105041,user5041@example.com,32.0,12.8,81.16,54207.0,4752.0,526.0,1,standard,one-year,e_check,east,1,overdue
CUST105042,user5042@example.com,47.0,22.0,83.92,84935.0,5710.0,559.0,1,standard,one-year,credit_card,south,0,paid
CUST105043,user5043@example.com,20.0,22.9,51.79,69407.0,36318.0,665.0,2,standard,month-to-month,e_check,south,1,overdue
CUST105044,user5044@example.com,18.0,18.6,74.28,53728.0,9314.0,609.0,0,family,two-year,mailed_check,north,0,paid
CUST105045,user5045@example.com,58.0,1.4,35.62,85175.0,28886.0,623.0,0,basic,one-year,bank_transfer,west,1,overdue
CUST105046,user5046@example.com,53.0,4.2,45.34,62386.0,29773.0,645.0,1,family,one-year,mailed_check,south,1,overdue
CUST105047,user5047@example.com,29.0,38.6,70.84,70112.0,13270.0,837.0,1,premium,one-year,credit_card,north,0,paid
CUST105048,user5048@example.com,42.0,21.5,76.56,62491.0,28470.0,610.0,2,standard,month-to-month,credit_card,east,1,overdue
CUST105049,user5049@example.com,54.0,18.6,29.28,65823.0,6017.0,761.0,3,standard,two-year,credit_card,east,0,overdue
CUST105050,user5050@example.com,47.0,49.1,43.56,67253.0,31053.0,755.0,1,basic,one-year,mailed_check,south,0,paid
CUST105051,user5051@example.com,44.0,12.9,60.87,80993.0,6900.0,714.0,3,standard,one-year,mailed_check,south,0,paid
CUST105052,user5052@example.com,55.0,14.5,93.96,83599.0,16923.0,582.0,1,premium,month-to-month,credit_card,south,1,overdue
CUST105053,user5053@example.com,33.0,5.1,49.67,45978.0,8790.0,661.0,2,basic,one-year,credit_card,south,1,overdue
CUST105054,user5054@example.com,42.0,13.3,73.51,62110.0,33557.0,619.0,1,premium,two-year,e_check,west,0,paid
CUST105055,user5055@example.com,42.0,13.7,76.13,80420.0,27662.0,811.0,1,standard,month-to-month,mailed_check,north,0,paid
CUST105056,user5056@example.com,39.0,1.9,63.76,52369.0,26901.0,683.0,1,standard,two-year,bank_transfer,east,0,paid
CUST105057,user5057@example.com,37.0,17.9,76.7,28822.0,10671.0,633.0,2,standard,month-to-month,e_check,north,1,overdue
CUST105058,user5058@example.com,43.0,4.6,36.38,,18185.0,793.0,0,basic,month-to-month,mailed_check,south,0,paid
CUST105059,user5059@example.com,42.0,39.5,53.61,38208.0,13497.0,622.0,2,standard,two-year,credit_card,north,0,paid
CUST105060,user5060@example.com,29.0,9.3,105.86,45836.0,13634.0,694.0,0,standard,one-year,mailed_check,west,1,overdue
CUST105061,user5061@example.com,52.0,15.1,107.62,40075.0,16507.0,706.0,2,standard,month-to-month,bank_transfer,east,0,paid
CUST105062,user5062@example.com,30.0,19.2,91.07,75582.0,15687.0,678.0,3,standard,month-to-month,mailed_check,west,0,paid
CUST105063,user5063@example.com,39.0,2.2,97.51,49464.0,27467.0,641.0,1,basic,one-year,mailed_check,south,1,overdue
CUST105064,user5064@example.com,38.0,29.8,24.35,80222.0,44080.0,717.0,1,premium,month-to-month,credit_card,south,0,paid
CUST105065,user5065@example.com,46.0,40.3,46.28,32394.0,2916.0,600.0,0,standard,month-to-month,e_check,west,1,overdue
CUST105066,user5066@example.com,18.0,8.0,62.22,47934.0,26566.0,739.0,0,family,two-year,bank_transfer,south,0,paid
CUST105067,user5067@example.com,53.0,16.8,130.39,57086.0,8564.0,627.0,2,standard,month-to-month,mailed_check,west,1,overdue
CUST105068,user5068@example.com,34.0,13.6,62.17,71213.0,30244.0,757.0,0,basic,month-to-month,mailed_check,east,0,paid
CUST105069,user5069@example.com,57.0,9.7,88.62,77873.0,39147.0,734.0,0,premium,one-year,mailed_check,north,0,paid
CUST105070,user5070@example.com,36.0,15.0,79.46,44234.0,8081.0,694.0,5,family,one-year,bank_transfer,east,0,paid
CUST105071,user5071@example.com,41.0,27.8,78.9,74868.0,8382.0,643.0,1,standard,month-to-month,mailed_check,south,0,paid
CUST105072,user5072@example.com,65.0,8.8,69.41,21362.0,9953.0,738.0,3,standard,one-year,credit_card,west,0,paid
CUST105073,user5073@example.com,39.0,8.1,40.0,72427.0,21245.0,696.0,2,standard,month-to-month,e_check,north,1,overdue
CUST105074,user5074@example.com,57.0,46.0,10.0,28179.0,8952.0,393.0,1,premium,two-year,credit_card,east,0,paid
CUST105075,user5075@example.com,42.0,2.1,102.05,63933.0,29986.0,585.0,1,basic,one-year,credit_card,east,1,overdue
CUST105076,user5076@example.com,47.0,15.9,54.59,77584.0,14709.0,663.0,3,basic,one-year,mailed_check,north,0,paid
CUST105077,user5077@example.com,43.0,21.4,23.32,72745.0,7524.0,672.0,1,premium,one-year,mailed_check,west,1,unpaid
CUST105078,user5078@example.com,52.0,40.2,80.95,22216.0,12813.0,707.0,0,basic,month-to-month,credit_card,north,0,paid
CUST105079,user5079@example.com,34.0,44.9,80.47,46055.0,20025.0,774.0,5,premium,month-to-month,e_check,north,1,overdue
CUST105080,user5080@example.com,30.0,5.2,89.2,69339.0,28337.0,697.0,1,family,month-to-month,mailed_check,south,1,overdue
CUST105081,user5081@example.com,34.0,45.3,97.89,68766.0,16031.0,483.0,0,basic,one-year,bank_transfer,west,0,paid
CUST105082,user5082@example.com,43.0,36.8,47.03,60519.0,36168.0,666.0,0,family,two-year,mailed_check,north,0,paid
CUST105083,user5083@example.com,39.0,2.7,48.13,12000.0,2069.0,747.0,0,premium,month-to-month,mailed_check,north,1,overdue
CUST105084,user5084@example.com,51.0,26.2,62.03,78961.0,11683.0,659.0,2,standard,two-year,bank_transfer,north,0,paid
CUST105085,user5085@example.com,58.0,8.7,90.54,82525.0,18573.0,666.0,0,standard,month-to-month,bank_transfer,east,1,overdue
CUST105086,user5086@example.com,30.0,18.7,17.43,,26598.0,610.0,3,basic,month-to-month,bank_transfer,east,1,unpaid
CUST105087,user5087@example.com,33.0,16.0,73.21,59572.0,10744.0,726.0,1,standard,month-to-month,e_check,west,0,paid
CUST105088,user5088@example.com,25.0,41.1,93.3,65061.0,14445.0,622.0,3,basic,month-to-month,mailed_check,north,1,overdue
CUST105089,user5089@example.com,66.0,7.7,92.27,84209.0,28740.0,697.0,0,standard,two-year,e_check,west,0,paid
CUST105090,user5090@example.com,46.0,13.3,87.71,60011.0,24453.0,684.0,0,standard,month-to-month,bank_transfer,east,0,paid
CUST105091,user5091@example.com,48.0,7.5,96.58,51177.0,6759.0,654.0,1,premium,one-year,mailed_check,south,0,paid
CUST105092,user5092@example.com,26.0,77.4,10.0,62630.0,25682.0,689.0,0,basic,two-year,mailed_check,east,0,paid
CUST105093,user5093@example.com,42.0,0.5,110.34,54778.0,14219.0,666.0,2,basic,month-to-month,bank_transfer,north,0,paid
CUST105094,user5094@example.com,48.0,26.3,78.26,55005.0,13222.0,752.0,0,basic,month-to-month,mailed_check,east,1,overdue
CUST105095,user5095@example.com,39.0,120.0,103.37,19683.0,1840.0,704.0,0,premium,month-to-month,credit_card,east,0,paid
CUST105096,user5096@example.com,55.0,18.5,40.63,65457.0,38337.0,733.0,0,standard,one-year,mailed_check,west,0,paid
CUST105097,user5097@example.com,70.0,27.4,26.15,78429.0,33820.0,589.0,0,basic,two-year,e_check,south,0,paid
CUST105098,user5098@example.com,31.0,55.7,114.66,75407.0,7913.0,584.0,2,premium,month-to-month,e_check,west,0,paid
CUST105099,user5099@example.com,30.0,7.1,46.84,74020.0,18611.0,655.0,0,basic,two-year,bank_transfer,east,1,overdue
CUST105100,user5100@example.com,31.0,2.2,62.23,53940.0,5072.0,710.0,0,standard,two-year,e_check,west,1,overdue
CUST105101,user5101@example.com,61.0,5.2,83.19,57914.0,20145.0,693.0,0,standard,one-year,mailed_check,east,0,paid
CUST105102,user5102@example.com,55.0,17.2,89.32,78828.0,34297.0,590.0,2,family,one-year,mailed_check,north,1,overdue
CUST105103,user5103@example.com,40.0,15.7,96.96,72347.0,5868.0,712.0,0,standard,two-year,mailed_check,north,0,paid
CUST105104,user5104@example.com,42.0,29.6,75.58,84727.0,47209.0,600.0,0,standard,two-year,mailed_check,north,0,paid
CUST105105,user5105@example.com,32.0,7.9,43.64,41546.0,10626.0,,0,basic,one-year,mailed_check,north,0,paid
CUST105106,user5106@example.com,53.0,37.9,87.67,41421.0,7420.0,673.0,2,standard,month-to-month,e_check,north,0,paid
CUST105107,user5107@example.com,37.0,3.7,88.06,48349.0,5871.0,632.0,0,standard,one-year,bank_transfer,west,1,overdue
CUST105108,user5108@example.com,39.0,6.2,24.62,36139.0,4702.0,607.0,2,basic,month-to-month,bank_transfer,north,1,overdue
CUST105109,user5109@example.com,49.0,11.8,105.47,28571.0,14782.0,661.0,2,family,month-to-month,mailed_check,south,0,paid
CUST105110,user5110@example.com,40.0,23.0,10.0,64373.0,20215.0,657.0,2,standard,one-year,bank_transfer,west,0,paid
CUST105111,user5111@example.com,39.0,4.1,95.86,63011.0,30822.0,566.0,2,standard,month-to-month,credit_card,east,1,overdue
CUST105112,user5112@example.com,42.0,52.8,54.15,59925.0,10480.0,,1,basic,month-to-month,credit_card,south,0,paid
CUST105113,user5113@example.com,52.0,26.6,87.64,62075.0,13959.0,743.0,0,standard,month-to-month,e_check,north,0,paid
CUST105114,user5114@example.com,62.0,16.5,82.75,25726.0,7124.0,719.0,2,standard,month-to-month,e_check,north,1,overdue
CUST105115,user5115@example.com,49.0,14.4,69.07,45399.0,13619.0,675.0,1,premium,two-year,mailed_check,north,0,paid
CUST105116,user5116@example.com,52.0,5.8,81.28,49131.0,5096.0,614.0,0,premium,month-to-month,mailed_check,east,0,paid
CUST105117,user5117@example.com,40.0,4.0,67.84,55970.0,4184.0,660.0,2,premium,two-year,credit_card,south,0,paid
CUST105118,user5118@example.com,34.0,22.2,87.85,25805.0,15425.0,639.0,2,standard,month-to-month,mailed_check,east,1,unpaid
CUST105119,user5119@example.com,50.0,5.9,124.63,36444.0,15183.0,660.0,4,premium,month-to-month,mailed_check,south,1,overdue
CUST105120,user5120@example.com,44.0,6.9,36.47,46270.0,3707.0,725.0,3,standard,month-to-month,mailed_check,east,0,paid
CUST105121,user5121@example.com,25.0,59.0,10.0,76166.0,36172.0,641.0,4,standard,month-to-month,e_check,north,1,unpaid
CUST105122,user5122@example.com,38.0,8.2,59.61,60237.0,14976.0,503.0,3,standard,month-to-month,e_check,north,1,unpaid
CUST105123,user5123@example.com,41.0,3.0,57.9,75431.0,36815.0,714.0,1,premium,two-year,credit_card,west,0,paid
CUST105124,user5124@example.com,36.0,3.4,60.56,52551.0,30080.0,682.0,2,standard,one-year,e_check,south,0,paid
CUST105125,user5125@example.com,60.0,11.7,46.84,55020.0,3555.0,662.0,1,basic,month-to-month,credit_card,west,1,overdue
CUST105126,user5126@example.com,48.0,14.1,91.81,64982.0,37713.0,556.0,0,family,month-to-month,credit_card,north,1,overdue
CUST105127,user5127@example.com,58.0,4.7,35.47,51456.0,7264.0,583.0,1,basic,month-to-month,credit_card,south,1,overdue
CUST105128,user5128@example.com,45.0,41.1,81.27,42505.0,9074.0,593.0,4,family,month-to-month,e_check,south,1,unpaid
CUST105129,user5129@example.com,43.0,21.1,85.96,25204.0,9951.0,603.0,1,premium,month-to-month,e_check,east,0,paid
CUST105130,user5130@example.com,31.0,11.3,77.91,43042.0,19100.0,611.0,1,standard,one-year,credit_card,north,0,paid
CUST105131,user5131@example.com,42.0,18.3,82.18,71724.0,10301.0,555.0,1,basic,one-year,mailed_check,north,1,overdue
CUST105132,user5132@example.com,42.0,4.6,93.73,80213.0,10047.0,822.0,3,basic,month-to-month,mailed_check,north,1,overdue
CUST105133,user5133@example.com,26.0,32.0,71.34,39537.0,8208.0,770.0,1,basic,month-to-month,mailed_check,north,1,overdue
CUST105134,user5134@example.com,36.0,10.2,61.34,20325.0,4656.0,672.0,1,premium,one-year,e_check,south,0,paid
CUST105135,user5135@example.com,38.0,15.9,82.16,73532.0,16546.0,647.0,1,basic,month-to-month,mailed_check,north,0,paid
CUST105136,user5136@example.com,47.0,27.8,85.01,56386.0,8132.0,796.0,1,basic,month-to-month,credit_card,east,0,paid
CUST105137,user5137@example.com,48.0,5.0,92.24,28059.0,16385.0,,1,basic,month-to-month,mailed_check,north,1,unpaid
CUST105138,user5138@example.com,35.0,0.5,27.19,12000.0,5867.0,591.0,2,standard,two-year,e_check,north,0,paid
CUST105139,user5139@example.com,48.0,7.6,65.41,35732.0,21046.0,670.0,2,standard,two-year,bank_transfer,south,1,overdue
CUST105140,user5140@example.com,40.0,45.4,43.37,45741.0,4895.0,635.0,3,standard,month-to-month,mailed_check,north,1,unpaid
CUST105141,user5141@example.com,18.0,5.4,84.02,31967.0,2927.0,628.0,0,premium,one-year,credit_card,north,1,unpaid
CUST105142,user5142@example.com,36.0,19.9,88.17,68838.0,23734.0,637.0,1,basic,two-year,e_check,east,1,unpaid
CUST105143,user5143@example.com,55.0,28.0,63.14,38749.0,15033.0,643.0,1,standard,month-to-month,bank_transfer,south,1,overdue
CUST105144,user5144@example.com,22.0,5.7,51.77,55248.0,22063.0,667.0,0,standard,month-to-month,mailed_check,north,1,unpaid
CUST105145,user5145@example.com,43.0,29.6,84.92,102470.0,10379.0,667.0,3,basic,two-year,credit_card,north,0,paid
CUST105146,user5146@example.com,61.0,58.8,66.67,57349.0,29483.0,765.0,0,basic,one-year,credit_card,west,0,paid
CUST105147,user5147@example.com,33.0,1.7,105.66,52690.0,16826.0,585.0,1,premium,month-to-month,mailed_check,east,1,unpaid
CUST105148,user5148@example.com,42.0,10.2,114.32,53141.0,13417.0,727.0,2,basic,month-to-month,e_check,south,0,paid
CUST105149,user5149@example.com,26.0,1.4,95.02,68380.0,22391.0,564.0,0,premium,month-to-month,bank_transfer,west,1,unpaid
CUST105150,user5150@example.com,62.0,40.0,75.82,65902.0,4762.0,669.0,1,premium,month-to-month,e_check,east,1,overdue
CUST105151,user5151@example.com,41.0,28.0,115.64,34929.0,5878.0,733.0,0,basic,one-year,mailed_check,south,1,unpaid
CUST105152,user5152@example.com,43.0,5.2,76.02,46777.0,28027.0,696.0,2,basic,month-to-month,bank_transfer,north,1,overdue
CUST105153,user5153@example.com,58.0,19.5,58.02,41653.0,14741.0,625.0,2,basic,one-year,mailed_check,north,0,paid
CUST105154,user5154@example.com,50.0,10.5,53.12,49347.0,4599.0,673.0,0,basic,month-to-month,mailed_check,west,1,overdue
CUST105155,user5155@example.com,31.0,6.5,52.41,91532.0,19319.0,782.0,2,premium,month-to-month,bank_transfer,north,0,paid
CUST105156,user5156@example.com,34.0,23.9,69.84,67349.0,10212.0,603.0,1,premium,one-year,bank_transfer,east,1,overdue
CUST105157,user5157@example.com,48.0,6.0,81.58,53405.0,29831.0,695.0,2,basic,two-year,credit_card,west,0,paid
CUST105158,user5158@example.com,35.0,10.5,34.62,79891.0,39419.0,727.0,0,standard,month-to-month,credit_card,east,0,overdue
CUST105159,user5159@example.com,18.0,5.6,58.78,58769.0,20616.0,619.0,1,standard,month-to-month,credit_card,west,1,overdue
CUST105160,user5160@example.com,41.0,22.4,75.32,22239.0,12754.0,789.0,2,basic,two-year,credit_card,south,0,paid
CUST105161,user5161@example.com,24.0,6.5,86.09,88279.0,22518.0,816.0,3,basic,month-to-month,e_check,south,0,paid
CUST105162,user5162@example.com,61.0,9.4,69.35,51872.0,27271.0,738.0,0,basic,month-to-month,credit_card,north,0,paid
CUST105163,user5163@example.com,44.0,15.4,76.11,12000.0,3686.0,738.0,1,premium,two-year,credit_card,north,0,paid
CUST105164,user5164@example.com,31.0,7.4,39.04,23007.0,11889.0,512.0,2,basic,month-to-month,bank_transfer,east,0,paid
CUST105165,user5165@example.com,34.0,10.8,47.21,77554.0,42296.0,544.0,0,basic,one-year,bank_transfer,east,1,overdue
CUST105166,user5166@example.com,19.0,89.9,68.48,23332.0,7108.0,643.0,2,standard,month-to-month,mailed_check,west,1,overdue
CUST105167,user5167@example.com,29.0,13.1,82.76,81984.0,12126.0,597.0,3,basic,one-year,e_check,north,0,paid
CUST105168,user5168@example.com,54.0,9.4,75.78,56621.0,8822.0,700.0,0,basic,two-year,credit_card,south,0,overdue
CUST105169,user5169@example.com,69.0,19.3,48.78,69278.0,14470.0,422.0,0,family,month-to-month,bank_transfer,north,1,overdue
CUST105170,user5170@example.com,51.0,33.0,64.09,49864.0,8607.0,700.0,1,premium,two-year,e_check,south,0,paid
CUST105171,user5171@example.com,41.0,22.3,107.8,65467.0,17253.0,636.0,2,basic,month-to-month,credit_card,south,1,overdue
CUST105172,user5172@example.com,37.0,46.3,83.61,61331.0,20158.0,607.0,3,basic,two-year,credit_card,north,0,paid
CUST105173,user5173@example.com,31.0,29.3,65.94,54229.0,5310.0,,0,premium,two-year,bank_transfer,east,0,paid
CUST105174,user5174@example.com,67.0,7.0,44.35,33691.0,18540.0,625.0,2,standard,two-year,bank_transfer,north,1,overdue
CUST105175,user5175@example.com,40.0,9.1,52.17,62171.0,3192.0,521.0,3,standard,month-to-month,bank_transfer,west,1,overdue
CUST105176,user5176@example.com,67.0,2.6,70.16,18660.0,2352.0,687.0,0,basic,one-year,e_check,east,1,unpaid
CUST105177,user5177@example.com,59.0,32.5,76.9,73630.0,4022.0,681.0,1,standard,month-to-month,e_check,south,0,paid
CUST105178,user5178@example.com,21.0,1.4,84.14,58940.0,34927.0,636.0,1,basic,month-to-month,bank_transfer,north,1,unpaid
CUST105179,user5179@example.com,34.0,36.2,79.7,64284.0,17733.0,838.0,2,standard,month-to-month,bank_transfer,south,0,paid
CUST105180,user5180@example.com,34.0,9.9,60.74,12000.0,1894.0,667.0,2,family,month-to-month,mailed_check,west,1,overdue
CUST105181,user5181@example.com,41.0,23.6,57.22,32485.0,3745.0,731.0,1,standard,month-to-month,mailed_check,east,1,unpaid
CUST105182,user5182@example.com,41.0,3.9,121.17,44885.0,11388.0,676.0,3,premium,one-year,credit_card,south,1,overdue
CUST105183,user5183@example.com,78.0,5.3,56.09,68474.0,40176.0,752.0,3,standard,month-to-month,credit_card,west,0,paid
CUST105184,user5184@example.com,29.0,60.1,37.71,36144.0,12715.0,624.0,0,standard,month-to-month,e_check,north,0,paid
CUST105185,user5185@example.com,45.0,28.6,29.03,105960.0,25941.0,565.0,0,family,month-to-month,e_check,west,0,paid
CUST105186,user5186@example.com,49.0,4.2,61.17,49734.0,12458.0,711.0,0,family,month-to-month,e_check,north,0,paid
CUST105187,user5187@example.com,42.0,4.2,93.5,34680.0,3972.0,674.0,2,basic,month-to-month,mailed_check,south,1,overdue
CUST105188,user5188@example.com,43.0,33.3,55.6,51263.0,17140.0,714.0,0,family,one-year,bank_transfer,east,0,paid
CUST105189,user5189@example.com,29.0,8.5,106.94,35981.0,10194.0,601.0,1,family,two-year,bank_transfer,south,0,paid
CUST105190,user5190@example.com,43.0,93.8,69.82,31313.0,14118.0,688.0,3,basic,month-to-month,credit_card,north,0,overdue
CUST105191,user5191@example.com,48.0,12.4,97.74,,11702.0,522.0,3,standard,one-year,credit_card,west,1,overdue
CUST105192,user5192@example.com,46.0,74.9,51.06,65265.0,8193.0,612.0,2,basic,two-year,mailed_check,south,0,paid
CUST105193,user5193@example.com,49.0,8.1,51.44,65323.0,24157.0,594.0,2,basic,month-to-month,e_check,east,1,overdue
CUST105194,user5194@example.com,59.0,41.4,72.28,80535.0,36893.0,690.0,0,basic,month-to-month,mailed_check,west,0,paid
CUST105195,user5195@example.com,53.0,4.4,82.06,64733.0,20949.0,611.0,1,basic,month-to-month,e_check,north,0,paid
CUST105196,user5196@example.com,43.0,28.0,65.53,33652.0,16305.0,540.0,1,premium,one-year,mailed_check,south,0,paid
CUST105197,user5197@example.com,28.0,60.1,77.31,69173.0,35458.0,605.0,1,basic,month-to-month,mailed_check,east,0,paid
CUST105198,user5198@example.com,35.0,14.7,84.71,32468.0,17992.0,698.0,0,premium,one-year,bank_transfer,west,0,paid
CUST105199,user5199@example.com,39.0,6.8,34.49,45439.0,11723.0,660.0,1,family,month-to-month,mailed_check,south,1,overdue
CUST105200,user5200@example.com,45.0,14.6,61.48,54086.0,29606.0,590.0,2,standard,one-year,credit_card,east,0,paid
CUST105201,user5201@example.com,36.0,6.4,57.03,52056.0,22904.0,717.0,3,premium,month-to-month,bank_transfer,west,1,unpaid
CUST105202,user5202@example.com,31.0,34.2,58.25,19176.0,7550.0,775.0,1,standard,one-year,bank_transfer,north,0,paid
CUST105203,user5203@example.com,28.0,1.7,80.17,35648.0,12640.0,,2,basic,month-to-month,credit_card,west,1,overdue
CUST105204,user5204@example.com,22.0,3.8,57.38,54550.0,3319.0,465.0,3,premium,two-year,credit_card,east,1,unpaid
CUST105205,user5205@example.com,39.0,3.7,19.87,42786.0,15325.0,669.0,0,standard,one-year,bank_transfer,south,0,paid
CUST105206,user5206@example.com,24.0,14.5,64.09,77525.0,37092.0,639.0,1,standard,one-year,bank_transfer,north,0,paid
CUST105207,user5207@example.com,30.0,2.7,43.39,80950.0,48052.0,487.0,2,basic,two-year,bank_transfer,south,0,paid
CUST105208,user5208@example.com,37.0,2.7,82.41,32592.0,9394.0,547.0,1,standard,month-to-month,e_check,south,1,overdue
CUST105209,user5209@example.com,26.0,30.0,90.14,56195.0,33413.0,714.0,3,standard,month-to-month,credit_card,south,1,overdue
CUST105210,user5210@example.com,47.0,2.5,15.63,86654.0,12487.0,665.0,2,family,month-to-month,e_check,east,0,paid
CUST105211,user5211@example.com,51.0,23.5,50.64,52316.0,30187.0,656.0,1,family,month-to-month,bank_transfer,south,1,unpaid
CUST105212,user5212@example.com,35.0,5.2,78.83,46860.0,17540.0,598.0,1,basic,month-to-month,mailed_check,east,0,paid
CUST105213,user5213@example.com,37.0,0.6,34.78,72204.0,29922.0,737.0,3,premium,two-year,mailed_check,south,1,overdue
CUST105214,user5214@example.com,48.0,7.0,89.57,49516.0,18099.0,552.0,0,basic,month-to-month,e_check,west,1,unpaid
CUST105215,user5215@example.com,33.0,22.1,96.23,80417.0,47492.0,579.0,0,premium,month-to-month,e_check,east,1,unpaid
CUST105216,user5216@example.com,33.0,8.7,65.95,43105.0,3205.0,625.0,0,basic,one-year,bank_transfer,east,0,overdue
CUST105217,user5217@example.com,56.0,2.4,50.65,45508.0,12549.0,528.0,1,standard,month-to-month,credit_card,north,1,overdue
CUST105218,user5218@example.com,53.0,15.3,12.24,70803.0,37623.0,579.0,3,standard,month-to-month,e_check,south,0,paid
CUST105219,user5219@example.com,49.0,28.7,90.35,57011.0,8090.0,735.0,2,premium,two-year,credit_card,west,1,overdue
CUST105220,user5220@example.com,53.0,13.3,120.06,57168.0,20768.0,582.0,2,standard,two-year,mailed_check,south,0,paid
CUST105221,user5221@example.com,18.0,92.4,114.89,16813.0,5682.0,712.0,3,family,one-year,bank_transfer,west,0,paid
CUST105222,user5222@example.com,58.0,20.4,65.13,47932.0,23682.0,701.0,3,basic,month-to-month,e_check,north,0,paid
CUST105223,user5223@example.com,47.0,15.7,42.68,72281.0,40119.0,637.0,2,basic,month-to-month,credit_card,north,1,overdue
CUST105224,user5224@example.com,54.0,8.2,90.94,39326.0,7565.0,536.0,4,basic,month-to-month,bank_transfer,north,1,overdue
CUST105225,user5225@example.com,47.0,12.4,66.83,69013.0,29761.0,655.0,1,basic,month-to-month,bank_transfer,north,1,overdue
CUST105226,user5226@example.com,43.0,10.8,81.95,60360.0,21200.0,481.0,3,standard,month-to-month,e_check,north,0,paid
CUST105227,user5227@example.com,39.0,39.7,77.57,51006.0,21144.0,608.0,0,standard,month-to-month,credit_card,east,1,overdue
CUST105228,user5228@example.com,46.0,5.2,72.33,82155.0,13162.0,669.0,2,standard,month-to-month,bank_transfer,east,1,unpaid
CUST105229,user5229@example.com,38.0,49.8,95.71,48203.0,9639.0,720.0,2,family,one-year,bank_transfer,west,0,overdue
CUST105230,user5230@example.com,52.0,18.0,96.64,49597.0,17479.0,638.0,1,premium,month-to-month,e_check,north,1,overdue
CUST105231,user5231@example.com,23.0,27.8,56.93,50777.0,2621.0,601.0,2,standard,month-to-month,e_check,north,1,unpaid
CUST105232,user5232@example.com,36.0,37.5,46.92,56610.0,25137.0,595.0,2,premium,month-to-month,bank_transfer,east,0,paid
CUST105233,user5233@example.com,67.0,27.8,10.0,70339.0,9767.0,613.0,4,basic,two-year,e_check,west,0,paid
CUST105234,user5234@example.com,34.0,12.1,61.35,25549.0,14364.0,700.0,1,basic,two-year,credit_card,east,0,paid
CUST105235,user5235@example.com,39.0,0.1,42.67,72361.0,37869.0,,1,family,one-year,bank_transfer,west,0,paid
CUST105236,user5236@example.com,31.0,92.8,80.48,56362.0,22141.0,648.0,2,family,one-year,mailed_check,east,0,paid
CUST105237,user5237@example.com,46.0,4.7,61.6,66081.0,35689.0,700.0,4,premium,month-to-month,e_check,west,0,paid
CUST105238,user5238@example.com,33.0,3.2,64.31,102837.0,60981.0,650.0,3,standard,month-to-month,credit_card,north,0,paid
CUST105239,user5239@example.com,40.0,25.2,90.3,44767.0,21319.0,543.0,0,premium,month-to-month,e_check,east,1,overdue
CUST105240,user5240@example.com,52.0,23.5,79.93,30507.0,12039.0,,0,basic,one-year,mailed_check,south,0,paid
CUST105241,user5241@example.com,34.0,3.8,67.08,58876.0,17492.0,698.0,0,standard,two-year,bank_transfer,west,0,paid
CUST105242,user5242@example.com,51.0,72.2,112.16,62043.0,30864.0,540.0,2,standard,month-to-month,credit_card,west,0,paid
CUST105243,user5243@example.com,52.0,30.4,88.45,72432.0,31685.0,620.0,4,standard,month-to-month,bank_transfer,north,1,overdue
CUST105244,user5244@example.com,55.0,39.5,59.6,44232.0,13710.0,641.0,3,basic,month-to-month,mailed_check,north,0,overdue
CUST105245,user5245@example.com,44.0,3.8,60.72,38398.0,12480.0,567.0,3,standard,month-to-month,e_check,west,0,paid
CUST105246,user5246@example.com,81.0,2.5,89.71,24341.0,4282.0,517.0,3,basic,month-to-month,e_check,west,1,overdue
CUST105247,user5247@example.com,55.0,23.6,75.07,27650.0,13375.0,556.0,1,premium,two-year,credit_card,east,1,overdue
CUST105248,user5248@example.com,46.0,4.4,41.97,46681.0,24885.0,505.0,4,standard,month-to-month,credit_card,east,1,overdue
CUST105249,user5249@example.com,31.0,7.4,92.37,52668.0,3111.0,699.0,2,standard,month-to-month,credit_card,south,0,paid
CUST105250,user5250@example.com,41.0,50.7,101.43,96303.0,10742.0,682.0,1,family,month-to-month,bank_transfer,west,0,paid
CUST105251,user5251@example.com,59.0,0.6,99.53,21148.0,12587.0,589.0,3,family,one-year,credit_card,west,1,overdue
CUST105252,user5252@example.com,63.0,40.3,108.57,61708.0,9130.0,541.0,3,premium,two-year,mailed_check,east,0,paid
CUST105253,user5253@example.com,60.0,9.1,121.73,40481.0,18423.0,743.0,1,standard,one-year,bank_transfer,east,0,overdue
CUST105254,user5254@example.com,51.0,14.7,113.25,59457.0,18697.0,685.0,1,standard,one-year,e_check,north,0,paid
CUST105255,user5255@example.com,27.0,38.6,78.52,43935.0,14795.0,600.0,3,standard,one-year,mailed_check,west,0,paid
CUST105256,user5256@example.com,48.0,32.7,64.79,75708.0,8298.0,745.0,2,premium,two-year,bank_transfer,west,0,paid
CUST105257,user5257@example.com,27.0,86.7,24.26,75584.0,9510.0,661.0,1,premium,one-year,bank_transfer,south,0,paid
CUST105258,user5258@example.com,24.0,91.6,70.27,52738.0,19400.0,675.0,0,basic,one-year,credit_card,west,0,paid
CUST105259,user5259@example.com,45.0,12.4,82.98,83782.0,21590.0,567.0,1,standard,two-year,bank_transfer,east,1,overdue
CUST105260,user5260@example.com,48.0,6.6,71.09,70202.0,34301.0,,4,standard,one-year,credit_card,west,1,overdue
CUST105261,user5261@example.com,53.0,6.1,22.79,82851.0,48434.0,524.0,0,basic,month-to-month,e_check,south,1,overdue
CUST105262,user5262@example.com,48.0,28.5,62.83,54137.0,26894.0,817.0,0,basic,two-year,bank_transfer,west,0,paid
CUST105263,user5263@example.com,48.0,11.1,86.13,74036.0,20231.0,584.0,1,premium,one-year,credit_card,east,1,overdue
CUST105264,user5264@example.com,30.0,13.0,44.35,39635.0,12493.0,655.0,1,family,two-year,mailed_check,south,0,paid
CUST105265,user5265@example.com,41.0,26.4,74.14,37607.0,5121.0,687.0,0,basic,month-to-month,mailed_check,east,0,paid
CUST105266,user5266@example.com,24.0,29.2,80.79,98597.0,42656.0,648.0,0,family,two-year,credit_card,south,0,paid
CUST105267,user5267@example.com,18.0,13.9,97.95,33283.0,9853.0,638.0,0,premium,one-year,mailed_check,east,0,paid
CUST105268,user5268@example.com,51.0,30.0,112.82,46278.0,24137.0,636.0,0,basic,one-year,e_check,south,0,paid
CUST105269,user5269@example.com,33.0,17.4,60.55,17040.0,6963.0,688.0,0,basic,one-year,e_check,west,0,paid
CUST105270,user5270@example.com,52.0,6.6,74.59,38083.0,5476.0,567.0,2,standard,two-year,mailed_check,east,0,paid
CUST105271,user5271@example.com,55.0,8.6,75.38,35115.0,9693.0,615.0,1,premium,two-year,credit_card,north,0,paid
CUST105272,user5272@example.com,35.0,31.8,86.23,,17566.0,466.0,2,standard,one-year,mailed_check,east,1,overdue
CUST105273,user5273@example.com,49.0,2.4,83.44,60998.0,31832.0,501.0,1,premium,one-year,mailed_check,east,0,paid
CUST105274,user5274@example.com,34.0,35.8,105.63,65821.0,15991.0,546.0,2,basic,two-year,e_check,east,0,paid
CUST105275,user5275@example.com,20.0,8.4,11.72,34864.0,14581.0,718.0,0,basic,one-year,credit_card,east,0,paid
CUST105276,user5276@example.com,43.0,2.3,80.45,39207.0,5704.0,628.0,1,premium,month-to-month,e_check,west,1,overdue
CUST105277,user5277@example.com,36.0,73.7,82.19,76670.0,41984.0,706.0,4,standard,month-to-month,credit_card,east,0,paid
CUST105278,user5278@example.com,37.0,23.5,64.12,89106.0,32643.0,681.0,1,standard,one-year,bank_transfer,east,0,paid
CUST105279,user5279@example.com,66.0,0.1,13.4,80118.0,37874.0,671.0,1,premium,month-to-month,e_check,south,0,paid
CUST105280,user5280@example.com,24.0,3.1,68.48,22073.0,5922.0,574.0,2,basic,one-year,bank_transfer,south,1,overdue
CUST105281,user5281@example.com,47.0,18.2,52.24,78788.0,44696.0,656.0,0,standard,two-year,e_check,south,1,overdue
CUST105282,user5282@example.com,30.0,1.0,111.95,92074.0,41070.0,670.0,0,family,one-year,bank_transfer,south,1,overdue
CUST105283,user5283@example.com,53.0,8.0,79.38,21081.0,2836.0,826.0,2,family,month-to-month,credit_card,south,1,overdue
CUST105284,user5284@example.com,46.0,13.2,50.11,76654.0,27028.0,622.0,1,standard,two-year,bank_transfer,east,0,paid
CUST105285,user5285@example.com,47.0,41.0,18.68,59504.0,11869.0,709.0,1,standard,month-to-month,e_check,south,0,paid
CUST105286,user5286@example.com,31.0,8.6,84.77,48457.0,24633.0,640.0,2,basic,month-to-month,mailed_check,west,1,overdue
CUST105287,user5287@example.com,33.0,18.9,87.4,57124.0,27451.0,594.0,1,basic,month-to-month,mailed_check,south,1,overdue
CUST105288,user5288@example.com,53.0,26.1,64.61,63865.0,20565.0,720.0,2,basic,one-year,mailed_check,west,0,paid
CUST105289,user5289@example.com,63.0,3.8,85.09,78152.0,16885.0,801.0,1,standard,one-year,mailed_check,east,0,paid
CUST105290,user5290@example.com,48.0,19.2,61.29,77120.0,40024.0,671.0,0,family,one-year,bank_transfer,west,1,overdue
CUST105291,user5291@example.com,31.0,15.5,96.68,24861.0,12872.0,595.0,1,basic,month-to-month,bank_transfer,south,0,paid
CUST105292,user5292@example.com,46.0,16.7,94.82,42027.0,13780.0,687.0,0,family,month-to-month,bank_transfer,north,0,paid
CUST105293,user5293@example.com,71.0,3.8,29.03,56871.0,25279.0,672.0,1,standard,one-year,bank_transfer,north,1,overdue
CUST105294,user5294@example.com,43.0,16.7,35.12,86444.0,17896.0,827.0,5,basic,month-to-month,e_check,north,1,overdue
CUST105295,user5295@example.com,60.0,3.2,120.78,12000.0,2902.0,709.0,3,basic,two-year,mailed_check,north,1,overdue
CUST105296,user5296@example.com,33.0,14.5,93.3,42783.0,24354.0,575.0,1,standard,month-to-month,mailed_check,west,1,unpaid
CUST105297,user5297@example.com,41.0,79.1,38.44,24442.0,11120.0,752.0,1,basic,month-to-month,bank_transfer,east,0,paid
CUST105298,user5298@example.com,49.0,5.6,30.74,27612.0,2476.0,712.0,2,standard,month-to-month,bank_transfer,south,1,overdue
CUST105299,user5299@example.com,47.0,37.7,75.19,74715.0,22545.0,725.0,5,basic,month-to-month,mailed_check,north,0,paid
CUST105300,user5300@example.com,33.0,6.6,41.44,44362.0,11874.0,686.0,2,premium,month-to-month,e_check,west,0,paid
CUST105301,user5301@example.com,32.0,23.0,62.08,12000.0,2125.0,731.0,2,basic,month-to-month,credit_card,south,0,overdue
CUST105302,user5302@example.com,54.0,14.7,68.82,51831.0,30955.0,685.0,1,standard,two-year,credit_card,east,1,overdue
CUST105303,user5303@example.com,56.0,52.8,67.74,95717.0,11935.0,630.0,2,standard,month-to-month,credit_card,north,1,overdue
CUST105304,user5304@example.com,60.0,7.8,98.16,18866.0,4204.0,,2,premium,month-to-month,credit_card,east,1,overdue
CUST105305,user5305@example.com,64.0,70.9,115.87,65659.0,33932.0,641.0,1,standard,month-to-month,credit_card,north,0,paid
CUST105306,user5306@example.com,44.0,7.2,58.03,86354.0,10600.0,677.0,2,standard,month-to-month,bank_transfer,south,1,overdue
CUST105307,user5307@example.com,38.0,35.9,41.73,54012.0,13874.0,656.0,3,family,month-to-month,bank_transfer,west,1,unpaid
CUST105308,user5308@example.com,58.0,20.9,79.72,93560.0,37312.0,625.0,0,premium,month-to-month,e_check,north,0,paid
CUST105309,user5309@example.com,51.0,7.8,110.79,41804.0,9836.0,635.0,3,premium,month-to-month,mailed_check,north,1,unpaid
CUST105310,user5310@example.com,30.0,32.8,59.92,,23065.0,650.0,0,basic,month-to-month,credit_card,east,1,overdue
CUST105311,user5311@example.com,30.0,120.0,91.26,79199.0,27922.0,508.0,2,premium,two-year,credit_card,north,0,paid
CUST105312,user5312@example.com,48.0,19.0,49.07,54349.0,31195.0,732.0,2,standard,month-to-month,e_check,south,0,paid
CUST105313,user5313@example.com,40.0,38.5,70.53,25256.0,13360.0,678.0,1,premium,one-year,mailed_check,north,0,paid
CUST105314,user5314@example.com,42.0,5.4,40.95,34965.0,3901.0,601.0,2,standard,month-to-month,e_check,north,1,overdue
CUST105315,user5315@example.com,55.0,20.3,70.27,12000.0,4358.0,697.0,1,basic,one-year,e_check,west,0,paid
CUST105316,user5316@example.com,51.0,45.0,67.09,66883.0,27376.0,609.0,0,basic,month-to-month,mailed_check,east,0,paid
CUST105317,user5317@example.com,58.0,99.2,85.2,64486.0,14778.0,609.0,1,standard,month-to-month,bank_transfer,west,0,paid
CUST105318,user5318@example.com,19.0,5.6,114.45,56584.0,11051.0,680.0,2,standard,month-to-month,bank_transfer,west,1,overdue
CUST105319,user5319@example.com,45.0,29.5,60.28,52546.0,19902.0,764.0,0,standard,one-year,e_check,east,0,paid
CUST105320,user5320@example.com,50.0,6.2,20.01,,22858.0,672.0,1,premium,two-year,mailed_check,north,1,overdue
CUST105321,user5321@example.com,24.0,0.5,64.95,60956.0,33391.0,588.0,4,premium,month-to-month,e_check,east,1,overdue
CUST105322,user5322@example.com,34.0,9.9,77.48,43907.0,6145.0,622.0,1,premium,one-year,mailed_check,west,0,paid
CUST105323,user5323@example.com,32.0,54.2,75.05,57945.0,4207.0,718.0,1,standard,one-year,bank_transfer,west,0,paid
CUST105324,user5324@example.com,42.0,6.8,66.06,95950.0,52273.0,682.0,3,premium,two-year,e_check,west,1,overdue
CUST105325,user5325@example.com,62.0,5.5,107.19,67443.0,36613.0,727.0,2,premium,one-year,mailed_check,south,0,paid
CUST105326,user5326@example.com,66.0,18.9,73.41,47202.0,13180.0,681.0,2,standard,month-to-month,bank_transfer,north,0,paid
CUST105327,user5327@example.com,32.0,16.0,67.38,54111.0,25142.0,712.0,3,standard,one-year,credit_card,east,1,overdue
CUST105328,user5328@example.com,48.0,8.3,50.56,64268.0,33107.0,811.0,0,basic,two-year,mailed_check,east,0,paid
CUST105329,user5329@example.com,49.0,0.3,26.33,46578.0,8859.0,542.0,0,standard,two-year,credit_card,north,0,paid
CUST105330,user5330@example.com,47.0,9.4,78.23,44809.0,18369.0,843.0,1,standard,two-year,e_check,east,0,paid
CUST105331,user5331@example.com,47.0,16.3,76.14,54774.0,24946.0,725.0,0,family,month-to-month,e_check,north,0,paid
CUST105332,user5332@example.com,46.0,11.8,43.52,85382.0,21057.0,850.0,3,standard,month-to-month,credit_card,north,0,paid
CUST105333,user5333@example.com,62.0,2.6,68.89,70820.0,40388.0,571.0,1,basic,month-to-month,bank_transfer,east,1,unpaid
CUST105334,user5334@example.com,55.0,2.7,66.4,46809.0,27240.0,681.0,0,premium,two-year,e_check,west,1,overdue
CUST105335,user5335@example.com,29.0,1.8,54.39,72380.0,22995.0,663.0,6,standard,month-to-month,credit_card,south,1,overdue
CUST105336,user5336@example.com,52.0,3.3,50.17,55171.0,5065.0,721.0,0,standard,month-to-month,mailed_check,east,1,overdue
CUST105337,user5337@example.com,53.0,9.2,80.13,61892.0,34377.0,688.0,2,standard,one-year,e_check,north,0,paid
CUST105338,user5338@example.com,46.0,2.8,64.35,60072.0,20283.0,679.0,3,premium,month-to-month,e_check,east,1,overdue
CUST105339,user5339@example.com,56.0,37.0,55.23,12795.0,1617.0,712.0,1,premium,two-year,mailed_check,north,0,paid
CUST105340,user5340@example.com,44.0,5.6,48.46,12000.0,5432.0,641.0,2,basic,one-year,mailed_check,west,1,unpaid
CUST105341,user5341@example.com,44.0,2.9,66.75,59532.0,25476.0,609.0,1,basic,month-to-month,e_check,west,0,paid
CUST105342,user5342@example.com,43.0,35.9,93.11,37943.0,4816.0,,2,standard,one-year,bank_transfer,south,0,paid
CUST105343,user5343@example.com,18.0,7.6,75.17,22215.0,4469.0,609.0,1,premium,one-year,bank_transfer,west,0,paid
CUST105344,user5344@example.com,41.0,9.2,64.07,38560.0,20257.0,640.0,1,basic,month-to-month,e_check,east,1,unpaid
CUST105345,user5345@example.com,34.0,3.5,77.71,73493.0,42866.0,535.0,4,standard,two-year,e_check,west,0,paid
CUST105346,user5346@example.com,28.0,12.6,104.11,62157.0,16962.0,654.0,3,basic,month-to-month,credit_card,north,1,overdue
CUST105347,user5347@example.com,59.0,23.0,82.26,70435.0,8736.0,576.0,2,standard,month-to-month,bank_transfer,east,0,paid
CUST105348,user5348@example.com,48.0,6.1,76.51,64062.0,15605.0,647.0,0,basic,one-year,e_check,west,1,overdue
CUST105349,user5349@example.com,42.0,2.6,85.96,36623.0,12056.0,563.0,2,standard,month-to-month,e_check,north,0,paid
CUST105350,user5350@example.com,35.0,3.9,66.05,70531.0,15181.0,648.0,0,basic,one-year,credit_card,east,0,paid
CUST105351,user5351@example.com,46.0,91.1,74.6,66715.0,25766.0,722.0,2,standard,month-to-month,bank_transfer,east,0,paid
CUST105352,user5352@example.com,54.0,7.5,57.78,52650.0,2862.0,,5,standard,two-year,mailed_check,east,0,paid
CUST105353,user5353@example.com,32.0,55.0,601.8357340210308,56177.0,28036.0,575.0,0,basic,two-year,e_check,east,0,overdue
CUST105354,user5354@example.com,42.0,5.5,78.57,70849.0,36456.0,713.0,0,standard,one-year,credit_card,east,0,paid
CUST105355,user5355@example.com,52.0,99.7,78.67,40011.0,19242.0,723.0,1,basic,month-to-month,mailed_check,north,0,paid
CUST105356,user5356@example.com,19.0,11.7,62.81,76758.0,16648.0,684.0,0,premium,month-to-month,credit_card,east,1,overdue
CUST105357,user5357@example.com,41.0,20.6,95.9,,26375.0,613.0,1,basic,two-year,e_check,north,1,unpaid
CUST105358,user5358@example.com,37.0,2.0,51.96,55045.0,13809.0,600.0,0,premium,month-to-month,mailed_check,north,1,overdue
CUST105359,user5359@example.com,40.0,13.2,25.72,85625.0,22614.0,623.0,2,standard,month-to-month,e_check,north,0,paid
CUST105360,user5360@example.com,36.0,14.6,52.57,29113.0,12810.0,645.0,2,basic,month-to-month,credit_card,east,0,paid
CUST105361,user5361@example.com,44.0,92.7,31.48,45796.0,23537.0,512.0,1,premium,month-to-month,credit_card,west,0,paid
CUST105362,user5362@example.com,65.0,47.9,78.45,41355.0,20969.0,571.0,1,basic,month-to-month,credit_card,south,0,paid
CUST105363,user5363@example.com,38.0,17.6,51.2,62162.0,11009.0,750.0,1,basic,month-to-month,credit_card,east,1,unpaid
CUST105364,user5364@example.com,46.0,46.6,94.62,78648.0,32396.0,667.0,2,basic,month-to-month,credit_card,south,0,paid
CUST105365,user5365@example.com,66.0,1.0,94.09,35340.0,6958.0,748.0,4,basic,one-year,credit_card,east,0,paid
CUST105366,user5366@example.com,35.0,85.2,46.88,121110.0,47916.0,731.0,1,family,month-to-month,bank_transfer,north,0,paid
CUST105367,user5367@example.com,64.0,21.3,49.8,41745.0,10518.0,625.0,3,standard,month-to-month,bank_transfer,west,0,overdue
CUST105368,user5368@example.com,42.0,48.9,83.36,62214.0,30141.0,626.0,2,basic,two-year,bank_transfer,south,0,paid
CUST105369,user5369@example.com,63.0,17.8,94.5,55054.0,31139.0,727.0,0,standard,two-year,bank_transfer,south,0,paid
CUST105370,user5370@example.com,51.0,67.9,19.68,55923.0,11715.0,711.0,0,premium,month-to-month,credit_card,east,0,paid
CUST105371,user5371@example.com,46.0,36.0,77.04,39152.0,20666.0,,0,family,month-to-month,credit_card,south,0,paid
CUST105372,user5372@example.com,41.0,64.4,15.06,76351.0,34892.0,649.0,1,standard,two-year,bank_transfer,south,0,paid
CUST105373,user5373@example.com,35.0,32.7,56.29,37922.0,13702.0,661.0,2,basic,month-to-month,bank_transfer,south,1,overdue
CUST105374,user5374@example.com,43.0,22.2,97.34,19621.0,6646.0,630.0,1,basic,month-to-month,e_check,west,1,unpaid
CUST105375,user5375@example.com,53.0,32.5,145.24,32560.0,7346.0,646.0,0,family,one-year,mailed_check,south,1,unpaid
CUST105376,user5376@example.com,42.0,35.1,64.03,83906.0,13577.0,595.0,1,premium,month-to-month,mailed_check,south,0,paid
CUST105377,user5377@example.com,38.0,33.5,38.82,80009.0,7670.0,644.0,2,basic,one-year,credit_card,north,0,paid
CUST105378,user5378@example.com,39.0,60.4,57.16,14855.0,6564.0,637.0,2,premium,month-to-month,bank_transfer,east,0,paid
CUST105379,user5379@example.com,54.0,48.3,71.65,71275.0,12284.0,613.0,0,basic,month-to-month,e_check,north,0,overdue
CUST105380,user5380@example.com,57.0,61.1,53.24,15361.0,4953.0,713.0,4,standard,two-year,bank_transfer,east,0,paid
CUST105381,user5381@example.com,34.0,9.1,46.88,54455.0,29373.0,537.0,1,basic,two-year,mailed_check,south,1,overdue
CUST105382,user5382@example.com,34.0,81.4,59.33,30845.0,12927.0,677.0,0,family,one-year,credit_card,south,0,paid
CUST105383,user5383@example.com,47.0,15.8,79.89,72816.0,10418.0,576.0,0,basic,two-year,credit_card,north,0,paid
CUST105384,user5384@example.com,60.0,5.7,65.76,66093.0,30003.0,582.0,2,basic,one-year,credit_card,south,0,paid
CUST105385,user5385@example.com,56.0,5.1,47.96,74592.0,12543.0,589.0,2,premium,month-to-month,credit_card,north,0,paid
CUST105386,user5386@example.com,27.0,14.8,53.25,49095.0,23514.0,688.0,2,standard,one-year,credit_card,west,1,overdue
CUST105387,user5387@example.com,39.0,5.1,59.65,51173.0,4746.0,469.0,3,standard,two-year,e_check,east,1,unpaid
CUST105388,user5388@example.com,31.0,11.3,45.01,25015.0,3200.0,663.0,0,premium,one-year,mailed_check,west,0,paid
CUST105389,user5389@example.com,39.0,55.7,52.32,34390.0,19389.0,654.0,4,basic,two-year,e_check,north,1,overdue
CUST105390,user5390@example.com,61.0,4.5,86.09,73971.0,15102.0,572.0,2,standard,one-year,mailed_check,south,0,paid
CUST105391,user5391@example.com,25.0,23.1,64.24,62345.0,8283.0,665.0,2,basic,month-to-month,mailed_check,north,1,overdue
CUST105392,user5392@example.com,23.0,18.8,26.16,57087.0,9602.0,553.0,1,premium,month-to-month,e_check,south,1,unpaid
CUST105393,user5393@example.com,32.0,1.9,95.62,80242.0,19949.0,646.0,3,basic,one-year,e_check,east,1,overdue
CUST105394,user5394@example.com,45.0,10.4,80.42,28997.0,14809.0,550.0,2,standard,month-to-month,mailed_check,north,1,overdue
CUST105395,user5395@example.com,49.0,28.7,35.42,69403.0,9292.0,814.0,2,premium,month-to-month,credit_card,north,0,paid
CUST105396,user5396@example.com,47.0,39.5,60.87,31417.0,1843.0,719.0,1,family,month-to-month,bank_transfer,north,0,paid
CUST105397,user5397@example.com,56.0,18.7,50.2,84557.0,44456.0,670.0,2,basic,month-to-month,credit_card,east,1,overdue
CUST105398,user5398@example.com,21.0,20.5,86.92,65889.0,14154.0,574.0,0,basic,month-to-month,e_check,east,0,paid
CUST105399,user5399@example.com,56.0,53.8,60.71,74290.0,6857.0,628.0,1,standard,month-to-month,e_check,south,0,paid
CUST105400,user5400@example.com,38.0,45.9,68.18,40967.0,2674.0,631.0,2,basic,month-to-month,credit_card,north,1,overdue
CUST105401,user5401@example.com,51.0,5.4,65.27,98642.0,53737.0,669.0,3,standard,two-year,credit_card,south,0,paid
CUST105402,user5402@example.com,26.0,9.6,33.0,94971.0,32074.0,682.0,5,standard,two-year,mailed_check,north,0,paid
CUST105403,user5403@example.com,42.0,25.3,105.13,63608.0,24538.0,668.0,1,standard,month-to-month,credit_card,north,1,unpaid
CUST105404,user5404@example.com,45.0,17.6,86.56,78505.0,30525.0,677.0,1,standard,month-to-month,mailed_check,north,1,overdue
CUST105405,user5405@example.com,56.0,25.3,51.32,48962.0,16510.0,636.0,2,premium,month-to-month,mailed_check,north,1,overdue
CUST105406,user5406@example.com,23.0,17.2,74.8,29630.0,14018.0,677.0,3,basic,one-year,mailed_check,north,1,overdue
CUST105407,user5407@example.com,42.0,24.9,94.35,70916.0,38886.0,,3,standard,month-to-month,mailed_check,west,1,overdue
CUST105408,user5408@example.com,29.0,17.9,71.39,36614.0,14740.0,565.0,1,basic,month-to-month,mailed_check,west,0,paid
CUST105409,user5409@example.com,48.0,8.1,108.92,81204.0,41750.0,798.0,0,standard,one-year,credit_card,south,0,paid
CUST105410,user5410@example.com,51.0,62.3,142.95,75957.0,4200.0,683.0,1,standard,month-to-month,bank_transfer,south,0,paid
CUST105411,user5411@example.com,57.0,2.3,66.85,59704.0,18753.0,794.0,1,basic,month-to-month,bank_transfer,east,0,paid
CUST105412,user5412@example.com,36.0,12.2,55.44,58586.0,22393.0,628.0,0,standard,one-year,mailed_check,south,0,paid
CUST105413,user5413@example.com,53.0,21.0,45.26,74786.0,12016.0,843.0,1,basic,month-to-month,mailed_check,west,1,overdue
CUST105414,user5414@example.com,58.0,50.3,14.66,60491.0,8358.0,656.0,0,standard,two-year,bank_transfer,west,0,paid
CUST105415,user5415@example.com,22.0,17.0,101.2,46911.0,5861.0,,2,standard,month-to-month,e_check,west,1,overdue
CUST105416,user5416@example.com,49.0,0.4,61.16,24710.0,5106.0,653.0,2,premium,month-to-month,mailed_check,north,0,paid
CUST105417,user5417@example.com,54.0,47.2,91.88,74178.0,37302.0,663.0,2,premium,two-year,e_check,west,0,paid
CUST105418,user5418@example.com,39.0,34.4,96.91,62329.0,4064.0,641.0,3,standard,two-year,bank_transfer,south,0,paid
CUST105419,user5419@example.com,27.0,16.6,42.98,110113.0,41990.0,611.0,2,basic,one-year,e_check,north,0,paid
CUST105420,user5420@example.com,53.0,18.1,46.73,53082.0,4644.0,728.0,4,basic,one-year,mailed_check,east,0,paid
CUST105421,user5421@example.com,28.0,10.5,113.62,61041.0,22967.0,649.0,1,basic,month-to-month,bank_transfer,east,0,paid
CUST105422,user5422@example.com,40.0,62.5,68.25,61510.0,11608.0,716.0,3,standard,month-to-month,e_check,west,0,paid
CUST105423,user5423@example.com,42.0,3.4,53.49,68015.0,9287.0,722.0,2,basic,month-to-month,mailed_check,north,0,paid
CUST105424,user5424@example.com,51.0,27.3,43.87,35662.0,10920.0,763.0,0,basic,month-to-month,bank_transfer,east,0,overdue
CUST105425,user5425@example.com,34.0,18.5,66.46,53456.0,9467.0,684.0,1,standard,two-year,credit_card,east,0,paid
CUST105426,user5426@example.com,34.0,23.1,107.7,71553.0,18464.0,529.0,3,premium,month-to-month,credit_card,west,0,paid
CUST105427,user5427@example.com,43.0,25.9,87.14,48345.0,19250.0,624.0,1,standard,one-year,e_check,south,0,paid
CUST105428,user5428@example.com,54.0,45.8,74.54,70804.0,39999.0,648.0,0,basic,two-year,credit_card,east,0,paid
CUST105429,user5429@example.com,69.0,1.6,109.71,56934.0,22193.0,651.0,1,standard,month-to-month,bank_transfer,west,0,paid
CUST105430,user5430@example.com,24.0,45.4,104.89,63037.0,20732.0,755.0,3,standard,one-year,credit_card,east,0,paid
CUST105431,user5431@example.com,46.0,11.6,78.35,78023.0,27803.0,741.0,4,family,month-to-month,mailed_check,south,0,paid
CUST105432,user5432@example.com,29.0,44.4,139.4,50453.0,15623.0,638.0,0,basic,month-to-month,mailed_check,west,1,overdue
CUST105433,user5433@example.com,54.0,11.3,63.81,25963.0,9335.0,844.0,2,standard,one-year,e_check,west,0,paid
CUST105434,user5434@example.com,31.0,28.9,97.45,49673.0,18061.0,622.0,3,premium,month-to-month,mailed_check,north,0,paid
CUST105435,user5435@example.com,34.0,6.0,60.18,38489.0,12344.0,629.0,1,premium,month-to-month,bank_transfer,north,1,overdue
CUST105436,user5436@example.com,35.0,65.9,92.57,12485.0,6038.0,563.0,1,premium,month-to-month,mailed_check,east,1,overdue
CUST105437,user5437@example.com,41.0,30.8,63.79,,14005.0,525.0,0,standard,month-to-month,mailed_check,north,0,paid
CUST105438,user5438@example.com,46.0,0.4,81.53,58981.0,6470.0,556.0,1,premium,month-to-month,mailed_check,north,1,unpaid
CUST105439,user5439@example.com,48.0,1.7,129.75,75415.0,30444.0,,3,standard,one-year,bank_transfer,west,1,overdue
CUST105440,user5440@example.com,42.0,7.2,93.8,32214.0,15716.0,709.0,3,premium,one-year,credit_card,south,1,unpaid
CUST105441,user5441@example.com,26.0,20.6,81.92,56771.0,27194.0,579.0,2,premium,month-to-month,mailed_check,east,1,overdue
CUST105442,user5442@example.com,51.0,10.6,50.63,77562.0,14634.0,658.0,0,basic,month-to-month,bank_transfer,south,0,paid
CUST105443,user5443@example.com,41.0,3.9,74.71,43507.0,17658.0,715.0,3,basic,two-year,credit_card,north,0,paid
CUST105444,user5444@example.com,56.0,24.5,44.8,65724.0,39384.0,487.0,2,family,month-to-month,mailed_check,west,0,paid
CUST105445,user5445@example.com,34.0,20.4,92.17,86954.0,9349.0,792.0,0,standard,one-year,bank_transfer,north,0,paid
CUST105446,user5446@example.com,23.0,45.0,91.55,17752.0,5991.0,734.0,0,premium,month-to-month,credit_card,south,0,paid
CUST105447,user5447@example.com,42.0,8.8,65.51,60453.0,13177.0,715.0,2,premium,month-to-month,e_check,west,1,overdue
CUST105448,user5448@example.com,58.0,22.3,111.59,78258.0,37969.0,746.0,1,basic,month-to-month,bank_transfer,south,1,unpaid
CUST105449,user5449@example.com,44.0,58.2,108.07,47986.0,10970.0,,0,basic,one-year,credit_card,south,1,unpaid
CUST105450,user5450@example.com,40.0,55.4,73.74,82735.0,37518.0,633.0,2,family,month-to-month,bank_transfer,south,0,paid
CUST105451,user5451@example.com,32.0,2.9,84.14,67684.0,9357.0,751.0,0,standard,two-year,e_check,east,0,paid
CUST105452,user5452@example.com,63.0,41.8,55.29,90387.0,7849.0,649.0,0,premium,month-to-month,bank_transfer,west,0,paid
CUST105453,user5453@example.com,30.0,4.7,63.2,66649.0,7149.0,709.0,2,standard,month-to-month,mailed_check,north,0,paid
CUST105454,user5454@example.com,33.0,4.3,43.05,92051.0,17781.0,766.0,2,basic,month-to-month,e_check,south,1,unpaid
CUST105455,user5455@example.com,49.0,0.2,58.04,61000.0,31551.0,706.0,1,basic,month-to-month,credit_card,north,1,overdue
CUST105456,user5456@example.com,20.0,61.5,67.39,27644.0,3669.0,629.0,3,basic,month-to-month,e_check,east,0,paid
CUST105457,user5457@example.com,57.0,8.9,28.49,42380.0,2897.0,696.0,1,basic,month-to-month,bank_transfer,west,0,paid
CUST105458,user5458@example.com,49.0,15.5,84.42,75367.0,39146.0,516.0,0,family,month-to-month,mailed_check,south,1,unpaid
CUST105459,user5459@example.com,53.0,26.8,95.55,74974.0,19207.0,689.0,1,premium,two-year,mailed_check,south,0,paid
CUST105460,user5460@example.com,49.0,0.3,69.8,48788.0,18237.0,710.0,1,premium,month-to-month,bank_transfer,south,0,paid
CUST105461,user5461@example.com,40.0,18.2,10.0,91086.0,8752.0,662.0,1,basic,two-year,credit_card,east,0,paid
CUST105462,user5462@example.com,29.0,5.6,63.68,47921.0,26310.0,743.0,4,standard,one-year,e_check,west,0,paid
CUST105463,user5463@example.com,40.0,13.6,35.17,64240.0,21035.0,672.0,1,basic,two-year,credit_card,north,0,paid
CUST105464,user5464@example.com,30.0,16.3,54.76,63686.0,6322.0,662.0,2,basic,one-year,credit_card,south,0,paid
CUST105465,user5465@example.com,48.0,2.4,106.3,28391.0,11316.0,,0,basic,one-year,bank_transfer,north,0,paid
CUST105466,user5466@example.com,52.0,46.7,10.0,52790.0,13254.0,573.0,0,premium,month-to-month,mailed_check,west,1,unpaid
CUST105467,user5467@example.com,60.0,75.0,49.59,102607.0,25074.0,761.0,1,standard,month-to-month,mailed_check,south,0,paid
CUST105468,user5468@example.com,46.0,5.4,90.74,36555.0,10035.0,755.0,4,standard,one-year,credit_card,west,0,paid
CUST105469,user5469@example.com,53.0,33.7,52.45,67503.0,22240.0,718.0,1,premium,month-to-month,e_check,south,0,paid
CUST105470,user5470@example.com,38.0,12.2,50.54,31912.0,12466.0,618.0,1,standard,month-to-month,bank_transfer,south,1,unpaid
CUST105471,user5471@example.com,36.0,3.9,120.81,36346.0,4744.0,677.0,1,basic,month-to-month,mailed_check,west,1,overdue
CUST105472,user5472@example.com,48.0,38.0,79.46,26714.0,12419.0,586.0,1,family,one-year,mailed_check,north,1,overdue
CUST105473,user5473@example.com,37.0,29.1,93.36,73821.0,4793.0,605.0,5,standard,one-year,mailed_check,north,0,paid
CUST105474,user5474@example.com,45.0,86.3,82.37,37572.0,16327.0,661.0,0,basic,month-to-month,e_check,west,0,paid
CUST105475,user5475@example.com,29.0,3.0,74.04,80350.0,12118.0,579.0,0,standard,month-to-month,e_check,east,0,paid
CUST105476,user5476@example.com,31.0,8.9,101.6,44374.0,13124.0,631.0,1,standard,one-year,credit_card,west,0,paid
CUST105477,user5477@example.com,50.0,27.9,117.63,57560.0,20656.0,562.0,1,premium,two-year,credit_card,west,0,paid
CUST105478,user5478@example.com,53.0,9.9,27.91,63228.0,25674.0,702.0,0,premium,month-to-month,bank_transfer,east,0,paid
CUST105479,user5479@example.com,30.0,31.6,69.12,22662.0,10993.0,781.0,1,basic,month-to-month,credit_card,south,0,paid
CUST105480,user5480@example.com,50.0,6.7,68.92,59073.0,19725.0,826.0,0,premium,one-year,e_check,south,0,paid
CUST105481,user5481@example.com,36.0,7.2,59.27,61998.0,33111.0,567.0,2,standard,month-to-month,e_check,east,1,overdue
CUST105482,user5482@example.com,42.0,30.7,94.53,77800.0,44757.0,581.0,2,standard,month-to-month,e_check,north,1,overdue
CUST105483,user5483@example.com,59.0,8.4,76.42,35810.0,21014.0,646.0,2,standard,month-to-month,e_check,west,1,unpaid
CUST105484,user5484@example.com,52.0,17.0,118.14,38660.0,8728.0,716.0,0,basic,one-year,e_check,east,1,unpaid
CUST105485,user5485@example.com,52.0,4.6,97.51,68191.0,4616.0,643.0,1,basic,two-year,credit_card,south,1,overdue
CUST105486,user5486@example.com,65.0,8.9,104.12,83248.0,36936.0,736.0,3,premium,month-to-month,bank_transfer,south,1,overdue
CUST105487,user5487@example.com,34.0,5.1,40.02,43150.0,8136.0,702.0,1,basic,month-to-month,mailed_check,west,0,paid
CUST105488,user5488@example.com,30.0,28.1,49.85,30296.0,14307.0,518.0,0,standard,two-year,e_check,north,1,overdue
CUST105489,user5489@example.com,33.0,43.1,51.91,,2567.0,664.0,1,premium,two-year,credit_card,west,0,paid
CUST105490,user5490@example.com,39.0,7.0,103.08,34734.0,16584.0,560.0,0,family,month-to-month,bank_transfer,south,1,overdue
CUST105491,user5491@example.com,18.0,7.7,45.82,62956.0,5577.0,614.0,4,family,month-to-month,e_check,south,1,overdue
CUST105492,user5492@example.com,40.0,31.8,46.55,33403.0,17825.0,626.0,1,premium,one-year,credit_card,north,0,paid
CUST105493,user5493@example.com,35.0,44.4,41.97,74458.0,30395.0,718.0,2,standard,one-year,bank_transfer,north,0,paid
CUST105494,user5494@example.com,51.0,17.5,138.83,59252.0,8233.0,657.0,2,basic,one-year,bank_transfer,south,1,overdue
CUST105495,user5495@example.com,46.0,9.2,66.44,75082.0,24725.0,622.0,0,basic,month-to-month,e_check,west,0,paid
CUST105496,user5496@example.com,35.0,10.8,83.25,12000.0,3934.0,827.0,0,basic,one-year,bank_transfer,west,1,overdue
CUST105497,user5497@example.com,49.0,62.2,41.48,19837.0,10582.0,588.0,0,basic,one-year,e_check,north,0,paid
CUST105498,user5498@example.com,51.0,6.2,93.98,80853.0,27715.0,682.0,3,standard,month-to-month,mailed_check,north,1,unpaid
CUST105499,user5499@example.com,33.0,6.0,25.66,40610.0,14326.0,712.0,0,standard,one-year,mailed_check,north,0,paid
CUST105500,user5500@example.com,36.0,42.5,45.52,25672.0,5788.0,672.0,5,family,month-to-month,bank_transfer,east,0,paid
CUST105501,user5501@example.com,18.0,11.6,51.72,50946.0,22960.0,587.0,3,standard,two-year,bank_transfer,south,0,paid
CUST105502,user5502@example.com,29.0,69.2,75.47,59847.0,4648.0,583.0,2,family,month-to-month,mailed_check,east,0,paid
CUST105503,user5503@example.com,33.0,77.6,50.17,51840.0,30190.0,709.0,1,premium,one-year,bank_transfer,east,0,paid
CUST105504,user5504@example.com,43.0,5.6,108.1,64360.0,24678.0,743.0,4,premium,month-to-month,credit_card,west,0,paid
CUST105505,user5505@example.com,31.0,33.6,82.58,61650.0,31757.0,655.0,2,basic,one-year,credit_card,west,0,paid
CUST105506,user5506@example.com,36.0,3.2,52.76,60603.0,29064.0,553.0,2,standard,month-to-month,credit_card,west,1,unpaid
CUST105507,user5507@example.com,27.0,27.8,94.94,81967.0,13933.0,660.0,1,standard,one-year,e_check,east,0,paid
CUST105508,user5508@example.com,44.0,46.6,60.17,54716.0,11435.0,780.0,2,premium,month-to-month,e_check,south,0,paid
CUST105509,user5509@example.com,47.0,16.3,55.24,54128.0,10983.0,578.0,0,standard,one-year,credit_card,west,1,overdue
CUST105510,user5510@example.com,47.0,6.7,92.4,71056.0,12366.0,633.0,1,family,month-to-month,e_check,west,1,overdue
CUST105511,user5511@example.com,42.0,3.8,10.0,66053.0,3881.0,664.0,0,basic,two-year,mailed_check,south,1,overdue
CUST105512,user5512@example.com,24.0,14.4,88.37,,18650.0,746.0,4,basic,month-to-month,bank_transfer,south,0,paid
CUST105513,user5513@example.com,35.0,5.1,52.17,53158.0,18383.0,616.0,0,premium,month-to-month,bank_transfer,east,0,paid
CUST105514,user5514@example.com,37.0,21.1,52.13,63765.0,23921.0,698.0,4,family,month-to-month,mailed_check,east,0,paid
CUST105515,user5515@example.com,37.0,15.5,118.95,43263.0,13863.0,770.0,1,basic,month-to-month,bank_transfer,south,1,overdue
CUST105516,user5516@example.com,43.0,37.7,56.72,44216.0,5235.0,540.0,0,basic,month-to-month,mailed_check,north,0,paid
CUST105517,user5517@example.com,59.0,30.2,93.9,27171.0,7876.0,554.0,2,standard,month-to-month,bank_transfer,west,1,overdue
CUST105518,user5518@example.com,52.0,22.8,76.98,12000.0,2538.0,651.0,1,premium,one-year,credit_card,east,1,overdue
CUST105519,user5519@example.com,30.0,10.2,79.57,47518.0,25690.0,737.0,3,standard,one-year,bank_transfer,south,0,overdue
CUST105520,user5520@example.com,50.0,62.8,63.74,57546.0,25071.0,685.0,0,basic,month-to-month,mailed_check,north,1,overdue
CUST105521,user5521@example.com,50.0,45.6,62.43,33092.0,4615.0,744.0,2,standard,month-to-month,e_check,east,0,paid
CUST105522,user5522@example.com,32.0,49.1,108.2,82557.0,36000.0,523.0,0,basic,month-to-month,e_check,north,1,unpaid
CUST105523,user5523@example.com,52.0,3.5,93.26,34066.0,11978.0,687.0,1,basic,two-year,mailed_check,south,1,overdue
CUST105524,user5524@example.com,40.0,0.7,57.51,73251.0,6953.0,431.0,1,standard,month-to-month,bank_transfer,south,1,overdue
CUST105525,user5525@example.com,25.0,32.3,43.85,63373.0,5593.0,765.0,2,basic,one-year,e_check,east,1,unpaid
CUST105526,user5526@example.com,47.0,10.1,55.39,98527.0,12916.0,754.0,1,premium,two-year,e_check,east,0,paid
CUST105527,user5527@example.com,45.0,10.3,94.54,65797.0,32620.0,633.0,1,premium,month-to-month,mailed_check,east,0,paid
CUST105528,user5528@example.com,39.0,3.0,99.47,26074.0,13206.0,474.0,0,family,one-year,bank_transfer,west,0,paid
CUST105529,user5529@example.com,42.0,29.8,83.87,76087.0,29256.0,642.0,3,premium,month-to-month,bank_transfer,north,1,unpaid
CUST105530,user5530@example.com,33.0,55.6,29.58,88952.0,5212.0,748.0,4,basic,one-year,bank_transfer,south,0,paid
CUST105531,user5531@example.com,49.0,114.9,88.84,19556.0,4389.0,692.0,3,basic,month-to-month,bank_transfer,south,0,paid
CUST105532,user5532@example.com,41.0,100.7,102.59,67783.0,18335.0,807.0,2,standard,one-year,credit_card,east,0,overdue
CUST105533,user5533@example.com,44.0,53.8,74.34,72206.0,14904.0,635.0,0,premium,two-year,mailed_check,south,0,paid
CUST105534,user5534@example.com,46.0,5.4,119.5,50743.0,18756.0,821.0,1,basic,month-to-month,bank_transfer,east,1,overdue
CUST105535,user5535@example.com,28.0,8.4,36.98,12000.0,1011.0,497.0,0,family,one-year,credit_card,south,0,paid
CUST105536,user5536@example.com,31.0,2.1,87.12,49081.0,2993.0,598.0,1,premium,month-to-month,mailed_check,east,1,overdue
CUST105537,user5537@example.com,18.0,16.3,44.49,43379.0,16194.0,555.0,3,premium,one-year,e_check,north,1,unpaid
CUST105538,user5538@example.com,49.0,42.8,96.46,85596.0,16733.0,,1,standard,month-to-month,mailed_check,east,1,overdue
CUST105539,user5539@example.com,27.0,1.1,85.32,53228.0,22760.0,562.0,1,family,month-to-month,mailed_check,west,1,unpaid
CUST105540,user5540@example.com,44.0,106.0,115.03,46754.0,22333.0,739.0,1,premium,two-year,mailed_check,west,0,paid
CUST105541,user5541@example.com,46.0,3.7,82.49,43270.0,16706.0,714.0,1,standard,month-to-month,e_check,south,1,overdue
CUST105542,user5542@example.com,49.0,6.3,59.9,61515.0,36560.0,673.0,1,premium,one-year,e_check,south,0,paid
CUST105543,user5543@example.com,28.0,27.3,57.72,56137.0,22658.0,650.0,0,family,one-year,credit_card,south,0,paid
CUST105544,user5544@example.com,41.0,17.9,63.75,39201.0,18621.0,574.0,2,family,month-to-month,credit_card,north,1,unpaid
CUST105545,user5545@example.com,62.0,52.4,57.23,60280.0,24266.0,707.0,2,family,month-to-month,credit_card,south,0,paid
CUST105546,user5546@example.com,63.0,31.2,103.68,43855.0,21620.0,618.0,2,premium,month-to-month,e_check,north,1,overdue
CUST105547,user5547@example.com,54.0,1.3,101.89,12000.0,3178.0,720.0,1,standard,month-to-month,mailed_check,south,1,unpaid
CUST105548,user5548@example.com,46.0,49.9,32.59,68360.0,19749.0,778.0,2,standard,two-year,bank_transfer,east,1,overdue
CUST105549,user5549@example.com,30.0,34.8,70.96,66464.0,15576.0,633.0,1,basic,one-year,bank_transfer,west,1,overdue
CUST105550,user5550@example.com,51.0,24.5,71.56,58995.0,21655.0,764.0,0,standard,month-to-month,e_check,east,0,paid
CUST105551,user5551@example.com,40.0,1.1,50.47,46151.0,11817.0,673.0,1,basic,one-year,bank_transfer,east,0,paid
CUST105552,user5552@example.com,49.0,33.2,80.96,53559.0,31778.0,706.0,3,basic,one-year,mailed_check,west,0,overdue
CUST105553,user5553@example.com,34.0,17.5,106.52,71386.0,27244.0,552.0,3,basic,month-to-month,credit_card,south,1,unpaid
CUST105554,user5554@example.com,40.0,27.7,92.3,42364.0,9940.0,603.0,3,standard,month-to-month,mailed_check,east,1,unpaid
CUST105555,user5555@example.com,44.0,46.4,103.68,72193.0,23787.0,602.0,2,basic,one-year,bank_transfer,east,1,unpaid
CUST105556,user5556@example.com,45.0,38.8,52.04,25503.0,12225.0,766.0,1,premium,month-to-month,credit_card,north,0,paid
CUST105557,user5557@example.com,48.0,33.2,70.91,58363.0,28794.0,630.0,4,family,month-to-month,bank_transfer,south,0,paid
CUST105558,user5558@example.com,35.0,24.7,50.86,55515.0,22229.0,708.0,4,standard,month-to-month,e_check,east,1,unpaid
CUST105559,user5559@example.com,26.0,13.0,75.99,75054.0,3849.0,652.0,2,standard,one-year,mailed_check,north,1,overdue
CUST105560,user5560@example.com,61.0,36.2,78.24,36621.0,19326.0,630.0,0,family,one-year,mailed_check,south,0,paid
CUST105561,user5561@example.com,72.0,14.8,94.0,38804.0,21357.0,540.0,3,basic,one-year,credit_card,south,1,overdue
CUST105562,user5562@example.com,47.0,34.6,102.84,27110.0,14352.0,505.0,2,standard,one-year,credit_card,east,0,paid
CUST105563,user5563@example.com,26.0,39.4,87.22,43665.0,18301.0,631.0,1,premium,month-to-month,e_check,south,0,paid
CUST105564,user5564@example.com,33.0,11.4,48.5,60108.0,3901.0,636.0,1,premium,month-to-month,mailed_check,south,0,paid
CUST105565,user5565@example.com,48.0,21.9,36.2,19043.0,10910.0,588.0,2,premium,one-year,mailed_check,east,0,paid
CUST105566,user5566@example.com,58.0,15.4,83.0,46142.0,4028.0,670.0,1,basic,month-to-month,credit_card,west,0,paid
CUST105567,user5567@example.com,27.0,18.1,107.51,67216.0,8887.0,815.0,1,premium,month-to-month,bank_transfer,north,0,paid
CUST105568,user5568@example.com,41.0,3.6,69.38,52942.0,20931.0,778.0,1,basic,month-to-month,mailed_check,east,0,paid
CUST105569,user5569@example.com,44.0,65.6,31.82,56504.0,17177.0,,2,standard,month-to-month,e_check,south,1,overdue
CUST105570,user5570@example.com,52.0,31.9,122.12,24878.0,11571.0,660.0,1,basic,month-to-month,bank_transfer,north,0,paid
CUST105571,user5571@example.com,38.0,1.5,82.24,52999.0,21106.0,706.0,3,basic,month-to-month,credit_card,north,1,overdue
CUST105572,user5572@example.com,23.0,14.3,74.28,55574.0,2907.0,675.0,1,standard,month-to-month,credit_card,north,0,paid
CUST105573,user5573@example.com,49.0,21.5,40.8,51725.0,20874.0,706.0,1,premium,two-year,bank_transfer,east,0,paid
CUST105574,user5574@example.com,55.0,19.7,70.41,58056.0,30306.0,677.0,1,standard,month-to-month,credit_card,south,0,paid
CUST105575,user5575@example.com,41.0,57.7,87.17,48817.0,25321.0,662.0,0,family,month-to-month,bank_transfer,north,0,paid
CUST105576,user5576@example.com,47.0,60.5,82.58,45879.0,6266.0,603.0,0,standard,month-to-month,credit_card,west,0,paid
CUST105577,user5577@example.com,36.0,59.4,53.0,34205.0,8245.0,683.0,3,basic,one-year,e_check,south,0,paid
CUST105578,user5578@example.com,32.0,66.6,68.57,74489.0,8621.0,473.0,1,basic,two-year,e_check,west,0,paid
CUST105579,user5579@example.com,54.0,20.6,54.6,30467.0,14116.0,675.0,0,premium,two-year,mailed_check,south,0,paid
CUST105580,user5580@example.com,47.0,8.6,111.6,58159.0,22982.0,488.0,2,family,month-to-month,bank_transfer,east,1,overdue
CUST105581,user5581@example.com,48.0,8.0,92.37,91264.0,28879.0,675.0,1,standard,month-to-month,mailed_check,south,1,overdue
CUST105582,user5582@example.com,60.0,41.6,56.89,77029.0,16551.0,575.0,2,premium,one-year,credit_card,south,1,overdue
CUST105583,user5583@example.com,29.0,6.7,40.79,65187.0,31479.0,756.0,0,standard,two-year,credit_card,east,1,overdue
CUST105584,user5584@example.com,35.0,17.8,76.95,59995.0,29115.0,,3,standard,month-to-month,e_check,east,1,unpaid
CUST105585,user5585@example.com,44.0,15.7,57.68,52445.0,16790.0,654.0,1,family,two-year,mailed_check,north,0,paid
CUST105586,user5586@example.com,35.0,66.5,59.54,36973.0,4379.0,,2,standard,one-year,e_check,west,0,paid
CUST105587,user5587@example.com,51.0,7.9,41.62,49923.0,15274.0,585.0,1,standard,month-to-month,credit_card,west,1,overdue
CUST105588,user5588@example.com,40.0,26.6,44.71,66498.0,36097.0,744.0,1,standard,one-year,credit_card,south,0,overdue
CUST105589,user5589@example.com,30.0,13.1,74.07,62794.0,23312.0,709.0,2,standard,two-year,e_check,east,1,overdue
CUST105590,user5590@example.com,43.0,19.6,63.33,70774.0,32889.0,610.0,2,standard,month-to-month,credit_card,east,1,unpaid
CUST105591,user5591@example.com,44.0,19.6,132.41,79393.0,16837.0,569.0,0,basic,two-year,credit_card,east,1,overdue
CUST105592,user5592@example.com,53.0,22.5,84.86,51831.0,12374.0,,1,family,month-to-month,mailed_check,south,0,paid
CUST105593,user5593@example.com,47.0,15.4,41.21,58837.0,6732.0,641.0,1,basic,two-year,mailed_check,south,0,paid
CUST105594,user5594@example.com,48.0,27.7,31.61,17019.0,4060.0,563.0,3,basic,month-to-month,bank_transfer,north,0,paid
CUST105595,user5595@example.com,46.0,11.9,79.95,100124.0,14347.0,613.0,2,premium,one-year,mailed_check,north,0,paid
CUST105596,user5596@example.com,40.0,2.2,60.08,46723.0,16187.0,603.0,0,basic,month-to-month,credit_card,north,0,paid
CUST105597,user5597@example.com,33.0,40.6,103.29,68034.0,18137.0,634.0,1,standard,month-to-month,e_check,east,1,overdue
CUST105598,user5598@example.com,45.0,5.6,77.05,46709.0,23806.0,634.0,2,premium,month-to-month,e_check,south,1,overdue
CUST105599,user5599@example.com,38.0,14.8,20.44,46245.0,12047.0,689.0,1,standard,month-to-month,credit_card,south,0,overdue
CUST105600,user5600@example.com,62.0,5.4,44.51,,8383.0,652.0,2,standard,one-year,mailed_check,west,1,unpaid
CUST105601,user5601@example.com,58.0,75.2,53.12,30098.0,2899.0,682.0,0,premium,two-year,credit_card,south,0,paid
CUST105602,user5602@example.com,50.0,120.0,81.05,12000.0,2267.0,670.0,1,basic,one-year,e_check,south,0,paid
CUST105603,user5603@example.com,47.0,64.3,43.68,78194.0,33901.0,634.0,0,premium,two-year,credit_card,east,0,paid
CUST105604,user5604@example.com,41.0,27.6,73.82,65914.0,25998.0,705.0,3,standard,month-to-month,credit_card,east,1,overdue
CUST105605,user5605@example.com,27.0,4.6,36.6,36683.0,14342.0,430.0,2,premium,one-year,bank_transfer,east,1,unpaid
CUST105606,user5606@example.com,39.0,78.0,70.15,64038.0,33428.0,621.0,1,premium,month-to-month,bank_transfer,west,1,overdue
CUST105607,user5607@example.com,43.0,6.3,79.25,71479.0,13513.0,604.0,0,standard,two-year,e_check,east,1,overdue
CUST105608,user5608@example.com,45.0,32.8,106.54,41140.0,12709.0,660.0,1,premium,one-year,bank_transfer,north,0,paid
CUST105609,user5609@example.com,48.0,12.7,76.14,63237.0,9011.0,599.0,3,basic,two-year,credit_card,south,1,overdue
CUST105610,user5610@example.com,53.0,2.3,49.58,75136.0,12798.0,694.0,1,standard,two-year,credit_card,north,0,paid
CUST105611,user5611@example.com,34.0,19.4,107.33,26233.0,6663.0,708.0,3,standard,month-to-month,mailed_check,west,1,overdue
CUST105612,user5612@example.com,34.0,13.5,65.42,65668.0,28821.0,539.0,4,premium,one-year,credit_card,south,1,overdue
CUST105613,user5613@example.com,59.0,0.0,89.34,62288.0,31676.0,668.0,2,basic,two-year,bank_transfer,east,1,overdue
CUST105614,user5614@example.com,51.0,16.8,54.68,92609.0,20278.0,548.0,2,premium,month-to-month,e_check,east,1,overdue
CUST105615,user5615@example.com,37.0,28.9,72.27,66141.0,17777.0,688.0,3,basic,one-year,e_check,south,0,paid
CUST105616,user5616@example.com,41.0,17.8,49.97,46782.0,25179.0,613.0,1,basic,month-to-month,credit_card,north,1,unpaid
CUST105617,user5617@example.com,41.0,6.0,78.06,49096.0,23524.0,586.0,3,standard,month-to-month,e_check,north,1,overdue
CUST105618,user5618@example.com,42.0,21.7,90.1,95468.0,41021.0,513.0,3,basic,one-year,bank_transfer,east,1,unpaid
CUST105619,user5619@example.com,48.0,14.3,57.63,47903.0,13122.0,643.0,0,standard,month-to-month,credit_card,south,0,paid
CUST105620,user5620@example.com,72.0,14.9,56.22,66723.0,15852.0,557.0,1,standard,two-year,credit_card,south,0,paid
CUST105621,user5621@example.com,44.0,37.9,78.92,50232.0,22498.0,531.0,1,standard,one-year,e_check,north,1,overdue
CUST105622,user5622@example.com,50.0,11.1,49.37,76625.0,7764.0,665.0,1,family,month-to-month,credit_card,north,0,paid
CUST105623,user5623@example.com,22.0,8.3,32.05,77613.0,27080.0,728.0,2,standard,two-year,bank_transfer,north,0,paid
CUST105624,user5624@example.com,36.0,17.3,78.83,54547.0,4552.0,682.0,1,standard,one-year,credit_card,north,0,paid
CUST105625,user5625@example.com,57.0,12.9,67.31,46865.0,18410.0,536.0,1,family,month-to-month,bank_transfer,east,1,overdue
CUST105626,user5626@example.com,47.0,1.6,66.78,46388.0,16821.0,639.0,2,basic,two-year,mailed_check,south,0,paid
CUST105627,user5627@example.com,18.0,11.7,83.03,20455.0,1695.0,704.0,0,standard,month-to-month,e_check,south,1,overdue
CUST105628,user5628@example.com,50.0,64.4,86.52,57011.0,16016.0,639.0,3,standard,month-to-month,e_check,south,0,paid
CUST105629,user5629@example.com,65.0,50.0,65.97,56608.0,8822.0,676.0,0,premium,two-year,credit_card,west,0,paid
CUST105630,user5630@example.com,18.0,90.4,41.93,38677.0,18912.0,615.0,0,standard,month-to-month,bank_transfer,north,0,paid
CUST105631,user5631@example.com,60.0,28.0,734.7707813013224,18304.0,10109.0,619.0,2,basic,month-to-month,credit_card,north,1,overdue
CUST105632,user5632@example.com,18.0,84.2,84.62,59126.0,13189.0,597.0,1,basic,two-year,mailed_check,east,0,paid
CUST105633,user5633@example.com,53.0,13.0,73.41,61652.0,4077.0,699.0,1,basic,month-to-month,bank_transfer,east,1,overdue
CUST105634,user5634@example.com,42.0,23.6,56.26,62893.0,34196.0,704.0,2,standard,month-to-month,mailed_check,south,0,paid
CUST105635,user5635@example.com,18.0,60.2,50.39,35201.0,18111.0,606.0,2,premium,month-to-month,credit_card,east,0,paid
CUST105636,user5636@example.com,47.0,34.4,85.45,62935.0,30729.0,710.0,1,premium,one-year,mailed_check,north,0,paid
CUST105637,user5637@example.com,56.0,13.0,64.46,51428.0,12652.0,536.0,2,basic,month-to-month,credit_card,west,1,unpaid
CUST105638,user5638@example.com,46.0,28.4,88.82,72290.0,6784.0,636.0,2,basic,one-year,bank_transfer,south,1,overdue
CUST105639,user5639@example.com,49.0,6.9,91.98,35504.0,20811.0,542.0,3,basic,one-year,e_check,west,1,overdue
CUST105640,user5640@example.com,37.0,16.0,62.18,78004.0,25069.0,559.0,1,standard,month-to-month,e_check,west,1,overdue
CUST105641,user5641@example.com,20.0,8.5,93.74,85200.0,20971.0,541.0,2,standard,one-year,e_check,west,1,overdue
CUST105642,user5642@example.com,50.0,23.7,73.46,57322.0,27369.0,598.0,1,standard,month-to-month,mailed_check,south,1,overdue
CUST105643,user5643@example.com,63.0,8.0,76.69,63073.0,26421.0,700.0,2,premium,two-year,credit_card,north,0,paid
CUST105644,user5644@example.com,56.0,28.7,15.28,70678.0,5161.0,644.0,2,standard,two-year,bank_transfer,east,0,paid
CUST105645,user5645@example.com,18.0,42.3,45.73,34486.0,19902.0,603.0,2,premium,one-year,bank_transfer,south,0,paid
CUST105646,user5646@example.com,24.0,8.9,47.08,45275.0,16110.0,636.0,1,family,month-to-month,e_check,east,0,paid
CUST105647,user5647@example.com,32.0,42.1,62.03,58684.0,9010.0,485.0,0,standard,month-to-month,mailed_check,west,1,unpaid
CUST105648,user5648@example.com,23.0,26.8,72.86,95538.0,5616.0,696.0,2,standard,one-year,mailed_check,north,1,overdue
CUST105649,user5649@example.com,43.0,35.4,73.88,31078.0,10993.0,470.0,0,premium,month-to-month,mailed_check,west,1,overdue
CUST105650,user5650@example.com,47.0,90.9,77.14,87754.0,33059.0,593.0,1,standard,month-to-month,bank_transfer,north,0,paid
CUST105651,user5651@example.com,25.0,39.6,52.88,51135.0,5359.0,644.0,3,family,month-to-month,bank_transfer,west,0,paid
CUST105652,user5652@example.com,51.0,19.8,87.28,54311.0,18993.0,686.0,1,standard,one-year,mailed_check,west,0,overdue
CUST105653,user5653@example.com,49.0,27.9,115.23,79361.0,22812.0,669.0,2,family,month-to-month,mailed_check,east,1,unpaid
CUST105654,user5654@example.com,35.0,12.7,61.17,95429.0,27741.0,646.0,3,standard,month-to-month,bank_transfer,north,0,paid
CUST105655,user5655@example.com,40.0,54.3,53.41,63457.0,37211.0,767.0,2,basic,two-year,mailed_check,west,0,paid
CUST105656,user5656@example.com,19.0,22.0,52.87,78295.0,16656.0,811.0,1,premium,two-year,credit_card,north,0,paid
CUST105657,user5657@example.com,38.0,34.3,72.14,36594.0,19625.0,651.0,2,basic,month-to-month,credit_card,south,0,overdue
CUST105658,user5658@example.com,42.0,120.0,56.86,44411.0,10636.0,642.0,3,family,one-year,e_check,west,0,paid
CUST105659,user5659@example.com,44.0,11.6,26.74,27951.0,4157.0,637.0,2,family,month-to-month,bank_transfer,south,1,overdue
CUST105660,user5660@example.com,47.0,32.9,33.58,44688.0,5977.0,601.0,0,standard,two-year,e_check,north,0,paid
CUST105661,user5661@example.com,45.0,36.8,95.5,66305.0,37618.0,680.0,1,premium,two-year,bank_transfer,west,0,paid
CUST105662,user5662@example.com,39.0,22.9,102.04,59243.0,3721.0,752.0,0,family,month-to-month,bank_transfer,west,0,paid
CUST105663,user5663@example.com,45.0,31.5,110.0,89542.0,15270.0,451.0,4,standard,one-year,credit_card,south,1,unpaid
CUST105664,user5664@example.com,54.0,48.5,75.66,96094.0,22799.0,636.0,1,premium,month-to-month,e_check,south,1,overdue
CUST105665,user5665@example.com,41.0,83.5,45.23,52270.0,21495.0,769.0,4,standard,month-to-month,e_check,west,1,overdue
CUST105666,user5666@example.com,46.0,7.3,59.05,41406.0,10629.0,681.0,2,basic,month-to-month,bank_transfer,west,0,paid
CUST105667,user5667@example.com,40.0,14.3,32.72,78201.0,4788.0,683.0,4,standard,two-year,e_check,south,0,overdue
CUST105668,user5668@example.com,34.0,1.2,31.75,80284.0,26841.0,522.0,2,family,month-to-month,bank_transfer,south,1,overdue
CUST105669,user5669@example.com,48.0,8.0,76.38,63825.0,34239.0,706.0,1,standard,two-year,credit_card,east,0,paid
CUST105670,user5670@example.com,35.0,20.3,83.48,69111.0,37155.0,731.0,1,standard,one-year,e_check,east,0,overdue
CUST105671,user5671@example.com,47.0,32.9,118.96,65983.0,39285.0,666.0,0,premium,month-to-month,e_check,south,0,paid
CUST105672,user5672@example.com,42.0,26.5,67.92,35225.0,8395.0,598.0,1,premium,one-year,e_check,north,0,paid
CUST105673,user5673@example.com,38.0,2.8,36.05,30629.0,3594.0,685.0,4,basic,month-to-month,credit_card,east,1,overdue
CUST105674,user5674@example.com,38.0,0.8,66.95,53982.0,4764.0,567.0,1,premium,month-to-month,bank_transfer,north,0,paid
CUST105675,user5675@example.com,36.0,57.7,62.94,50982.0,26862.0,556.0,1,standard,month-to-month,bank_transfer,west,1,overdue
CUST105676,user5676@example.com,22.0,14.1,57.72,60539.0,27940.0,714.0,2,family,one-year,e_check,south,0,paid
CUST105677,user5677@example.com,47.0,11.6,78.59,52376.0,20697.0,738.0,2,standard,two-year,credit_card,east,0,paid
CUST105678,user5678@example.com,45.0,8.6,39.64,20935.0,6766.0,591.0,1,basic,one-year,credit_card,north,0,paid
CUST105679,user5679@example.com,52.0,10.0,73.27,12756.0,3846.0,557.0,0,basic,two-year,credit_card,west,0,paid
CUST105680,user5680@example.com,36.0,9.4,86.29,69749.0,22436.0,580.0,2,standard,month-to-month,mailed_check,south,1,overdue
CUST105681,user5681@example.com,65.0,31.6,105.49,41744.0,10441.0,666.0,3,standard,month-to-month,e_check,south,1,unpaid
CUST105682,user5682@example.com,37.0,10.4,77.76,50358.0,15665.0,557.0,2,premium,one-year,bank_transfer,north,0,paid
CUST105683,user5683@example.com,31.0,28.0,96.08,43841.0,7264.0,753.0,2,premium,month-to-month,credit_card,north,0,paid
CUST105684,user5684@example.com,30.0,13.3,58.9,36739.0,4217.0,613.0,6,standard,month-to-month,mailed_check,west,1,overdue
CUST105685,user5685@example.com,21.0,27.1,62.39,36203.0,6017.0,679.0,0,family,one-year,mailed_check,west,0,paid
CUST105686,user5686@example.com,60.0,33.9,103.7,75397.0,44034.0,591.0,2,premium,month-to-month,mailed_check,east,0,paid
CUST105687,user5687@example.com,58.0,45.3,35.71,50217.0,29873.0,697.0,1,basic,month-to-month,mailed_check,west,0,overdue
CUST105688,user5688@example.com,49.0,73.9,59.92,67695.0,31365.0,703.0,3,basic,two-year,credit_card,south,0,paid
CUST105689,user5689@example.com,31.0,38.9,98.21,70382.0,35927.0,516.0,0,standard,month-to-month,credit_card,south,1,overdue
CUST105690,user5690@example.com,64.0,55.0,64.72,61331.0,6560.0,596.0,1,basic,one-year,bank_transfer,west,0,paid
CUST105691,user5691@example.com,38.0,5.3,62.86,71041.0,8359.0,637.0,1,basic,two-year,mailed_check,west,0,overdue
CUST105692,user5692@example.com,39.0,9.5,63.37,55286.0,5582.0,608.0,1,standard,one-year,mailed_check,north,1,unpaid
CUST105693,user5693@example.com,59.0,2.4,72.93,82276.0,6974.0,720.0,1,family,one-year,e_check,east,0,paid
CUST105694,user5694@example.com,50.0,2.6,97.15,71468.0,32950.0,602.0,1,premium,month-to-month,e_check,west,1,overdue
CUST105695,user5695@example.com,68.0,24.0,93.11,74129.0,6006.0,707.0,1,basic,month-to-month,bank_transfer,south,1,overdue
CUST105696,user5696@example.com,45.0,4.4,70.29,36230.0,20722.0,689.0,1,premium,one-year,e_check,south,1,overdue
CUST105697,user5697@example.com,37.0,14.1,97.31,60265.0,24692.0,641.0,4,basic,month-to-month,credit_card,north,1,unpaid
CUST105698,user5698@example.com,35.0,27.5,78.54,18300.0,2635.0,711.0,1,family,one-year,credit_card,south,0,paid
CUST105699,user5699@example.com,20.0,26.1,91.48,83020.0,41480.0,527.0,4,standard,month-to-month,e_check,west,1,overdue
CUST105700,user5700@example.com,39.0,1.8,44.29,42533.0,21396.0,645.0,1,basic,month-to-month,bank_transfer,west,0,paid
CUST105701,user5701@example.com,56.0,0.5,113.46,45306.0,16316.0,588.0,0,family,month-to-month,mailed_check,west,1,overdue
CUST105702,user5702@example.com,49.0,8.4,75.51,27653.0,2766.0,641.0,1,basic,month-to-month,credit_card,south,0,paid
CUST105703,user5703@example.com,42.0,69.5,10.0,54275.0,14677.0,612.0,0,basic,one-year,credit_card,north,0,paid
CUST105704,user5704@example.com,30.0,0.8,111.49,49635.0,17456.0,655.0,3,basic,month-to-month,e_check,west,1,overdue
CUST105705,user5705@example.com,45.0,2.4,70.13,,41985.0,651.0,1,standard,month-to-month,mailed_check,north,1,overdue
CUST105706,user5706@example.com,54.0,12.7,60.11,72185.0,15460.0,661.0,3,basic,month-to-month,e_check,west,1,unpaid
CUST105707,user5707@example.com,47.0,5.6,54.86,44707.0,23705.0,664.0,1,family,one-year,e_check,south,0,paid
CUST105708,user5708@example.com,44.0,7.1,80.99,21675.0,4073.0,696.0,2,standard,one-year,credit_card,south,1,overdue
CUST105709,user5709@example.com,32.0,13.8,47.79,12000.0,7188.0,549.0,2,premium,month-to-month,credit_card,west,1,overdue
CUST105710,user5710@example.com,52.0,85.7,55.58,34475.0,3905.0,691.0,5,basic,one-year,credit_card,west,0,paid
CUST105711,user5711@example.com,18.0,30.4,56.18,28376.0,14418.0,529.0,1,basic,one-year,bank_transfer,west,1,unpaid
CUST105712,user5712@example.com,47.0,0.1,62.69,61972.0,7605.0,,2,standard,month-to-month,bank_transfer,east,1,overdue
CUST105713,user5713@example.com,73.0,12.1,57.12,52101.0,24364.0,808.0,1,premium,month-to-month,credit_card,south,1,overdue
CUST105714,user5714@example.com,24.0,22.0,91.32,55347.0,29016.0,575.0,1,standard,one-year,mailed_check,south,1,overdue
CUST105715,user5715@example.com,39.0,8.0,76.78,,8001.0,614.0,2,standard,month-to-month,e_check,west,1,overdue
CUST105716,user5716@example.com,42.0,69.6,79.83,58041.0,6137.0,501.0,0,basic,two-year,e_check,west,0,paid
CUST105717,user5717@example.com,36.0,28.6,85.27,26592.0,15954.0,614.0,3,standard,one-year,credit_card,south,0,paid
CUST105718,user5718@example.com,54.0,4.4,67.67,53234.0,31093.0,667.0,1,standard,month-to-month,credit_card,east,0,paid
CUST105719,user5719@example.com,48.0,1.0,44.49,71605.0,33386.0,669.0,4,basic,one-year,bank_transfer,east,1,unpaid
CUST105720,user5720@example.com,44.0,11.1,115.13,47691.0,12522.0,553.0,0,standard,month-to-month,bank_transfer,north,1,overdue
CUST105721,user5721@example.com,52.0,40.0,93.19,63873.0,7915.0,615.0,2,family,one-year,credit_card,east,0,paid
CUST105722,user5722@example.com,42.0,22.1,110.32,15463.0,4328.0,680.0,1,basic,two-year,bank_transfer,north,0,paid
CUST105723,user5723@example.com,80.0,3.4,95.86,13858.0,6183.0,,0,basic,month-to-month,mailed_check,north,0,overdue
CUST105724,user5724@example.com,44.0,68.9,58.49,61545.0,8235.0,660.0,1,standard,month-to-month,e_check,east,0,paid
CUST105725,user5725@example.com,44.0,1.6,11.3,,4499.0,711.0,1,premium,month-to-month,bank_transfer,north,0,paid
CUST105726,user5726@example.com,21.0,18.8,39.27,50235.0,27490.0,641.0,1,standard,month-to-month,e_check,west,1,overdue
CUST105727,user5727@example.com,35.0,21.5,85.91,97904.0,42588.0,761.0,3,basic,month-to-month,bank_transfer,north,1,overdue
CUST105728,user5728@example.com,56.0,70.3,67.46,26132.0,11279.0,627.0,2,premium,month-to-month,e_check,west,1,unpaid
CUST105729,user5729@example.com,26.0,7.5,59.5,41400.0,23638.0,706.0,0,standard,month-to-month,credit_card,west,1,unpaid
CUST105730,user5730@example.com,18.0,24.4,10.0,57802.0,19444.0,708.0,0,premium,two-year,credit_card,west,0,paid
CUST105731,user5731@example.com,42.0,8.7,69.67,64287.0,14461.0,519.0,0,basic,month-to-month,e_check,south,1,overdue
CUST105732,user5732@example.com,58.0,20.1,42.96,43322.0,23835.0,685.0,3,family,month-to-month,mailed_check,south,1,overdue
CUST105733,user5733@example.com,43.0,1.1,51.89,33815.0,20025.0,599.0,2,basic,month-to-month,credit_card,south,1,overdue
CUST105734,user5734@example.com,38.0,25.1,91.25,67405.0,4129.0,569.0,2,family,one-year,bank_transfer,west,0,paid
CUST105735,user5735@example.com,20.0,1.0,44.27,57665.0,13371.0,,2,basic,two-year,e_check,south,1,overdue
CUST105736,user5736@example.com,47.0,13.1,46.66,48108.0,11994.0,663.0,0,basic,month-to-month,mailed_check,east,0,paid
CUST105737,user5737@example.com,50.0,5.0,74.64,64976.0,7224.0,525.0,2,basic,two-year,credit_card,west,1,overdue
CUST105738,user5738@example.com,21.0,43.2,91.81,52273.0,8984.0,652.0,1,premium,two-year,mailed_check,north,1,overdue
CUST105739,user5739@example.com,56.0,4.8,59.93,52205.0,3313.0,633.0,1,standard,month-to-month,mailed_check,north,0,paid
CUST105740,user5740@example.com,51.0,7.6,106.68,51468.0,22287.0,733.0,0,standard,month-to-month,credit_card,south,0,paid
CUST105741,user5741@example.com,56.0,20.5,38.03,38579.0,4197.0,599.0,1,family,two-year,e_check,west,0,paid
CUST105742,user5742@example.com,49.0,18.7,33.65,36545.0,19668.0,745.0,0,basic,two-year,bank_transfer,north,0,paid
CUST105743,user5743@example.com,50.0,22.2,31.52,44486.0,16513.0,681.0,2,standard,one-year,mailed_check,east,0,paid
CUST105744,user5744@example.com,48.0,6.1,28.7,55641.0,13682.0,647.0,1,basic,month-to-month,e_check,east,1,overdue
CUST105745,user5745@example.com,52.0,36.6,78.41,17575.0,8697.0,752.0,0,standard,month-to-month,credit_card,east,0,paid
CUST105746,user5746@example.com,20.0,40.1,45.56,73895.0,30139.0,804.0,1,basic,month-to-month,mailed_check,south,0,paid
CUST105747,user5747@example.com,24.0,13.3,34.75,55369.0,25700.0,633.0,0,basic,month-to-month,bank_transfer,south,0,paid
CUST105748,user5748@example.com,33.0,20.4,79.49,33698.0,17954.0,591.0,3,basic,one-year,e_check,south,1,overdue
CUST105749,user5749@example.com,40.0,63.8,90.6,87332.0,43161.0,684.0,2,standard,month-to-month,e_check,north,1,unpaid
CUST105750,user5750@example.com,47.0,24.3,96.27,55836.0,26719.0,536.0,0,basic,one-year,bank_transfer,west,0,paid
CUST105751,user5751@example.com,46.0,15.9,91.88,28297.0,12774.0,546.0,1,basic,one-year,e_check,west,0,paid
CUST105752,user5752@example.com,55.0,10.1,47.05,86434.0,22267.0,755.0,2,standard,two-year,mailed_check,west,0,paid
CUST105753,user5753@example.com,56.0,24.2,76.9,82097.0,33537.0,696.0,0,basic,one-year,mailed_check,east,0,paid
CUST105754,user5754@example.com,32.0,22.9,82.42,36824.0,13299.0,,3,basic,two-year,mailed_check,south,0,paid
CUST105755,user5755@example.com,45.0,61.9,58.13,48540.0,28148.0,850.0,1,standard,month-to-month,credit_card,north,0,paid
CUST105756,user5756@example.com,32.0,3.9,74.12,45848.0,14924.0,539.0,1,family,two-year,e_check,east,0,paid
CUST105757,user5757@example.com,40.0,7.1,38.71,17211.0,2960.0,700.0,1,premium,one-year,e_check,east,0,paid
CUST105758,user5758@example.com,46.0,9.3,54.31,61494.0,18556.0,586.0,2,premium,one-year,bank_transfer,west,0,paid
CUST105759,user5759@example.com,18.0,1.8,79.29,71903.0,19993.0,792.0,1,standard,month-to-month,e_check,south,0,paid
CUST105760,user5760@example.com,71.0,76.3,107.69,68138.0,20965.0,608.0,1,basic,month-to-month,mailed_check,east,0,paid
CUST105761,user5761@example.com,49.0,48.0,98.79,55655.0,20568.0,627.0,1,standard,month-to-month,mailed_check,south,0,paid
CUST105762,user5762@example.com,35.0,52.9,86.52,73843.0,42195.0,505.0,0,premium,month-to-month,bank_transfer,west,0,paid
CUST105763,user5763@example.com,65.0,26.0,71.99,32293.0,6607.0,817.0,1,basic,month-to-month,mailed_check,north,1,overdue
CUST105764,user5764@example.com,38.0,24.6,68.12,91366.0,53268.0,601.0,2,family,one-year,bank_transfer,east,0,paid
CUST105765,user5765@example.com,44.0,32.4,33.81,39558.0,18939.0,688.0,0,premium,month-to-month,bank_transfer,east,0,paid
CUST105766,user5766@example.com,36.0,12.1,49.11,41780.0,6292.0,650.0,2,standard,month-to-month,bank_transfer,north,0,paid
CUST105767,user5767@example.com,62.0,6.3,49.93,43496.0,8884.0,606.0,2,standard,month-to-month,credit_card,east,1,overdue
CUST105768,user5768@example.com,41.0,25.7,84.37,42037.0,23126.0,472.0,3,premium,two-year,credit_card,west,0,paid
CUST105769,user5769@example.com,44.0,21.2,93.62,51146.0,25099.0,632.0,3,family,month-to-month,e_check,west,1,overdue
CUST105770,user5770@example.com,56.0,58.2,88.41,50371.0,6490.0,628.0,2,basic,month-to-month,mailed_check,north,1,unpaid
CUST105771,user5771@example.com,49.0,8.5,99.57,57593.0,21396.0,676.0,0,basic,month-to-month,e_check,north,1,overdue
CUST105772,user5772@example.com,41.0,3.0,71.81,,7816.0,822.0,1,standard,one-year,mailed_check,south,0,overdue
CUST105773,user5773@example.com,55.0,58.7,45.43,58332.0,23121.0,702.0,2,basic,month-to-month,mailed_check,west,0,paid
CUST105774,user5774@example.com,72.0,11.7,68.75,33191.0,4828.0,719.0,6,basic,two-year,e_check,south,0,paid
CUST105775,user5775@example.com,46.0,39.0,51.88,69649.0,16963.0,626.0,1,standard,month-to-month,credit_card,south,0,paid
CUST105776,user5776@example.com,43.0,21.6,86.45,69401.0,18301.0,545.0,3,standard,month-to-month,mailed_check,east,1,overdue
CUST105777,user5777@example.com,44.0,15.4,61.02,54884.0,18976.0,628.0,2,basic,month-to-month,e_check,north,1,unpaid
CUST105778,user5778@example.com,58.0,13.3,67.54,42006.0,7629.0,591.0,3,standard,two-year,bank_transfer,west,0,paid
CUST105779,user5779@example.com,35.0,92.1,87.34,61223.0,27566.0,646.0,1,standard,month-to-month,mailed_check,west,1,overdue
CUST105780,user5780@example.com,39.0,42.0,51.47,37247.0,18441.0,610.0,2,basic,month-to-month,e_check,west,1,overdue
CUST105781,user5781@example.com,24.0,32.4,94.1,55691.0,22387.0,516.0,1,basic,two-year,credit_card,south,0,paid
CUST105782,user5782@example.com,28.0,9.6,36.31,51964.0,28408.0,751.0,0,basic,two-year,mailed_check,west,0,paid
CUST105783,user5783@example.com,36.0,15.5,77.66,107598.0,52161.0,639.0,2,basic,two-year,credit_card,north,1,overdue
CUST105784,user5784@example.com,41.0,11.9,67.73,30459.0,2260.0,624.0,0,basic,month-to-month,mailed_check,south,0,overdue
CUST105785,user5785@example.com,63.0,87.5,90.68,12000.0,1159.0,562.0,1,standard,one-year,credit_card,north,0,paid
CUST105786,user5786@example.com,48.0,76.7,35.64,42248.0,17448.0,612.0,1,family,one-year,e_check,east,0,paid
CUST105787,user5787@example.com,31.0,25.4,31.73,20689.0,9249.0,,0,basic,one-year,credit_card,west,0,paid
CUST105788,user5788@example.com,33.0,70.2,88.75,40466.0,23565.0,554.0,1,premium,month-to-month,credit_card,west,1,overdue
CUST105789,user5789@example.com,58.0,8.5,60.23,,1506.0,663.0,2,standard,month-to-month,credit_card,east,1,overdue
CUST105790,user5790@example.com,56.0,29.9,67.73,36910.0,6656.0,612.0,3,standard,month-to-month,credit_card,east,1,overdue
CUST105791,user5791@example.com,42.0,29.1,53.51,33702.0,17102.0,710.0,1,standard,one-year,e_check,west,1,unpaid
CUST105792,user5792@example.com,37.0,17.6,92.82,74259.0,40125.0,621.0,2,family,one-year,credit_card,east,0,paid
CUST105793,user5793@example.com,55.0,9.7,77.48,54029.0,16503.0,659.0,5,standard,two-year,e_check,west,0,paid
CUST105794,user5794@example.com,30.0,49.2,76.02,76509.0,24182.0,657.0,0,standard,one-year,mailed_check,south,0,paid
CUST105795,user5795@example.com,47.0,43.3,40.76,55810.0,28993.0,681.0,1,basic,two-year,credit_card,east,0,paid
CUST105796,user5796@example.com,69.0,13.6,82.54,73572.0,22291.0,583.0,4,premium,two-year,mailed_check,east,0,paid
CUST105797,user5797@example.com,44.0,5.2,45.19,48957.0,23650.0,722.0,4,family,month-to-month,bank_transfer,north,1,overdue
CUST105798,user5798@example.com,33.0,10.5,53.54,86891.0,49684.0,556.0,1,basic,month-to-month,credit_card,east,1,overdue
CUST105799,user5799@example.com,47.0,49.6,35.87,64419.0,12498.0,653.0,4,basic,two-year,bank_transfer,south,0,paid
CUST105800,user5800@example.com,36.0,33.6,66.09,39404.0,7917.0,554.0,3,family,one-year,credit_card,west,0,paid
CUST105801,user5801@example.com,25.0,8.7,96.61,67383.0,38154.0,640.0,0,premium,month-to-month,e_check,north,1,unpaid
CUST105802,user5802@example.com,50.0,27.2,75.67,55542.0,15739.0,721.0,1,basic,month-to-month,credit_card,south,0,paid
CUST105803,user5803@example.com,55.0,2.7,58.95,50950.0,2988.0,694.0,3,basic,month-to-month,bank_transfer,north,0,paid
CUST105804,user5804@example.com,38.0,29.6,72.73,56920.0,18577.0,735.0,1,premium,month-to-month,bank_transfer,north,1,overdue
CUST105805,user5805@example.com,37.0,11.5,72.59,70025.0,27255.0,626.0,1,family,two-year,credit_card,south,0,paid
CUST105806,user5806@example.com,30.0,29.6,71.65,12650.0,2335.0,723.0,2,basic,month-to-month,credit_card,west,1,unpaid
CUST105807,user5807@example.com,40.0,28.0,74.43,47981.0,21595.0,595.0,3,basic,month-to-month,credit_card,south,0,paid
CUST105808,user5808@example.com,35.0,3.7,44.0,68653.0,12228.0,613.0,1,basic,two-year,credit_card,west,0,paid
CUST105809,user5809@example.com,30.0,34.7,72.66,59965.0,6944.0,,0,family,two-year,credit_card,west,0,paid
CUST105810,user5810@example.com,65.0,16.6,26.12,32472.0,6077.0,718.0,0,family,month-to-month,credit_card,west,0,paid
CUST105811,user5811@example.com,48.0,101.7,84.39,12000.0,4124.0,,0,standard,month-to-month,mailed_check,north,0,paid
CUST105812,user5812@example.com,49.0,25.9,42.43,89019.0,46350.0,706.0,1,standard,month-to-month,e_check,east,1,overdue
CUST105813,user5813@example.com,53.0,17.7,99.44,51258.0,17486.0,668.0,1,standard,month-to-month,credit_card,north,0,paid
CUST105814,user5814@example.com,51.0,7.9,10.0,85281.0,44085.0,677.0,0,standard,month-to-month,credit_card,south,1,overdue
CUST105815,user5815@example.com,37.0,19.8,111.86,70899.0,6048.0,582.0,0,premium,one-year,bank_transfer,east,1,overdue
CUST105816,user5816@example.com,45.0,6.5,29.02,39128.0,9975.0,619.0,3,standard,month-to-month,credit_card,west,0,paid
CUST105817,user5817@example.com,39.0,26.0,40.0,12000.0,3472.0,643.0,1,standard,month-to-month,bank_transfer,north,0,paid
CUST105818,user5818@example.com,47.0,36.8,77.48,45757.0,22464.0,677.0,0,family,month-to-month,e_check,west,1,unpaid
CUST105819,user5819@example.com,46.0,25.8,85.47,54255.0,20935.0,585.0,1,basic,month-to-month,mailed_check,east,1,overdue
CUST105820,user5820@example.com,37.0,52.7,62.92,64013.0,30840.0,547.0,2,premium,month-to-month,e_check,east,1,unpaid
CUST105821,user5821@example.com,26.0,2.8,92.32,32782.0,7743.0,479.0,0,family,month-to-month,mailed_check,west,1,unpaid
CUST105822,user5822@example.com,44.0,4.3,50.09,58560.0,33011.0,710.0,1,basic,one-year,e_check,east,1,overdue
CUST105823,user5823@example.com,40.0,55.1,60.01,58553.0,29131.0,726.0,0,standard,one-year,e_check,north,0,paid
CUST105824,user5824@example.com,19.0,0.6,62.45,74719.0,41358.0,489.0,3,standard,month-to-month,credit_card,west,1,unpaid
CUST105825,user5825@example.com,48.0,4.6,56.54,48864.0,9506.0,656.0,2,premium,one-year,e_check,north,1,unpaid
CUST105826,user5826@example.com,54.0,32.6,21.65,63855.0,3423.0,620.0,2,standard,two-year,mailed_check,north,0,paid
CUST105827,user5827@example.com,72.0,20.2,69.38,60769.0,23610.0,747.0,1,standard,one-year,e_check,west,0,paid
CUST105828,user5828@example.com,37.0,2.7,67.12,72512.0,23270.0,633.0,2,standard,one-year,mailed_check,west,1,unpaid
CUST105829,user5829@example.com,36.0,1.8,96.95,38602.0,18468.0,694.0,1,standard,one-year,mailed_check,west,0,paid
CUST105830,user5830@example.com,29.0,5.4,37.85,12000.0,1243.0,,1,basic,month-to-month,e_check,west,1,overdue
CUST105831,user5831@example.com,45.0,7.7,54.01,50263.0,18974.0,595.0,0,basic,two-year,credit_card,north,0,paid
CUST105832,user5832@example.com,44.0,43.5,100.09,50381.0,8030.0,711.0,3,basic,one-year,bank_transfer,west,1,overdue
CUST105833,user5833@example.com,32.0,25.0,77.33,31850.0,10607.0,736.0,3,family,one-year,bank_transfer,south,0,paid
CUST105834,user5834@example.com,40.0,19.6,83.73,24839.0,3405.0,548.0,0,premium,one-year,credit_card,north,0,paid
CUST105835,user5835@example.com,18.0,1.1,81.34,43506.0,24006.0,741.0,1,basic,month-to-month,e_check,north,1,overdue
CUST105836,user5836@example.com,53.0,11.4,81.45,52702.0,7948.0,572.0,2,basic,month-to-month,credit_card,east,1,overdue
CUST105837,user5837@example.com,33.0,26.6,115.53,56909.0,20845.0,463.0,1,standard,one-year,e_check,west,1,unpaid
CUST105838,user5838@example.com,42.0,39.3,72.29,12000.0,637.0,651.0,0,standard,one-year,bank_transfer,south,0,paid
CUST105839,user5839@example.com,25.0,23.0,44.72,19929.0,2711.0,691.0,1,basic,two-year,mailed_check,north,0,paid
CUST105840,user5840@example.com,35.0,13.5,85.97,77591.0,25189.0,529.0,0,basic,month-to-month,mailed_check,north,0,paid
CUST105841,user5841@example.com,39.0,57.6,55.84,51208.0,3714.0,491.0,0,standard,month-to-month,mailed_check,west,0,paid
CUST105842,user5842@example.com,42.0,1.1,67.25,54951.0,19152.0,,1,standard,month-to-month,bank_transfer,west,1,unpaid
CUST105843,user5843@example.com,48.0,25.0,79.25,28335.0,4289.0,600.0,4,standard,month-to-month,e_check,north,0,paid
CUST105844,user5844@example.com,59.0,21.7,49.47,54912.0,24688.0,760.0,2,basic,one-year,mailed_check,north,1,overdue
CUST105845,user5845@example.com,51.0,18.3,57.24,47487.0,25052.0,,1,standard,one-year,bank_transfer,north,0,paid
CUST105846,user5846@example.com,54.0,11.8,81.9,42629.0,19916.0,709.0,2,standard,month-to-month,bank_transfer,south,1,unpaid
CUST105847,user5847@example.com,59.0,15.3,56.28,25763.0,2186.0,667.0,1,basic,month-to-month,mailed_check,north,1,overdue
CUST105848,user5848@example.com,49.0,12.3,94.33,37630.0,12154.0,,3,basic,one-year,bank_transfer,south,0,paid
CUST105849,user5849@example.com,42.0,9.2,45.35,,10497.0,579.0,1,standard,two-year,bank_transfer,east,1,overdue
CUST105850,user5850@example.com,54.0,13.5,45.26,48011.0,13202.0,643.0,2,premium,month-to-month,e_check,north,1,overdue
CUST105851,user5851@example.com,55.0,43.7,117.65,70792.0,36228.0,524.0,3,basic,one-year,e_check,west,1,overdue
CUST105852,user5852@example.com,50.0,11.8,31.74,,3710.0,715.0,2,standard,month-to-month,credit_card,west,0,overdue
CUST105853,user5853@example.com,25.0,21.6,69.33,48758.0,9186.0,739.0,1,basic,month-to-month,bank_transfer,north,0,paid
CUST105854,user5854@example.com,32.0,9.4,116.29,42280.0,21335.0,720.0,1,premium,one-year,mailed_check,south,1,overdue
CUST105855,user5855@example.com,39.0,0.6,69.29,81913.0,22383.0,640.0,3,family,two-year,e_check,north,1,overdue
CUST105856,user5856@example.com,51.0,6.7,103.67,62461.0,11208.0,531.0,0,standard,month-to-month,e_check,west,1,unpaid
CUST105857,user5857@example.com,42.0,2.7,86.31,39208.0,22434.0,643.0,1,standard,month-to-month,bank_transfer,east,0,paid
CUST105858,user5858@example.com,56.0,10.5,69.82,47118.0,6392.0,596.0,1,standard,month-to-month,credit_card,north,1,overdue
CUST105859,user5859@example.com,58.0,1.9,66.73,76518.0,37014.0,724.0,1,family,one-year,bank_transfer,north,0,paid
CUST105860,user5860@example.com,56.0,22.7,17.02,12000.0,1775.0,616.0,1,premium,month-to-month,credit_card,south,0,paid
CUST105861,user5861@example.com,56.0,22.7,62.02,61210.0,35482.0,614.0,2,basic,month-to-month,bank_transfer,south,1,unpaid
CUST105862,user5862@example.com,30.0,12.0,75.81,65752.0,31715.0,824.0,3,standard,one-year,credit_card,south,0,paid
CUST105863,user5863@example.com,48.0,0.6,75.79,40005.0,8082.0,714.0,2,basic,one-year,mailed_check,south,1,overdue
CUST105864,user5864@example.com,35.0,40.8,131.65,58092.0,34332.0,736.0,3,basic,month-to-month,mailed_check,north,0,paid
CUST105865,user5865@example.com,22.0,29.6,77.02,65046.0,7347.0,609.0,0,standard,one-year,e_check,south,1,unpaid
CUST105866,user5866@example.com,39.0,10.8,85.75,30377.0,15880.0,562.0,3,premium,two-year,mailed_check,south,1,overdue
CUST105867,user5867@example.com,58.0,60.0,99.12,71839.0,31227.0,735.0,0,standard,month-to-month,e_check,east,1,overdue
CUST105868,user5868@example.com,48.0,0.6,83.51,60947.0,8876.0,769.0,1,standard,one-year,mailed_check,west,0,paid
CUST105869,user5869@example.com,66.0,10.8,67.85,51941.0,18205.0,547.0,0,standard,month-to-month,bank_transfer,north,1,unpaid
CUST105870,user5870@example.com,44.0,9.5,67.97,57099.0,3229.0,609.0,1,family,month-to-month,credit_card,north,0,paid
CUST105871,user5871@example.com,71.0,0.1,61.23,69144.0,25253.0,577.0,2,basic,month-to-month,bank_transfer,south,1,overdue
CUST105872,user5872@example.com,44.0,18.4,81.11,101322.0,37511.0,689.0,2,basic,month-to-month,credit_card,north,1,unpaid
CUST105873,user5873@example.com,42.0,26.5,65.74,67199.0,18459.0,737.0,1,family,one-year,mailed_check,south,0,paid
CUST105874,user5874@example.com,27.0,43.9,85.62,71212.0,35850.0,621.0,2,standard,month-to-month,e_check,west,1,unpaid
CUST105875,user5875@example.com,55.0,34.3,44.77,58871.0,33080.0,620.0,2,basic,month-to-month,bank_transfer,south,1,overdue
CUST105876,user5876@example.com,36.0,16.9,73.67,93033.0,31963.0,493.0,1,premium,two-year,bank_transfer,west,0,paid
CUST105877,user5877@example.com,34.0,5.2,108.8,25680.0,10803.0,574.0,0,standard,month-to-month,bank_transfer,east,1,unpaid
CUST105878,user5878@example.com,57.0,2.5,64.38,20252.0,2637.0,771.0,3,premium,month-to-month,mailed_check,west,0,paid
CUST105879,user5879@example.com,56.0,39.8,116.08,58061.0,34776.0,,2,standard,one-year,credit_card,north,0,paid
CUST105880,user5880@example.com,56.0,45.0,74.09,68203.0,35592.0,724.0,1,premium,month-to-month,bank_transfer,east,0,paid
CUST105881,user5881@example.com,38.0,33.6,68.59,12000.0,6864.0,621.0,3,premium,month-to-month,credit_card,north,1,unpaid
CUST105882,user5882@example.com,41.0,65.4,72.92,54931.0,26254.0,628.0,1,standard,month-to-month,credit_card,east,1,overdue
CUST105883,user5883@example.com,41.0,61.9,62.21,51390.0,11697.0,651.0,0,premium,two-year,mailed_check,north,1,overdue
CUST105884,user5884@example.com,51.0,40.5,20.49,69883.0,12015.0,676.0,1,basic,month-to-month,mailed_check,west,0,overdue
CUST105885,user5885@example.com,61.0,34.3,92.0,63575.0,21048.0,760.0,1,basic,month-to-month,mailed_check,east,0,paid
CUST105886,user5886@example.com,46.0,54.3,124.82,18836.0,1797.0,596.0,1,basic,one-year,bank_transfer,east,0,paid
CUST105887,user5887@example.com,66.0,17.6,82.01,33399.0,11807.0,639.0,0,basic,month-to-month,bank_transfer,north,0,paid
CUST105888,user5888@example.com,53.0,8.0,83.53,38864.0,9850.0,587.0,1,standard,month-to-month,bank_transfer,south,1,unpaid
CUST105889,user5889@example.com,39.0,8.0,65.44,69779.0,31426.0,493.0,0,basic,month-to-month,credit_card,north,1,overdue
CUST105890,user5890@example.com,52.0,35.5,98.94,62493.0,24630.0,724.0,4,standard,one-year,bank_transfer,west,0,paid
CUST105891,user5891@example.com,62.0,36.7,69.02,42586.0,7903.0,790.0,1,family,two-year,mailed_check,west,1,overdue
CUST105892,user5892@example.com,66.0,11.9,76.68,57891.0,26247.0,711.0,0,standard,one-year,credit_card,east,0,paid
CUST105893,user5893@example.com,56.0,5.6,30.87,33840.0,7482.0,668.0,0,standard,one-year,mailed_check,west,0,paid
CUST105894,user5894@example.com,42.0,54.5,56.77,95993.0,17924.0,798.0,4,family,two-year,bank_transfer,west,0,paid
CUST105895,user5895@example.com,39.0,60.4,79.18,66487.0,18630.0,687.0,1,basic,month-to-month,e_check,north,0,paid
CUST105896,user5896@example.com,49.0,13.8,92.68,70724.0,9676.0,714.0,0,standard,one-year,e_check,west,0,paid
CUST105897,user5897@example.com,62.0,11.5,93.37,82536.0,18887.0,661.0,1,family,two-year,bank_transfer,north,0,paid
CUST105898,user5898@example.com,47.0,15.4,30.52,75325.0,14531.0,673.0,4,basic,one-year,e_check,north,1,unpaid
CUST105899,user5899@example.com,47.0,1.8,33.06,55631.0,3446.0,639.0,1,premium,month-to-month,bank_transfer,east,0,paid
CUST105900,user5900@example.com,43.0,36.5,84.6,51301.0,11054.0,717.0,0,standard,two-year,credit_card,east,0,paid
CUST105901,user5901@example.com,38.0,6.6,51.33,80766.0,24776.0,563.0,3,standard,month-to-month,mailed_check,west,1,overdue
CUST105902,user5902@example.com,40.0,31.6,92.36,55531.0,28118.0,684.0,2,premium,month-to-month,e_check,east,1,overdue
CUST105903,user5903@example.com,44.0,13.6,29.25,40020.0,5973.0,582.0,1,family,one-year,credit_card,east,1,unpaid
CUST105904,user5904@example.com,63.0,35.4,67.54,94333.0,21703.0,691.0,1,basic,month-to-month,e_check,north,1,overdue
CUST105905,user5905@example.com,39.0,10.4,69.14,36281.0,2400.0,842.0,1,basic,month-to-month,credit_card,south,0,paid
CUST105906,user5906@example.com,43.0,14.3,82.01,20306.0,1854.0,706.0,0,basic,month-to-month,bank_transfer,north,1,overdue
CUST105907,user5907@example.com,32.0,25.8,44.22,74856.0,18404.0,744.0,2,standard,month-to-month,mailed_check,west,1,overdue
CUST105908,user5908@example.com,51.0,2.2,20.83,40375.0,13120.0,722.0,1,basic,month-to-month,bank_transfer,south,1,overdue
CUST105909,user5909@example.com,58.0,25.8,74.28,63702.0,29401.0,464.0,2,basic,month-to-month,e_check,west,1,overdue
CUST105910,user5910@example.com,61.0,2.9,83.16,91344.0,42909.0,639.0,1,standard,month-to-month,credit_card,north,0,paid
CUST105911,user5911@example.com,44.0,13.5,95.19,27503.0,15201.0,686.0,1,premium,two-year,e_check,west,0,paid
CUST105912,user5912@example.com,49.0,31.6,61.04,54182.0,29761.0,483.0,1,family,month-to-month,e_check,east,1,unpaid
CUST105913,user5913@example.com,40.0,19.9,89.39,84668.0,8960.0,627.0,1,basic,one-year,credit_card,north,0,paid
CUST105914,user5914@example.com,48.0,15.4,82.14,68638.0,7662.0,644.0,1,family,two-year,mailed_check,west,0,paid
CUST105915,user5915@example.com,46.0,14.8,103.06,51404.0,16615.0,551.0,3,basic,month-to-month,e_check,east,1,unpaid
CUST105916,user5916@example.com,43.0,18.8,68.62,102788.0,38464.0,572.0,1,family,two-year,bank_transfer,east,0,paid
CUST105917,user5917@example.com,44.0,24.1,26.75,53094.0,20114.0,757.0,1,premium,one-year,e_check,north,0,paid
CUST105918,user5918@example.com,47.0,4.6,68.31,62937.0,19980.0,364.0,2,standard,two-year,bank_transfer,south,1,overdue
CUST105919,user5919@example.com,38.0,40.8,72.21,87987.0,51882.0,672.0,0,family,month-to-month,bank_transfer,south,0,paid
CUST105920,user5920@example.com,39.0,30.2,82.95,74617.0,24618.0,743.0,1,basic,one-year,credit_card,north,0,paid
CUST105921,user5921@example.com,62.0,17.4,31.68,81434.0,45963.0,648.0,1,premium,month-to-month,e_check,west,0,paid
CUST105922,user5922@example.com,75.0,1.7,62.2,37009.0,21965.0,763.0,3,standard,two-year,credit_card,east,0,paid
CUST105923,user5923@example.com,28.0,7.5,91.7,79563.0,23409.0,616.0,1,basic,month-to-month,mailed_check,west,1,overdue
CUST105924,user5924@example.com,27.0,71.7,67.4,58392.0,7215.0,578.0,3,basic,month-to-month,mailed_check,west,0,paid
CUST105925,user5925@example.com,31.0,16.2,62.36,40084.0,9190.0,649.0,0,standard,month-to-month,mailed_check,east,0,paid
CUST105926,user5926@example.com,41.0,49.8,117.66,59439.0,14693.0,619.0,1,basic,month-to-month,e_check,south,1,overdue
CUST105927,user5927@example.com,53.0,7.9,43.25,58805.0,31671.0,604.0,2,family,month-to-month,credit_card,west,1,overdue
CUST105928,user5928@example.com,49.0,24.3,100.83,92362.0,53471.0,636.0,3,basic,month-to-month,e_check,east,1,overdue
CUST105929,user5929@example.com,44.0,12.7,95.53,62626.0,8975.0,587.0,3,standard,month-to-month,credit_card,north,1,overdue
CUST105930,user5930@example.com,48.0,17.0,64.37,39384.0,2404.0,583.0,2,standard,month-to-month,mailed_check,south,0,paid
CUST105931,user5931@example.com,34.0,39.1,69.18,34771.0,17624.0,560.0,3,standard,month-to-month,e_check,west,1,unpaid
CUST105932,user5932@example.com,39.0,29.5,69.09,54052.0,19310.0,683.0,2,basic,month-to-month,e_check,east,1,overdue
CUST105933,user5933@example.com,42.0,16.3,74.55,28073.0,13002.0,570.0,5,standard,one-year,e_check,west,0,paid
CUST105934,user5934@example.com,23.0,113.6,55.14,40693.0,9458.0,551.0,0,family,month-to-month,mailed_check,west,0,paid
CUST105935,user5935@example.com,28.0,21.7,59.3,50116.0,6875.0,564.0,2,basic,one-year,mailed_check,east,0,paid
CUST105936,user5936@example.com,29.0,13.1,61.12,46562.0,9106.0,666.0,0,basic,month-to-month,e_check,south,0,paid
CUST105937,user5937@example.com,51.0,65.1,61.92,69538.0,5331.0,704.0,4,family,month-to-month,e_check,north,0,paid
CUST105938,user5938@example.com,45.0,20.1,62.23,40243.0,10552.0,710.0,3,family,month-to-month,mailed_check,north,0,paid
CUST105939,user5939@example.com,49.0,9.4,13.98,12000.0,1255.0,667.0,2,standard,month-to-month,mailed_check,north,0,paid
CUST105940,user5940@example.com,20.0,73.4,72.44,21285.0,6493.0,693.0,0,premium,month-to-month,bank_transfer,south,0,paid
CUST105941,user5941@example.com,24.0,7.8,56.81,54644.0,26752.0,646.0,2,family,month-to-month,e_check,north,1,overdue
CUST105942,user5942@example.com,50.0,8.4,23.33,43264.0,3297.0,686.0,2,basic,month-to-month,credit_card,east,0,paid
CUST105943,user5943@example.com,18.0,8.1,61.25,30267.0,16441.0,685.0,3,basic,month-to-month,bank_transfer,east,1,overdue
CUST105944,user5944@example.com,57.0,1.6,60.48,94169.0,11087.0,592.0,1,standard,month-to-month,credit_card,north,1,overdue
CUST105945,user5945@example.com,20.0,3.1,101.88,71575.0,29402.0,564.0,3,premium,month-to-month,bank_transfer,south,1,overdue
CUST105946,user5946@example.com,52.0,3.9,56.52,53831.0,9813.0,758.0,0,premium,month-to-month,bank_transfer,north,0,paid
CUST105947,user5947@example.com,31.0,2.0,86.69,59666.0,30710.0,660.0,1,standard,one-year,e_check,north,1,unpaid
CUST105948,user5948@example.com,55.0,14.2,104.57,49697.0,2768.0,734.0,2,basic,month-to-month,bank_transfer,east,0,paid
CUST105949,user5949@example.com,80.0,34.8,54.3,,8431.0,562.0,3,basic,one-year,e_check,east,0,paid
CUST105950,user5950@example.com,18.0,3.5,68.81,75614.0,43784.0,618.0,3,premium,one-year,credit_card,north,0,paid
CUST105951,user5951@example.com,50.0,6.7,113.22,72027.0,8074.0,540.0,1,standard,month-to-month,bank_transfer,south,1,overdue
CUST105952,user5952@example.com,20.0,58.8,75.72,15453.0,7238.0,702.0,5,basic,month-to-month,credit_card,west,1,overdue
CUST105953,user5953@example.com,47.0,12.9,79.34,59529.0,26766.0,601.0,0,standard,month-to-month,bank_transfer,south,1,overdue
CUST105954,user5954@example.com,40.0,2.6,59.82,61737.0,13924.0,606.0,0,standard,month-to-month,bank_transfer,west,1,overdue
CUST105955,user5955@example.com,44.0,11.7,87.18,48565.0,4043.0,806.0,3,standard,two-year,credit_card,east,0,paid
CUST105956,user5956@example.com,31.0,71.4,69.01,96945.0,49268.0,703.0,0,premium,two-year,bank_transfer,south,0,paid
CUST105957,user5957@example.com,51.0,20.7,24.2,94775.0,51907.0,702.0,1,basic,month-to-month,credit_card,north,0,paid
CUST105958,user5958@example.com,25.0,0.1,61.12,47450.0,5709.0,554.0,2,premium,one-year,e_check,west,0,paid
CUST105959,user5959@example.com,57.0,110.2,40.42,50544.0,26096.0,501.0,1,basic,two-year,credit_card,west,0,paid
CUST105960,user5960@example.com,37.0,69.1,72.81,48195.0,24496.0,728.0,2,standard,month-to-month,mailed_check,north,0,paid
CUST105961,user5961@example.com,25.0,42.5,47.08,42773.0,15713.0,471.0,3,family,month-to-month,e_check,east,1,unpaid
CUST105962,user5962@example.com,61.0,0.1,81.95,36585.0,17595.0,610.0,2,standard,month-to-month,bank_transfer,north,1,overdue
CUST105963,user5963@example.com,41.0,24.4,71.12,65137.0,4671.0,585.0,0,standard,month-to-month,e_check,west,0,paid
CUST105964,user5964@example.com,65.0,119.6,38.8,94229.0,30426.0,576.0,1,standard,month-to-month,e_check,north,0,paid
CUST105965,user5965@example.com,57.0,1.5,57.69,86002.0,50040.0,615.0,4,standard,month-to-month,mailed_check,south,0,paid
CUST105966,user5966@example.com,32.0,70.2,85.51,70784.0,33719.0,566.0,0,premium,month-to-month,credit_card,south,1,unpaid
CUST105967,user5967@example.com,41.0,37.4,98.7,12000.0,2370.0,553.0,1,premium,two-year,credit_card,east,1,overdue
CUST105968,user5968@example.com,43.0,9.2,47.44,17709.0,6959.0,670.0,3,premium,month-to-month,bank_transfer,west,0,paid
CUST105969,user5969@example.com,60.0,41.9,42.56,76283.0,12732.0,735.0,2,basic,month-to-month,mailed_check,west,0,overdue
CUST105970,user5970@example.com,47.0,1.5,118.77,87387.0,15045.0,511.0,7,basic,one-year,bank_transfer,south,1,overdue
CUST105971,user5971@example.com,44.0,8.4,69.76,66075.0,10185.0,666.0,3,standard,one-year,bank_transfer,north,0,paid
CUST105972,user5972@example.com,40.0,1.2,72.29,48888.0,7553.0,693.0,1,standard,month-to-month,mailed_check,west,1,overdue
CUST105973,user5973@example.com,41.0,10.4,51.52,82046.0,26633.0,686.0,4,premium,month-to-month,mailed_check,south,0,paid
CUST105974,user5974@example.com,58.0,27.4,75.38,70072.0,15443.0,632.0,2,standard,month-to-month,credit_card,west,1,overdue
CUST105975,user5975@example.com,42.0,47.8,112.88,77749.0,37154.0,602.0,1,standard,month-to-month,credit_card,north,1,overdue
CUST105976,user5976@example.com,37.0,58.3,76.36,17869.0,9681.0,711.0,0,standard,two-year,credit_card,east,0,paid
CUST105977,user5977@example.com,35.0,38.8,96.62,61867.0,19684.0,677.0,1,basic,two-year,bank_transfer,west,0,paid
CUST105978,user5978@example.com,35.0,63.8,70.72,90491.0,14046.0,498.0,3,standard,month-to-month,credit_card,north,1,overdue
CUST105979,user5979@example.com,25.0,63.5,44.35,65549.0,39257.0,632.0,1,standard,month-to-month,credit_card,west,1,overdue
CUST105980,user5980@example.com,33.0,20.4,52.92,73965.0,5612.0,654.0,1,standard,month-to-month,credit_card,north,0,paid
CUST105981,user5981@example.com,60.0,8.9,42.05,55727.0,19633.0,563.0,0,premium,two-year,bank_transfer,west,0,paid
CUST105982,user5982@example.com,40.0,103.2,75.44,57122.0,9757.0,631.0,0,standard,one-year,bank_transfer,north,0,paid
CUST105983,user5983@example.com,50.0,3.7,100.6,83051.0,46983.0,689.0,0,standard,one-year,bank_transfer,west,0,paid
CUST105984,user5984@example.com,18.0,13.6,74.03,41604.0,9516.0,584.0,0,standard,two-year,bank_transfer,south,0,paid
CUST105985,user5985@example.com,49.0,16.9,62.31,39647.0,22873.0,669.0,3,family,month-to-month,bank_transfer,south,0,paid
CUST105986,user5986@example.com,40.0,18.6,50.26,45436.0,26582.0,571.0,0,premium,two-year,credit_card,east,0,paid
CUST105987,user5987@example.com,36.0,14.7,78.89,55469.0,31542.0,551.0,1,basic,two-year,mailed_check,east,1,overdue
CUST105988,user5988@example.com,44.0,50.9,39.05,22798.0,11080.0,699.0,3,standard,one-year,credit_card,west,0,paid
CUST105989,user5989@example.com,36.0,17.5,41.65,69621.0,31863.0,744.0,0,basic,month-to-month,mailed_check,south,0,paid
CUST105990,user5990@example.com,18.0,34.6,92.5,51715.0,29686.0,,1,basic,two-year,e_check,south,0,paid
CUST105991,user5991@example.com,53.0,3.5,63.06,72074.0,12470.0,726.0,0,premium,month-to-month,credit_card,south,1,unpaid
CUST105992,user5992@example.com,45.0,110.0,62.56,12619.0,6252.0,649.0,1,standard,month-to-month,bank_transfer,east,0,paid
CUST105993,user5993@example.com,38.0,11.7,65.77,72150.0,8111.0,473.0,0,basic,month-to-month,bank_transfer,north,0,paid
CUST105994,user5994@example.com,30.0,3.5,88.15,81738.0,20355.0,535.0,4,standard,month-to-month,bank_transfer,east,0,paid
CUST105995,user5995@example.com,24.0,23.3,74.14,63771.0,17282.0,699.0,2,basic,one-year,bank_transfer,east,0,paid
CUST105996,user5996@example.com,45.0,11.6,51.42,55600.0,33217.0,520.0,2,basic,month-to-month,e_check,south,0,paid
CUST105997,user5997@example.com,61.0,49.4,52.32,72304.0,16380.0,601.0,4,standard,one-year,mailed_check,west,0,paid
CUST105998,user5998@example.com,44.0,12.8,65.12,80429.0,28560.0,643.0,1,basic,month-to-month,bank_transfer,north,1,unpaid
CUST105999,user5999@example.com,25.0,2.2,77.56,65459.0,26080.0,686.0,1,basic,month-to-month,e_check,south,0,paid
CUST106000,user6000@example.com,45.0,78.9,69.11,66953.0,28308.0,665.0,0,premium,month-to-month,bank_transfer,south,0,paid
CUST106001,user6001@example.com,41.0,7.6,66.89,88139.0,10231.0,,1,family,month-to-month,mailed_check,west,0,paid
CUST106002,user6002@example.com,52.0,10.3,71.16,70223.0,25106.0,585.0,2,basic,two-year,bank_transfer,east,0,paid
CUST106003,user6003@example.com,49.0,17.4,69.09,38995.0,15563.0,,0,standard,month-to-month,bank_transfer,south,1,overdue
CUST106004,user6004@example.com,18.0,11.2,50.49,80333.0,43929.0,686.0,1,basic,month-to-month,bank_transfer,south,0,paid
CUST106005,user6005@example.com,49.0,8.6,97.68,52526.0,30282.0,707.0,3,basic,one-year,e_check,east,1,overdue
CUST106006,user6006@example.com,30.0,5.6,57.94,55666.0,9979.0,734.0,2,standard,month-to-month,mailed_check,east,1,unpaid
CUST106007,user6007@example.com,25.0,5.8,73.23,57138.0,9473.0,615.0,4,premium,one-year,credit_card,north,1,overdue
CUST106008,user6008@example.com,40.0,17.8,18.49,74377.0,31689.0,702.0,3,basic,month-to-month,bank_transfer,west,0,paid
CUST106009,user6009@example.com,47.0,40.1,64.62,89977.0,28722.0,576.0,4,basic,month-to-month,credit_card,east,1,unpaid
CUST106010,user6010@example.com,22.0,5.8,42.51,55488.0,25467.0,644.0,2,standard,one-year,e_check,south,0,paid
CUST106011,user6011@example.com,50.0,13.3,45.52,89625.0,46306.0,690.0,1,premium,month-to-month,e_check,south,1,unpaid
CUST106012,user6012@example.com,51.0,20.7,130.55,58292.0,3257.0,728.0,2,basic,month-to-month,e_check,east,1,overdue
CUST106013,user6013@example.com,43.0,56.6,76.24,83043.0,44287.0,,0,standard,month-to-month,e_check,west,0,paid
CUST106014,user6014@example.com,32.0,8.9,100.65,58969.0,11557.0,657.0,0,basic,month-to-month,mailed_check,west,0,paid
CUST106015,user6015@example.com,30.0,53.0,91.38,45152.0,26331.0,644.0,2,family,two-year,mailed_check,north,0,paid
CUST106016,user6016@example.com,54.0,22.7,94.58,93442.0,26785.0,694.0,1,family,two-year,credit_card,east,0,paid
CUST106017,user6017@example.com,24.0,26.1,65.02,43242.0,22436.0,825.0,1,premium,one-year,e_check,north,0,paid
CUST106018,user6018@example.com,55.0,27.7,110.16,41904.0,6703.0,718.0,0,basic,one-year,mailed_check,south,0,paid
CUST106019,user6019@example.com,40.0,56.7,91.17,29879.0,10124.0,681.0,2,basic,two-year,credit_card,west,0,paid
CUST106020,user6020@example.com,41.0,11.6,71.03,80345.0,6814.0,540.0,3,basic,month-to-month,credit_card,north,0,paid
CUST106021,user6021@example.com,22.0,0.0,76.58,85069.0,38635.0,582.0,2,basic,month-to-month,e_check,south,1,overdue
CUST106022,user6022@example.com,40.0,0.9,66.58,62463.0,35488.0,624.0,1,standard,month-to-month,e_check,north,0,paid
CUST106023,user6023@example.com,49.0,59.7,71.31,35323.0,18146.0,723.0,2,standard,two-year,credit_card,south,0,paid
CUST106024,user6024@example.com,26.0,1.2,68.91,,23273.0,575.0,2,family,one-year,bank_transfer,east,0,paid
CUST106025,user6025@example.com,48.0,12.6,79.54,48948.0,5649.0,701.0,3,premium,one-year,e_check,north,1,overdue
CUST106026,user6026@example.com,43.0,120.0,113.5,34391.0,20331.0,660.0,0,basic,month-to-month,credit_card,west,1,overdue
CUST106027,user6027@example.com,34.0,36.0,39.87,45222.0,10816.0,678.0,1,basic,one-year,credit_card,south,0,overdue
CUST106028,user6028@example.com,52.0,28.0,98.56,65115.0,25917.0,633.0,2,family,month-to-month,bank_transfer,north,1,unpaid
CUST106029,user6029@example.com,18.0,10.9,60.79,42897.0,8585.0,602.0,2,premium,month-to-month,bank_transfer,west,0,paid
CUST106030,user6030@example.com,46.0,22.2,101.74,60835.0,30723.0,572.0,1,basic,month-to-month,bank_transfer,north,1,overdue
CUST106031,user6031@example.com,61.0,20.7,61.66,19474.0,5027.0,699.0,0,premium,month-to-month,credit_card,east,0,paid
CUST106032,user6032@example.com,59.0,40.9,80.32,88584.0,23463.0,644.0,2,standard,month-to-month,bank_transfer,south,1,overdue
CUST106033,user6033@example.com,47.0,34.2,66.03,47172.0,2475.0,564.0,1,premium,month-to-month,e_check,north,0,paid
CUST106034,user6034@example.com,38.0,8.1,26.74,72405.0,26532.0,668.0,4,standard,month-to-month,bank_transfer,south,1,overdue
CUST106035,user6035@example.com,34.0,13.8,113.47,58774.0,11044.0,850.0,0,standard,month-to-month,e_check,south,1,unpaid
CUST106036,user6036@example.com,38.0,4.0,46.43,63050.0,35120.0,634.0,1,basic,month-to-month,e_check,south,1,overdue
CUST106037,user6037@example.com,49.0,2.8,72.1,32360.0,15557.0,782.0,1,standard,month-to-month,credit_card,south,0,paid
CUST106038,user6038@example.com,32.0,40.8,43.69,39789.0,22824.0,443.0,1,basic,month-to-month,credit_card,north,0,paid
CUST106039,user6039@example.com,51.0,19.4,36.57,40243.0,10639.0,628.0,4,standard,month-to-month,credit_card,north,0,paid
CUST106040,user6040@example.com,68.0,18.9,64.88,55507.0,22977.0,726.0,0,basic,month-to-month,e_check,west,1,unpaid
CUST106041,user6041@example.com,41.0,47.1,55.16,81523.0,24334.0,651.0,3,standard,two-year,bank_transfer,south,0,paid
CUST106042,user6042@example.com,26.0,38.8,40.78,63665.0,35024.0,599.0,3,basic,month-to-month,e_check,west,0,paid
CUST106043,user6043@example.com,26.0,20.7,69.11,36993.0,8447.0,648.0,1,basic,month-to-month,mailed_check,north,0,paid
CUST106044,user6044@example.com,51.0,2.3,32.95,56747.0,13091.0,729.0,0,basic,one-year,credit_card,east,0,paid
CUST106045,user6045@example.com,41.0,1.9,73.14,53387.0,13415.0,821.0,1,standard,two-year,mailed_check,east,0,paid
CUST106046,user6046@example.com,53.0,8.3,66.82,47983.0,15536.0,735.0,0,standard,two-year,e_check,east,0,paid
CUST106047,user6047@example.com,36.0,17.5,10.0,54692.0,29438.0,610.0,1,standard,month-to-month,bank_transfer,north,0,paid
CUST106048,user6048@example.com,52.0,57.5,56.92,70274.0,11533.0,631.0,2,standard,month-to-month,e_check,north,0,paid
CUST106049,user6049@example.com,40.0,39.5,81.71,40601.0,16574.0,632.0,2,basic,one-year,mailed_check,south,1,overdue
CUST106050,user6050@example.com,33.0,41.0,43.41,48082.0,10495.0,581.0,3,premium,two-year,e_check,east,0,paid
CUST106051,user6051@example.com,37.0,3.1,82.79,74642.0,7126.0,638.0,3,basic,one-year,credit_card,north,0,paid
CUST106052,user6052@example.com,28.0,1.3,80.82,64379.0,36987.0,628.0,4,standard,month-to-month,mailed_check,north,1,unpaid
CUST106053,user6053@example.com,66.0,22.8,44.56,80582.0,38855.0,554.0,1,family,month-to-month,credit_card,west,1,overdue
CUST106054,user6054@example.com,41.0,49.7,69.69,83717.0,48021.0,717.0,3,basic,month-to-month,bank_transfer,north,0,paid
CUST106055,user6055@example.com,50.0,8.4,90.62,27789.0,7507.0,684.0,3,standard,month-to-month,e_check,west,0,paid
CUST106056,user6056@example.com,36.0,11.5,48.09,60766.0,28338.0,599.0,0,basic,month-to-month,mailed_check,west,1,unpaid
CUST106057,user6057@example.com,29.0,35.2,64.85,44841.0,18301.0,662.0,2,family,two-year,mailed_check,north,0,paid
CUST106058,user6058@example.com,39.0,72.6,98.76,31026.0,12114.0,573.0,1,basic,one-year,e_check,north,1,overdue
CUST106059,user6059@example.com,55.0,4.8,48.56,39216.0,2829.0,606.0,2,basic,month-to-month,credit_card,east,0,paid
CUST106060,user6060@example.com,36.0,120.0,81.48,48985.0,4382.0,705.0,0,basic,one-year,bank_transfer,south,0,overdue
CUST106061,user6061@example.com,32.0,5.2,43.02,49110.0,7730.0,688.0,1,family,month-to-month,mailed_check,west,1,overdue
CUST106062,user6062@example.com,44.0,11.1,65.98,42862.0,19816.0,609.0,1,basic,month-to-month,mailed_check,south,1,overdue
CUST106063,user6063@example.com,48.0,27.4,81.17,54727.0,26766.0,675.0,2,family,month-to-month,credit_card,west,0,paid
CUST106064,user6064@example.com,62.0,16.9,10.0,103933.0,42194.0,644.0,5,premium,two-year,bank_transfer,east,0,paid
CUST106065,user6065@example.com,46.0,8.1,56.64,20496.0,3190.0,570.0,1,premium,one-year,bank_transfer,north,0,paid
CUST106066,user6066@example.com,50.0,16.7,80.73,77744.0,37137.0,637.0,0,basic,month-to-month,mailed_check,south,0,overdue
CUST106067,user6067@example.com,51.0,9.0,75.65,54633.0,6141.0,685.0,1,standard,month-to-month,mailed_check,east,0,paid
CUST106068,user6068@example.com,28.0,16.5,56.94,46242.0,25050.0,674.0,2,standard,month-to-month,e_check,south,0,paid
CUST106069,user6069@example.com,30.0,51.1,42.39,14636.0,3829.0,515.0,0,standard,month-to-month,bank_transfer,east,0,paid
CUST106070,user6070@example.com,29.0,26.5,85.71,70255.0,31608.0,663.0,5,basic,two-year,credit_card,east,0,paid
CUST106071,user6071@example.com,26.0,25.2,61.94,26181.0,3750.0,652.0,2,family,two-year,e_check,south,0,paid
CUST106072,user6072@example.com,52.0,7.7,83.63,71558.0,15947.0,498.0,0,basic,one-year,e_check,west,1,unpaid
CUST106073,user6073@example.com,45.0,65.0,79.51,89827.0,28960.0,585.0,1,premium,month-to-month,bank_transfer,west,1,overdue
CUST106074,user6074@example.com,43.0,77.0,58.81,29344.0,9478.0,689.0,1,basic,month-to-month,bank_transfer,west,0,paid
CUST106075,user6075@example.com,18.0,17.2,96.81,78367.0,8108.0,761.0,2,premium,month-to-month,e_check,north,1,overdue
CUST106076,user6076@example.com,67.0,10.6,55.14,55509.0,19516.0,519.0,1,premium,month-to-month,credit_card,north,0,paid
CUST106077,user6077@example.com,31.0,12.6,99.76,13116.0,1198.0,728.0,2,basic,two-year,mailed_check,west,0,paid
CUST106078,user6078@example.com,67.0,59.5,103.03,30904.0,17245.0,500.0,3,standard,month-to-month,e_check,west,1,overdue
CUST106079,user6079@example.com,25.0,13.6,96.25,58565.0,16514.0,762.0,3,basic,one-year,credit_card,north,1,unpaid
CUST106080,user6080@example.com,32.0,0.2,65.49,63024.0,18371.0,631.0,2,basic,month-to-month,e_check,west,1,overdue
CUST106081,user6081@example.com,18.0,2.6,133.68,23386.0,8591.0,,0,standard,one-year,credit_card,north,1,unpaid
CUST106082,user6082@example.com,46.0,1.5,73.8,55634.0,26700.0,678.0,2,premium,two-year,bank_transfer,west,0,paid
CUST106083,user6083@example.com,29.0,23.1,76.03,71471.0,6307.0,573.0,3,premium,month-to-month,credit_card,east,1,unpaid
CUST106084,user6084@example.com,29.0,46.9,69.45,74972.0,32735.0,691.0,2,premium,month-to-month,mailed_check,west,0,paid
CUST106085,user6085@example.com,26.0,10.8,41.76,46743.0,25746.0,640.0,0,premium,month-to-month,bank_transfer,west,0,paid
CUST106086,user6086@example.com,51.0,20.0,102.38,63769.0,18592.0,345.0,0,standard,month-to-month,e_check,north,1,overdue
CUST106087,user6087@example.com,51.0,1.6,55.69,76449.0,4380.0,585.0,0,family,month-to-month,credit_card,east,0,paid
CUST106088,user6088@example.com,64.0,24.3,92.99,72049.0,13405.0,665.0,1,family,two-year,mailed_check,south,0,paid
CUST106089,user6089@example.com,34.0,68.9,98.99,72829.0,41336.0,735.0,2,standard,month-to-month,e_check,west,1,overdue
CUST106090,user6090@example.com,45.0,37.6,85.08,57270.0,6581.0,677.0,1,family,month-to-month,credit_card,west,1,overdue
CUST106091,user6091@example.com,27.0,66.0,52.7,53110.0,3053.0,734.0,1,family,one-year,bank_transfer,east,0,paid
CUST106092,user6092@example.com,38.0,12.5,61.47,60442.0,34133.0,578.0,2,premium,month-to-month,bank_transfer,south,1,unpaid
CUST106093,user6093@example.com,36.0,14.6,10.0,39725.0,20842.0,708.0,0,premium,one-year,mailed_check,east,0,paid
CUST106094,user6094@example.com,48.0,25.9,67.09,77242.0,23421.0,710.0,2,basic,month-to-month,mailed_check,east,0,paid
CUST106095,user6095@example.com,54.0,4.9,90.07,24392.0,1292.0,520.0,4,basic,month-to-month,mailed_check,north,1,overdue
CUST106096,user6096@example.com,54.0,78.9,64.06,,16666.0,738.0,2,basic,two-year,credit_card,east,0,paid
CUST106097,user6097@example.com,32.0,31.4,55.25,54275.0,27095.0,676.0,2,basic,two-year,e_check,north,0,paid
CUST106098,user6098@example.com,54.0,3.9,62.56,64394.0,13351.0,627.0,0,premium,month-to-month,credit_card,north,0,paid
CUST106099,user6099@example.com,41.0,10.7,100.38,68151.0,9882.0,,2,basic,one-year,mailed_check,east,1,overdue
CUST106100,user6100@example.com,38.0,10.1,68.64,84780.0,46422.0,567.0,2,standard,one-year,credit_card,west,1,overdue
CUST106101,user6101@example.com,33.0,54.4,116.45,56555.0,26714.0,700.0,1,standard,month-to-month,mailed_check,north,0,paid
CUST106102,user6102@example.com,35.0,60.0,55.73,40640.0,12048.0,674.0,2,basic,month-to-month,credit_card,east,0,paid
CUST106103,user6103@example.com,63.0,9.8,75.43,52099.0,28538.0,697.0,1,premium,one-year,e_check,west,0,overdue
CUST106104,user6104@example.com,46.0,45.0,59.16,48612.0,18691.0,656.0,1,premium,one-year,mailed_check,west,0,paid
CUST106105,user6105@example.com,44.0,8.1,121.86,65399.0,37228.0,666.0,1,basic,one-year,bank_transfer,south,1,unpaid
CUST106106,user6106@example.com,39.0,22.1,74.49,33660.0,3593.0,626.0,2,standard,month-to-month,bank_transfer,west,1,unpaid
CUST106107,user6107@example.com,71.0,3.2,123.2,51491.0,14934.0,736.0,2,standard,one-year,mailed_check,south,1,overdue
CUST106108,user6108@example.com,58.0,55.8,59.5,87453.0,37043.0,699.0,1,standard,month-to-month,e_check,north,0,paid
CUST106109,user6109@example.com,33.0,10.2,108.19,58597.0,16076.0,664.0,3,basic,one-year,bank_transfer,north,1,overdue
CUST106110,user6110@example.com,39.0,51.7,72.95,33941.0,8226.0,639.0,1,basic,month-to-month,credit_card,east,0,paid
CUST106111,user6111@example.com,39.0,29.5,90.92,48204.0,20848.0,509.0,2,basic,one-year,bank_transfer,south,0,paid
CUST106112,user6112@example.com,44.0,9.8,39.51,12000.0,4598.0,491.0,0,premium,month-to-month,bank_transfer,north,0,paid
CUST106113,user6113@example.com,34.0,39.5,78.71,53823.0,11055.0,621.0,2,standard,month-to-month,e_check,north,1,overdue
CUST106114,user6114@example.com,47.0,5.0,43.27,87954.0,25876.0,751.0,2,standard,month-to-month,bank_transfer,east,0,paid
CUST106115,user6115@example.com,59.0,26.1,76.43,31268.0,13720.0,594.0,2,standard,month-to-month,credit_card,west,1,unpaid
CUST106116,user6116@example.com,26.0,47.2,32.04,25879.0,10217.0,597.0,0,standard,month-to-month,e_check,south,1,overdue
CUST106117,user6117@example.com,28.0,25.2,67.65,41935.0,12545.0,572.0,1,premium,one-year,credit_card,north,0,overdue
CUST106118,user6118@example.com,36.0,22.6,97.39,73426.0,14171.0,547.0,2,basic,month-to-month,credit_card,east,1,overdue
CUST106119,user6119@example.com,37.0,6.7,83.69,,10070.0,577.0,2,standard,month-to-month,e_check,south,0,paid
CUST106120,user6120@example.com,66.0,23.9,39.15,63964.0,32756.0,672.0,1,basic,month-to-month,bank_transfer,east,0,paid
CUST106121,user6121@example.com,54.0,50.1,22.54,29282.0,14675.0,611.0,1,basic,month-to-month,credit_card,west,1,overdue
CUST106122,user6122@example.com,53.0,25.7,82.42,54556.0,21130.0,607.0,4,premium,month-to-month,e_check,east,1,overdue
CUST106123,user6123@example.com,39.0,8.7,109.53,90789.0,33069.0,600.0,2,premium,month-to-month,mailed_check,west,0,paid
CUST106124,user6124@example.com,39.0,1.5,45.9,48782.0,6097.0,669.0,3,premium,one-year,credit_card,west,0,paid
CUST106125,user6125@example.com,25.0,6.7,122.44,57809.0,17094.0,681.0,0,standard,one-year,mailed_check,west,1,overdue
CUST106126,user6126@example.com,51.0,59.1,69.84,59811.0,18908.0,500.0,2,premium,month-to-month,credit_card,south,0,paid
CUST106127,user6127@example.com,48.0,15.7,21.03,24083.0,7316.0,589.0,2,basic,month-to-month,e_check,north,1,unpaid
CUST106128,user6128@example.com,57.0,1.8,30.98,74959.0,13729.0,643.0,0,basic,month-to-month,e_check,east,1,overdue
CUST106129,user6129@example.com,39.0,22.4,89.25,72075.0,8512.0,685.0,3,standard,two-year,credit_card,north,0,paid
CUST106130,user6130@example.com,40.0,5.6,73.24,15129.0,8507.0,660.0,2,premium,month-to-month,mailed_check,north,1,overdue
CUST106131,user6131@example.com,44.0,88.5,107.06,28387.0,10105.0,716.0,1,basic,two-year,bank_transfer,north,0,paid
CUST106132,user6132@example.com,53.0,46.0,40.05,35606.0,18672.0,,0,basic,one-year,mailed_check,north,0,paid
CUST106133,user6133@example.com,24.0,85.8,72.96,69967.0,29358.0,683.0,0,basic,two-year,e_check,west,0,paid
CUST106134,user6134@example.com,51.0,32.6,70.17,39978.0,20036.0,,1,standard,month-to-month,bank_transfer,east,1,unpaid
CUST106135,user6135@example.com,42.0,5.6,66.42,63027.0,10639.0,654.0,1,basic,two-year,credit_card,west,0,paid
CUST106136,user6136@example.com,29.0,1.9,60.43,51365.0,5564.0,657.0,0,premium,two-year,mailed_check,east,0,paid
CUST106137,user6137@example.com,18.0,23.2,60.93,56423.0,21871.0,692.0,2,basic,month-to-month,bank_transfer,east,1,overdue
CUST106138,user6138@example.com,40.0,1.7,74.37,64919.0,22861.0,606.0,1,standard,two-year,e_check,north,1,overdue
CUST106139,user6139@example.com,59.0,120.0,77.56,60447.0,6229.0,574.0,3,basic,month-to-month,credit_card,east,0,paid
CUST106140,user6140@example.com,62.0,12.3,76.31,54621.0,21095.0,655.0,3,basic,month-to-month,bank_transfer,south,1,overdue
CUST106141,user6141@example.com,46.0,35.0,100.15,61542.0,9234.0,518.0,0,basic,month-to-month,e_check,south,1,overdue
CUST106142,user6142@example.com,66.0,17.0,39.97,59339.0,6497.0,682.0,4,basic,month-to-month,mailed_check,west,1,unpaid
CUST106143,user6143@example.com,41.0,24.2,24.71,50807.0,30071.0,695.0,0,premium,one-year,mailed_check,west,0,paid
CUST106144,user6144@example.com,53.0,25.5,95.42,46375.0,16493.0,522.0,0,basic,one-year,mailed_check,east,1,overdue
CUST106145,user6145@example.com,37.0,73.6,46.41,92609.0,21427.0,,1,premium,month-to-month,mailed_check,north,0,paid
CUST106146,user6146@example.com,36.0,44.1,60.51,46146.0,4796.0,633.0,2,basic,month-to-month,bank_transfer,west,0,paid
CUST106147,user6147@example.com,34.0,4.2,54.7,82340.0,45633.0,768.0,1,basic,month-to-month,credit_card,west,0,paid
CUST106148,user6148@example.com,18.0,58.7,54.16,41297.0,23474.0,755.0,2,basic,one-year,bank_transfer,north,0,paid
CUST106149,user6149@example.com,57.0,2.8,33.54,71203.0,13623.0,717.0,3,standard,month-to-month,credit_card,south,1,overdue
CUST106150,user6150@example.com,34.0,6.3,55.76,90675.0,26229.0,747.0,1,premium,month-to-month,e_check,south,1,overdue
CUST106151,user6151@example.com,32.0,15.4,86.23,48250.0,19544.0,621.0,1,standard,month-to-month,e_check,south,1,overdue
CUST106152,user6152@example.com,28.0,0.3,69.9,41652.0,4629.0,671.0,1,standard,one-year,e_check,west,1,overdue
CUST106153,user6153@example.com,40.0,3.6,82.61,46415.0,16028.0,630.0,1,standard,one-year,credit_card,east,0,paid
CUST106154,user6154@example.com,63.0,0.3,57.6,54613.0,9298.0,570.0,2,basic,two-year,credit_card,north,1,overdue
CUST106155,user6155@example.com,67.0,11.3,92.57,61437.0,10684.0,,1,standard,one-year,bank_transfer,south,1,overdue
CUST106156,user6156@example.com,22.0,5.8,57.29,54200.0,20687.0,643.0,1,standard,month-to-month,bank_transfer,east,1,overdue
CUST106157,user6157@example.com,38.0,21.9,17.29,46600.0,10277.0,634.0,1,basic,two-year,e_check,west,0,paid
CUST106158,user6158@example.com,30.0,45.3,77.92,94091.0,33185.0,645.0,0,standard,month-to-month,e_check,north,0,paid
CUST106159,user6159@example.com,54.0,11.6,89.18,50991.0,9906.0,655.0,2,standard,month-to-month,bank_transfer,north,1,unpaid
CUST106160,user6160@example.com,45.0,18.7,56.02,42598.0,13556.0,721.0,1,standard,one-year,mailed_check,south,0,paid
CUST106161,user6161@example.com,34.0,0.8,99.98,71610.0,40297.0,603.0,2,basic,month-to-month,bank_transfer,north,1,unpaid
CUST106162,user6162@example.com,43.0,16.8,48.73,71929.0,22773.0,548.0,3,premium,month-to-month,e_check,south,1,overdue
CUST106163,user6163@example.com,36.0,5.1,86.77,83250.0,27118.0,704.0,1,standard,month-to-month,bank_transfer,east,1,unpaid
CUST106164,user6164@example.com,61.0,15.3,113.62,93557.0,30038.0,719.0,1,basic,month-to-month,credit_card,east,0,paid
CUST106165,user6165@example.com,49.0,22.6,70.92,61925.0,32270.0,679.0,1,premium,month-to-month,bank_transfer,west,0,paid
CUST106166,user6166@example.com,50.0,120.0,64.34,49235.0,20923.0,559.0,1,family,one-year,mailed_check,south,0,paid
CUST106167,user6167@example.com,18.0,86.4,67.36,16955.0,1133.0,639.0,3,basic,month-to-month,bank_transfer,south,0,paid
CUST106168,user6168@example.com,41.0,17.4,110.71,36243.0,4163.0,673.0,2,standard,month-to-month,e_check,west,1,overdue
CUST106169,user6169@example.com,67.0,35.3,80.07,59171.0,21765.0,565.0,2,basic,one-year,mailed_check,east,0,paid
CUST106170,user6170@example.com,58.0,4.6,123.61,,14690.0,589.0,3,standard,month-to-month,e_check,south,1,overdue
CUST106171,user6171@example.com,20.0,20.3,76.98,23298.0,2664.0,638.0,3,basic,one-year,mailed_check,south,0,paid
CUST106172,user6172@example.com,38.0,23.6,53.66,56317.0,18389.0,745.0,3,premium,month-to-month,credit_card,south,1,overdue
CUST106173,user6173@example.com,28.0,15.3,55.41,70535.0,28452.0,668.0,1,family,month-to-month,e_check,west,1,overdue
CUST106174,user6174@example.com,63.0,10.5,71.54,50070.0,13541.0,604.0,0,basic,one-year,bank_transfer,south,1,overdue
CUST106175,user6175@example.com,45.0,30.1,18.97,72936.0,31467.0,634.0,2,premium,month-to-month,bank_transfer,east,0,paid
CUST106176,user6176@example.com,33.0,3.1,58.13,67332.0,16055.0,597.0,4,basic,one-year,bank_transfer,east,0,paid
CUST106177,user6177@example.com,42.0,24.5,58.68,77985.0,30621.0,617.0,0,basic,month-to-month,bank_transfer,west,0,paid
CUST106178,user6178@example.com,18.0,0.9,75.99,98469.0,46393.0,708.0,1,premium,month-to-month,bank_transfer,south,0,paid
CUST106179,user6179@example.com,29.0,0.8,118.55,107281.0,61761.0,496.0,3,standard,month-to-month,e_check,east,1,unpaid
CUST106180,user6180@example.com,42.0,5.7,71.37,69633.0,27950.0,755.0,1,basic,month-to-month,mailed_check,east,1,unpaid
CUST106181,user6181@example.com,52.0,44.7,21.93,45803.0,11147.0,,2,basic,one-year,bank_transfer,east,0,paid
CUST106182,user6182@example.com,19.0,11.3,47.15,56237.0,25120.0,663.0,0,basic,month-to-month,e_check,west,1,overdue
CUST106183,user6183@example.com,37.0,31.9,76.56,86465.0,42581.0,584.0,2,premium,month-to-month,credit_card,east,0,paid
CUST106184,user6184@example.com,54.0,23.6,72.32,37136.0,10326.0,743.0,1,basic,month-to-month,bank_transfer,south,0,paid
CUST106185,user6185@example.com,25.0,49.7,110.61,83953.0,20939.0,672.0,0,basic,two-year,e_check,east,0,paid
CUST106186,user6186@example.com,45.0,2.0,94.0,51602.0,6907.0,608.0,2,family,two-year,mailed_check,south,0,paid
CUST106187,user6187@example.com,43.0,68.8,93.25,59543.0,25144.0,572.0,2,standard,two-year,credit_card,north,0,paid
CUST106188,user6188@example.com,63.0,15.4,64.57,38846.0,11447.0,618.0,1,premium,one-year,e_check,west,1,unpaid
CUST106189,user6189@example.com,39.0,15.0,97.48,28525.0,3511.0,665.0,3,standard,month-to-month,mailed_check,south,1,unpaid
CUST106190,user6190@example.com,40.0,24.1,47.6,49423.0,17733.0,722.0,3,standard,one-year,bank_transfer,east,1,unpaid
CUST106191,user6191@example.com,52.0,50.2,94.21,81060.0,48185.0,673.0,0,family,one-year,bank_transfer,north,1,unpaid
CUST106192,user6192@example.com,26.0,75.3,62.94,40961.0,3204.0,686.0,0,family,two-year,e_check,north,0,paid
CUST106193,user6193@example.com,39.0,12.6,33.8,87250.0,29101.0,623.0,0,basic,one-year,credit_card,west,0,paid
CUST106194,user6194@example.com,37.0,15.1,84.83,43543.0,24589.0,718.0,1,standard,month-to-month,e_check,north,0,paid
CUST106195,user6195@example.com,40.0,5.1,104.94,33635.0,19425.0,633.0,2,standard,one-year,e_check,west,1,overdue
CUST106196,user6196@example.com,52.0,18.6,59.83,60073.0,14294.0,797.0,2,basic,two-year,bank_transfer,east,0,overdue
CUST106197,user6197@example.com,49.0,3.9,109.07,68581.0,9902.0,598.0,1,basic,month-to-month,mailed_check,south,1,overdue
CUST106198,user6198@example.com,33.0,8.0,28.6,58762.0,16536.0,682.0,1,standard,two-year,bank_transfer,south,0,paid
CUST106199,user6199@example.com,44.0,4.3,40.08,58019.0,13065.0,825.0,3,basic,month-to-month,e_check,north,0,paid
CUST106200,user6200@example.com,60.0,15.0,66.33,87059.0,27460.0,733.0,0,family,month-to-month,e_check,south,0,paid
CUST106201,user6201@example.com,32.0,21.5,60.73,56898.0,21495.0,710.0,0,basic,month-to-month,bank_transfer,south,0,paid
CUST106202,user6202@example.com,44.0,23.2,53.32,45592.0,21544.0,674.0,2,standard,month-to-month,mailed_check,north,0,paid
CUST106203,user6203@example.com,40.0,32.4,73.34,32341.0,12897.0,654.0,1,premium,month-to-month,e_check,west,1,overdue
CUST106204,user6204@example.com,41.0,58.8,56.79,80473.0,43506.0,636.0,2,standard,month-to-month,e_check,west,0,paid
CUST106205,user6205@example.com,22.0,11.1,61.03,46486.0,21135.0,,2,standard,month-to-month,e_check,north,1,overdue
CUST106206,user6206@example.com,59.0,31.1,76.96,48438.0,16239.0,527.0,3,standard,month-to-month,mailed_check,east,1,unpaid
CUST106207,user6207@example.com,33.0,10.4,53.31,76038.0,8791.0,701.0,5,basic,month-to-month,mailed_check,west,1,overdue
CUST106208,user6208@example.com,54.0,10.6,67.35,96083.0,47279.0,527.0,1,standard,one-year,credit_card,north,1,overdue
CUST106209,user6209@example.com,35.0,57.0,53.86,60027.0,26579.0,702.0,0,family,month-to-month,bank_transfer,north,0,paid
CUST106210,user6210@example.com,34.0,15.6,39.86,52260.0,12276.0,625.0,4,premium,two-year,e_check,south,1,overdue
CUST106211,user6211@example.com,57.0,0.6,89.09,54887.0,9747.0,574.0,4,basic,month-to-month,credit_card,east,1,overdue
CUST106212,user6212@example.com,54.0,9.5,112.69,45889.0,18904.0,762.0,0,family,month-to-month,bank_transfer,east,0,paid
CUST106213,user6213@example.com,45.0,29.6,96.61,47883.0,4612.0,534.0,0,premium,two-year,bank_transfer,west,0,paid
CUST106214,user6214@example.com,51.0,11.9,78.29,47990.0,23179.0,597.0,1,basic,month-to-month,credit_card,west,0,paid
CUST106215,user6215@example.com,39.0,23.7,53.96,73215.0,12797.0,604.0,3,family,one-year,e_check,east,1,overdue
CUST106216,user6216@example.com,42.0,4.8,62.83,53237.0,20039.0,662.0,0,standard,month-to-month,bank_transfer,north,1,overdue
CUST106217,user6217@example.com,34.0,20.2,96.43,82186.0,17831.0,601.0,4,family,one-year,credit_card,north,0,paid
CUST106218,user6218@example.com,53.0,93.7,12.96,52674.0,16460.0,767.0,1,standard,two-year,bank_transfer,west,0,paid
CUST106219,user6219@example.com,34.0,12.1,60.92,47659.0,23370.0,540.0,1,basic,month-to-month,mailed_check,west,0,paid
CUST106220,user6220@example.com,60.0,7.1,88.35,80558.0,16745.0,850.0,2,basic,one-year,credit_card,north,0,paid
CUST106221,user6221@example.com,38.0,26.2,41.54,55431.0,3780.0,565.0,2,standard,one-year,credit_card,west,0,paid
CUST106222,user6222@example.com,42.0,18.4,80.58,52471.0,4857.0,850.0,1,basic,month-to-month,credit_card,south,1,overdue
CUST106223,user6223@example.com,51.0,109.4,79.42,55671.0,5064.0,737.0,1,premium,month-to-month,credit_card,north,0,paid
CUST106224,user6224@example.com,42.0,49.6,33.64,84333.0,25507.0,641.0,2,basic,month-to-month,bank_transfer,east,0,paid
CUST106225,user6225@example.com,38.0,12.7,72.17,61122.0,5856.0,668.0,2,basic,month-to-month,credit_card,east,0,paid
CUST106226,user6226@example.com,42.0,33.9,54.56,79990.0,22155.0,620.0,3,standard,one-year,credit_card,north,0,paid
CUST106227,user6227@example.com,53.0,22.4,80.4,50308.0,21824.0,678.0,1,standard,month-to-month,credit_card,east,1,overdue
CUST106228,user6228@example.com,34.0,26.9,86.74,76788.0,40999.0,591.0,0,basic,month-to-month,credit_card,north,1,unpaid
CUST106229,user6229@example.com,40.0,15.4,79.97,59754.0,10265.0,707.0,1,basic,month-to-month,mailed_check,east,1,overdue
CUST106230,user6230@example.com,42.0,6.4,71.81,72652.0,38663.0,665.0,3,premium,month-to-month,bank_transfer,west,1,overdue
CUST106231,user6231@example.com,52.0,0.5,77.22,74333.0,43704.0,571.0,1,basic,month-to-month,e_check,south,1,unpaid
CUST106232,user6232@example.com,41.0,13.6,40.6,36168.0,14255.0,684.0,2,basic,month-to-month,e_check,north,0,paid
CUST106233,user6233@example.com,64.0,17.5,69.23,56439.0,25706.0,679.0,0,family,one-year,credit_card,west,0,paid
CUST106234,user6234@example.com,40.0,3.2,50.09,74144.0,23405.0,593.0,5,basic,month-to-month,credit_card,north,1,overdue
CUST106235,user6235@example.com,39.0,38.8,95.79,77330.0,7050.0,616.0,0,premium,one-year,mailed_check,south,0,paid
CUST106236,user6236@example.com,40.0,9.2,87.08,80069.0,46277.0,691.0,1,standard,month-to-month,bank_transfer,north,0,paid
CUST106237,user6237@example.com,26.0,17.3,87.01,57095.0,32538.0,737.0,2,family,month-to-month,e_check,south,1,overdue
CUST106238,user6238@example.com,30.0,43.1,112.84,85804.0,19523.0,639.0,1,standard,month-to-month,e_check,north,1,unpaid
CUST106239,user6239@example.com,36.0,15.0,61.75,41856.0,6599.0,724.0,1,premium,month-to-month,e_check,east,0,paid
CUST106240,user6240@example.com,56.0,30.3,56.27,25105.0,2159.0,743.0,2,family,two-year,e_check,north,0,paid
CUST106241,user6241@example.com,42.0,41.7,61.16,49448.0,16011.0,754.0,3,basic,two-year,credit_card,north,0,paid
CUST106242,user6242@example.com,36.0,18.4,29.94,78917.0,44085.0,683.0,1,basic,month-to-month,mailed_check,west,1,overdue
CUST106243,user6243@example.com,57.0,6.7,31.91,33276.0,2413.0,578.0,2,standard,two-year,mailed_check,north,0,paid
CUST106244,user6244@example.com,61.0,0.6,85.53,25603.0,9892.0,721.0,1,premium,month-to-month,mailed_check,south,0,paid
CUST106245,user6245@example.com,57.0,19.1,35.12,20590.0,10492.0,635.0,0,standard,one-year,e_check,west,0,paid
CUST106246,user6246@example.com,32.0,33.9,43.13,69719.0,18046.0,691.0,1,premium,month-to-month,bank_transfer,south,0,paid
CUST106247,user6247@example.com,36.0,32.5,67.46,26048.0,10070.0,600.0,0,basic,one-year,credit_card,south,0,overdue
CUST106248,user6248@example.com,64.0,82.0,59.69,65981.0,19405.0,602.0,1,basic,two-year,bank_transfer,east,0,paid
CUST106249,user6249@example.com,45.0,29.2,92.14,48438.0,4164.0,,1,basic,two-year,bank_transfer,east,0,paid
CUST106250,user6250@example.com,39.0,19.9,71.51,39588.0,12963.0,544.0,0,basic,two-year,mailed_check,west,0,paid
CUST106251,user6251@example.com,51.0,1.4,50.04,35026.0,3467.0,603.0,2,basic,month-to-month,credit_card,west,1,overdue
CUST106252,user6252@example.com,54.0,32.5,94.29,59126.0,25231.0,567.0,2,basic,one-year,bank_transfer,east,1,unpaid
CUST106253,user6253@example.com,35.0,36.8,88.22,39917.0,8804.0,695.0,3,basic,month-to-month,credit_card,west,0,overdue
CUST106254,user6254@example.com,45.0,13.6,34.73,54901.0,26977.0,565.0,2,basic,month-to-month,e_check,north,0,paid
CUST106255,user6255@example.com,53.0,3.7,76.31,63028.0,23501.0,596.0,3,standard,month-to-month,credit_card,west,1,overdue
CUST106256,user6256@example.com,28.0,27.2,52.12,67253.0,37949.0,650.0,0,premium,month-to-month,e_check,east,1,overdue
CUST106257,user6257@example.com,42.0,27.9,51.46,73686.0,33583.0,795.0,1,family,one-year,bank_transfer,east,0,paid
CUST106258,user6258@example.com,29.0,16.8,116.74,58295.0,26155.0,595.0,1,basic,one-year,e_check,west,1,unpaid
CUST106259,user6259@example.com,30.0,11.0,73.11,33998.0,7396.0,539.0,1,standard,month-to-month,mailed_check,north,1,unpaid
CUST106260,user6260@example.com,35.0,8.9,64.56,64315.0,18848.0,545.0,2,standard,two-year,credit_card,east,0,paid
CUST106261,user6261@example.com,48.0,4.4,72.12,68124.0,31341.0,581.0,0,premium,month-to-month,e_check,north,0,paid
CUST106262,user6262@example.com,38.0,19.2,91.86,51369.0,22967.0,597.0,0,standard,two-year,bank_transfer,west,1,overdue
CUST106263,user6263@example.com,34.0,0.9,52.46,49242.0,21211.0,834.0,3,basic,one-year,e_check,north,0,paid
CUST106264,user6264@example.com,43.0,5.3,56.73,104504.0,5682.0,727.0,2,basic,month-to-month,bank_transfer,north,0,paid
CUST106265,user6265@example.com,28.0,2.8,86.42,29139.0,1735.0,625.0,0,standard,one-year,credit_card,south,1,overdue
CUST106266,user6266@example.com,47.0,10.1,32.09,64873.0,5651.0,798.0,4,premium,month-to-month,bank_transfer,east,1,overdue
CUST106267,user6267@example.com,56.0,4.1,94.77,75921.0,5115.0,,2,basic,month-to-month,credit_card,south,1,unpaid
CUST106268,user6268@example.com,41.0,6.7,29.87,48175.0,22886.0,617.0,1,standard,two-year,e_check,east,0,paid
CUST106269,user6269@example.com,40.0,40.3,63.86,51630.0,18111.0,612.0,3,basic,month-to-month,bank_transfer,west,1,overdue
CUST106270,user6270@example.com,46.0,1.4,30.03,46971.0,15392.0,732.0,1,family,two-year,mailed_check,north,0,paid
CUST106271,user6271@example.com,18.0,16.5,43.59,55004.0,5340.0,644.0,0,family,one-year,mailed_check,west,0,paid
CUST106272,user6272@example.com,48.0,6.8,102.44,72990.0,34746.0,771.0,4,premium,one-year,credit_card,east,1,overdue
CUST106273,user6273@example.com,79.0,41.7,96.11,51036.0,5158.0,685.0,2,premium,month-to-month,e_check,east,1,overdue
CUST106274,user6274@example.com,41.0,2.2,98.78,117212.0,20160.0,723.0,1,family,two-year,credit_card,east,0,paid
CUST106275,user6275@example.com,41.0,31.2,33.78,45945.0,22991.0,505.0,3,basic,month-to-month,credit_card,east,0,paid
CUST106276,user6276@example.com,51.0,23.4,43.72,82550.0,35572.0,514.0,1,standard,two-year,credit_card,south,0,paid
CUST106277,user6277@example.com,62.0,10.3,78.5,65878.0,6650.0,517.0,0,basic,month-to-month,credit_card,east,0,paid
CUST106278,user6278@example.com,54.0,62.4,87.88,57169.0,5182.0,,3,standard,one-year,bank_transfer,north,1,overdue
CUST106279,user6279@example.com,18.0,34.6,50.01,84415.0,23094.0,527.0,5,basic,month-to-month,credit_card,north,1,overdue
CUST106280,user6280@example.com,49.0,48.9,55.53,22998.0,8782.0,749.0,0,standard,one-year,bank_transfer,east,0,paid
CUST106281,user6281@example.com,73.0,28.6,41.72,63504.0,11794.0,634.0,1,basic,two-year,credit_card,west,0,overdue
CUST106282,user6282@example.com,49.0,48.4,111.46,40672.0,15124.0,699.0,2,premium,month-to-month,mailed_check,north,0,paid
CUST106283,user6283@example.com,28.0,34.1,58.13,46280.0,11462.0,611.0,1,premium,month-to-month,e_check,north,1,unpaid
CUST106284,user6284@example.com,45.0,69.3,70.78,45340.0,16946.0,716.0,3,family,one-year,credit_card,south,1,unpaid
CUST106285,user6285@example.com,27.0,14.2,72.09,35724.0,16041.0,493.0,1,basic,month-to-month,credit_card,east,1,overdue
CUST106286,user6286@example.com,57.0,30.7,97.64,21948.0,11276.0,646.0,1,premium,month-to-month,mailed_check,west,0,paid
CUST106287,user6287@example.com,31.0,62.9,46.19,62776.0,9901.0,690.0,2,basic,two-year,credit_card,north,0,paid
CUST106288,user6288@example.com,43.0,37.1,99.21,53683.0,5197.0,697.0,4,basic,month-to-month,e_check,west,1,overdue
CUST106289,user6289@example.com,32.0,37.0,38.03,48988.0,5639.0,625.0,4,premium,two-year,e_check,west,1,overdue
CUST106290,user6290@example.com,35.0,1.0,99.14,70183.0,9893.0,513.0,0,basic,month-to-month,e_check,east,1,overdue
CUST106291,user6291@example.com,60.0,49.6,27.12,64039.0,14626.0,731.0,0,premium,one-year,credit_card,east,0,paid
CUST106292,user6292@example.com,43.0,10.6,67.39,49663.0,3265.0,619.0,0,premium,month-to-month,mailed_check,west,0,paid
CUST106293,user6293@example.com,35.0,39.8,110.64,116018.0,58925.0,626.0,2,standard,one-year,credit_card,north,0,paid
CUST106294,user6294@example.com,28.0,46.0,87.43,75360.0,38960.0,828.0,2,standard,one-year,credit_card,west,0,paid
CUST106295,user6295@example.com,20.0,2.9,80.53,103896.0,45946.0,658.0,1,premium,month-to-month,mailed_check,west,1,overdue
CUST106296,user6296@example.com,27.0,68.4,43.79,46701.0,11491.0,608.0,0,premium,month-to-month,mailed_check,west,0,paid
CUST106297,user6297@example.com,43.0,8.7,51.63,59994.0,26320.0,604.0,2,basic,one-year,mailed_check,west,1,overdue
CUST106298,user6298@example.com,54.0,22.6,103.61,30235.0,11067.0,702.0,2,standard,month-to-month,mailed_check,north,1,overdue
CUST106299,user6299@example.com,35.0,8.9,81.81,48390.0,20048.0,584.0,2,standard,month-to-month,mailed_check,south,1,overdue
CUST106300,user6300@example.com,61.0,0.2,92.26,43321.0,4260.0,691.0,1,premium,month-to-month,mailed_check,east,0,paid
CUST106301,user6301@example.com,33.0,14.2,71.84,114910.0,61028.0,738.0,0,premium,month-to-month,credit_card,east,1,unpaid
CUST106302,user6302@example.com,39.0,1.0,62.96,41150.0,9949.0,643.0,2,standard,month-to-month,bank_transfer,west,1,overdue
CUST106303,user6303@example.com,29.0,11.9,89.17,50319.0,9967.0,729.0,0,basic,one-year,mailed_check,north,1,unpaid
CUST106304,user6304@example.com,54.0,9.2,76.48,25927.0,6869.0,644.0,1,standard,one-year,bank_transfer,west,1,overdue
CUST106305,user6305@example.com,67.0,39.9,65.75,65674.0,12216.0,595.0,1,standard,month-to-month,bank_transfer,south,1,unpaid
CUST106306,user6306@example.com,21.0,19.6,34.65,36995.0,22079.0,517.0,1,standard,one-year,bank_transfer,south,0,paid
CUST106307,user6307@example.com,38.0,5.0,93.85,73371.0,29746.0,672.0,3,family,month-to-month,credit_card,east,1,unpaid
CUST106308,user6308@example.com,57.0,8.1,81.0,19234.0,10444.0,674.0,3,family,month-to-month,e_check,west,1,overdue
CUST106309,user6309@example.com,25.0,28.3,54.84,52568.0,30125.0,729.0,1,standard,one-year,bank_transfer,north,0,paid
CUST106310,user6310@example.com,49.0,3.4,99.48,18084.0,6685.0,721.0,1,family,month-to-month,bank_transfer,east,0,paid
CUST106311,user6311@example.com,57.0,6.8,76.1,45190.0,22156.0,815.0,0,basic,one-year,credit_card,south,0,paid
CUST106312,user6312@example.com,43.0,0.8,76.58,49256.0,26988.0,604.0,1,basic,two-year,mailed_check,east,0,paid
CUST106313,user6313@example.com,49.0,19.6,92.1,43019.0,5700.0,678.0,1,standard,one-year,bank_transfer,south,1,unpaid
CUST106314,user6314@example.com,63.0,26.1,86.72,44996.0,8911.0,595.0,1,standard,month-to-month,e_check,north,0,paid
CUST106315,user6315@example.com,65.0,1.8,77.34,74423.0,20160.0,724.0,4,premium,month-to-month,credit_card,east,1,unpaid
CUST106316,user6316@example.com,41.0,13.7,65.29,98489.0,38663.0,576.0,2,basic,two-year,credit_card,east,0,paid
CUST106317,user6317@example.com,36.0,120.0,119.59,61786.0,29198.0,723.0,1,standard,one-year,bank_transfer,south,0,paid
CUST106318,user6318@example.com,31.0,4.0,51.65,37799.0,9062.0,591.0,0,standard,month-to-month,credit_card,north,0,paid
CUST106319,user6319@example.com,54.0,87.7,88.65,56282.0,28899.0,711.0,1,standard,month-to-month,credit_card,west,0,paid
CUST106320,user6320@example.com,26.0,29.9,67.9,47915.0,19640.0,747.0,0,basic,one-year,e_check,south,1,overdue
CUST106321,user6321@example.com,39.0,4.0,81.37,72788.0,18533.0,526.0,1,standard,month-to-month,bank_transfer,west,1,overdue
CUST106322,user6322@example.com,43.0,11.4,100.84,60757.0,25785.0,542.0,1,standard,one-year,e_check,south,0,paid
CUST106323,user6323@example.com,36.0,40.8,62.21,23444.0,12159.0,669.0,2,standard,one-year,bank_transfer,east,0,paid
CUST106324,user6324@example.com,45.0,5.5,85.05,76959.0,18068.0,660.0,2,standard,month-to-month,mailed_check,west,1,overdue
CUST106325,user6325@example.com,73.0,5.3,76.64,74337.0,19539.0,627.0,1,standard,two-year,mailed_check,east,0,paid
CUST106326,user6326@example.com,41.0,10.2,53.97,84901.0,36550.0,612.0,4,basic,one-year,mailed_check,east,1,overdue
CUST106327,user6327@example.com,37.0,8.5,101.45,44671.0,12794.0,582.0,1,basic,one-year,credit_card,south,1,overdue
CUST106328,user6328@example.com,54.0,8.4,87.78,61019.0,9014.0,676.0,0,basic,one-year,e_check,north,0,paid
CUST106329,user6329@example.com,45.0,72.7,59.14,31304.0,16272.0,573.0,1,standard,two-year,mailed_check,south,0,paid
CUST106330,user6330@example.com,59.0,40.2,97.59,53975.0,8682.0,679.0,0,premium,month-to-month,e_check,south,0,paid
CUST106331,user6331@example.com,44.0,7.2,49.21,62940.0,11675.0,604.0,3,premium,one-year,mailed_check,east,1,unpaid
CUST106332,user6332@example.com,39.0,28.4,69.28,42279.0,22294.0,616.0,2,standard,month-to-month,credit_card,south,1,overdue
CUST106333,user6333@example.com,21.0,31.1,59.27,61847.0,24929.0,747.0,1,standard,two-year,e_check,south,0,paid
CUST106334,user6334@example.com,23.0,9.2,88.78,58360.0,16772.0,726.0,2,family,one-year,credit_card,north,0,paid
CUST106335,user6335@example.com,20.0,120.0,58.01,46003.0,11961.0,570.0,3,family,two-year,bank_transfer,west,0,paid
CUST106336,user6336@example.com,47.0,11.3,88.96,82949.0,12507.0,580.0,5,family,one-year,credit_card,north,0,paid
CUST106337,user6337@example.com,26.0,11.0,84.86,50311.0,4395.0,712.0,4,basic,month-to-month,bank_transfer,east,1,overdue
CUST106338,user6338@example.com,57.0,15.4,60.62,57657.0,31722.0,535.0,2,standard,two-year,e_check,east,0,paid
CUST106339,user6339@example.com,42.0,31.5,115.74,25662.0,1914.0,766.0,4,premium,one-year,mailed_check,south,1,overdue
CUST106340,user6340@example.com,39.0,120.0,51.37,65384.0,5487.0,661.0,2,basic,one-year,credit_card,north,0,paid
CUST106341,user6341@example.com,32.0,19.7,34.77,45462.0,21079.0,604.0,0,standard,one-year,mailed_check,south,0,paid
CUST106342,user6342@example.com,49.0,8.3,91.4,74144.0,40153.0,,3,basic,month-to-month,credit_card,south,1,overdue
CUST106343,user6343@example.com,32.0,8.5,16.26,28777.0,12672.0,759.0,4,standard,one-year,e_check,west,0,paid
CUST106344,user6344@example.com,30.0,17.1,107.3,63614.0,11650.0,480.0,1,standard,two-year,mailed_check,west,1,unpaid
CUST106345,user6345@example.com,56.0,3.5,72.54,12000.0,2386.0,732.0,7,basic,one-year,mailed_check,south,0,paid
CUST106346,user6346@example.com,46.0,11.4,34.33,67317.0,38960.0,746.0,0,standard,one-year,bank_transfer,east,0,paid
CUST106347,user6347@example.com,39.0,16.6,46.29,51504.0,22407.0,624.0,1,basic,one-year,mailed_check,north,0,paid
CUST106348,user6348@example.com,50.0,94.6,29.15,62987.0,31827.0,644.0,0,family,one-year,e_check,south,0,paid
CUST106349,user6349@example.com,42.0,120.0,79.57,42997.0,12706.0,661.0,2,basic,one-year,e_check,north,0,paid
CUST106350,user6350@example.com,47.0,53.9,36.83,36014.0,17182.0,709.0,3,standard,two-year,mailed_check,south,1,unpaid
CUST106351,user6351@example.com,32.0,25.0,82.55,46310.0,27296.0,592.0,2,basic,one-year,credit_card,west,0,paid
CUST106352,user6352@example.com,67.0,50.6,62.38,58840.0,14486.0,,2,standard,month-to-month,bank_transfer,north,1,overdue
CUST106353,user6353@example.com,35.0,1.5,58.12,66531.0,15055.0,642.0,2,standard,month-to-month,bank_transfer,south,1,overdue
CUST106354,user6354@example.com,61.0,4.5,82.73,61077.0,4497.0,704.0,0,family,month-to-month,e_check,south,1,overdue
CUST106355,user6355@example.com,40.0,3.8,85.59,36265.0,16514.0,850.0,0,standard,one-year,credit_card,east,0,paid
CUST106356,user6356@example.com,52.0,16.6,98.65,91754.0,16733.0,591.0,2,basic,month-to-month,credit_card,east,1,unpaid
CUST106357,user6357@example.com,51.0,13.1,54.16,61656.0,11693.0,656.0,2,premium,two-year,mailed_check,west,1,unpaid
CUST106358,user6358@example.com,56.0,11.2,69.25,42553.0,16919.0,589.0,1,standard,month-to-month,bank_transfer,east,1,overdue
CUST106359,user6359@example.com,32.0,5.8,54.12,63484.0,28971.0,611.0,1,basic,two-year,bank_transfer,south,0,paid
CUST106360,user6360@example.com,55.0,22.9,74.07,60120.0,16480.0,564.0,0,standard,two-year,mailed_check,west,0,paid
CUST106361,user6361@example.com,64.0,3.1,50.54,51493.0,29325.0,528.0,1,basic,two-year,e_check,east,0,paid
CUST106362,user6362@example.com,39.0,0.8,59.4,49144.0,6828.0,745.0,2,standard,month-to-month,e_check,south,0,paid
CUST106363,user6363@example.com,42.0,9.3,59.52,74697.0,25400.0,678.0,1,standard,month-to-month,bank_transfer,east,0,paid
CUST106364,user6364@example.com,36.0,6.5,77.33,89557.0,34885.0,,3,basic,one-year,credit_card,south,0,paid
CUST106365,user6365@example.com,38.0,10.9,70.07,14280.0,5563.0,580.0,1,standard,two-year,credit_card,north,0,overdue
CUST106366,user6366@example.com,63.0,6.5,82.66,79611.0,32741.0,644.0,2,basic,month-to-month,mailed_check,north,0,paid
CUST106367,user6367@example.com,30.0,11.6,67.33,55399.0,22084.0,557.0,3,premium,month-to-month,mailed_check,south,1,overdue
CUST106368,user6368@example.com,31.0,62.0,55.51,59734.0,28997.0,648.0,2,family,month-to-month,mailed_check,east,0,paid
CUST106369,user6369@example.com,61.0,3.6,74.78,82033.0,40831.0,677.0,1,basic,month-to-month,bank_transfer,north,1,overdue
CUST106370,user6370@example.com,49.0,6.3,47.07,12000.0,7051.0,607.0,0,basic,one-year,bank_transfer,south,0,paid
CUST106371,user6371@example.com,67.0,12.7,84.23,71296.0,40413.0,589.0,2,basic,two-year,credit_card,north,0,paid
CUST106372,user6372@example.com,37.0,120.0,62.86,80650.0,27095.0,611.0,2,standard,month-to-month,mailed_check,west,0,paid
CUST106373,user6373@example.com,44.0,0.1,75.11,41228.0,18069.0,,2,premium,two-year,e_check,west,0,paid
CUST106374,user6374@example.com,34.0,10.2,75.5,27121.0,7359.0,666.0,1,basic,one-year,credit_card,west,0,overdue
CUST106375,user6375@example.com,44.0,38.0,110.04,87799.0,35809.0,521.0,4,basic,month-to-month,credit_card,south,0,paid
CUST106376,user6376@example.com,21.0,22.3,79.54,19872.0,1075.0,708.0,0,premium,month-to-month,credit_card,west,1,unpaid
CUST106377,user6377@example.com,50.0,14.8,71.83,63373.0,15981.0,693.0,2,standard,month-to-month,credit_card,north,1,unpaid
CUST106378,user6378@example.com,46.0,3.7,52.69,75462.0,41730.0,665.0,3,basic,month-to-month,e_check,south,1,overdue
CUST106379,user6379@example.com,41.0,1.6,90.06,62932.0,26510.0,782.0,0,basic,month-to-month,credit_card,west,1,unpaid
CUST106380,user6380@example.com,37.0,57.6,63.24,66293.0,3945.0,652.0,1,basic,two-year,e_check,east,0,paid
CUST106381,user6381@example.com,31.0,29.8,31.86,49700.0,16773.0,684.0,3,basic,month-to-month,mailed_check,west,0,paid
CUST106382,user6382@example.com,51.0,4.3,65.12,64254.0,16143.0,688.0,2,standard,two-year,mailed_check,east,0,paid
CUST106383,user6383@example.com,28.0,10.7,74.79,40831.0,20204.0,720.0,4,basic,month-to-month,mailed_check,east,1,overdue
CUST106384,user6384@example.com,48.0,41.7,49.54,43421.0,4914.0,632.0,1,basic,month-to-month,mailed_check,south,0,paid
CUST106385,user6385@example.com,67.0,24.2,67.05,55711.0,21295.0,598.0,1,premium,one-year,mailed_check,south,0,paid
CUST106386,user6386@example.com,60.0,32.0,68.21,24203.0,10689.0,728.0,2,basic,two-year,credit_card,north,0,paid
CUST106387,user6387@example.com,24.0,22.3,68.6,66541.0,25119.0,724.0,1,premium,month-to-month,bank_transfer,west,1,overdue
CUST106388,user6388@example.com,36.0,16.6,100.87,12000.0,2411.0,752.0,0,standard,month-to-month,bank_transfer,south,1,overdue
CUST106389,user6389@example.com,47.0,1.6,37.21,62256.0,30272.0,683.0,0,standard,one-year,e_check,north,1,unpaid
CUST106390,user6390@example.com,41.0,1.9,120.85,64137.0,31201.0,518.0,0,family,two-year,bank_transfer,east,1,overdue
CUST106391,user6391@example.com,25.0,64.2,69.18,39110.0,9719.0,663.0,2,standard,month-to-month,credit_card,east,0,paid
CUST106392,user6392@example.com,47.0,37.9,84.51,30321.0,5963.0,653.0,0,basic,one-year,e_check,west,1,overdue
CUST106393,user6393@example.com,42.0,1.8,73.2,46837.0,19444.0,748.0,1,premium,month-to-month,bank_transfer,north,0,overdue
CUST106394,user6394@example.com,65.0,29.0,26.85,67794.0,17104.0,735.0,3,standard,month-to-month,credit_card,west,0,paid
CUST106395,user6395@example.com,39.0,11.2,43.59,61914.0,14856.0,699.0,0,premium,month-to-month,e_check,west,1,unpaid
CUST106396,user6396@example.com,56.0,3.9,56.89,32769.0,9759.0,484.0,0,basic,one-year,credit_card,north,0,paid
CUST106397,user6397@example.com,27.0,7.6,94.84,57114.0,17245.0,584.0,3,basic,two-year,mailed_check,west,0,paid
CUST106398,user6398@example.com,30.0,55.1,35.39,60239.0,30499.0,621.0,2,family,month-to-month,e_check,east,0,paid
CUST106399,user6399@example.com,51.0,27.0,48.61,,34094.0,623.0,2,standard,one-year,mailed_check,west,0,paid
CUST106400,user6400@example.com,55.0,0.2,74.12,35268.0,15603.0,663.0,0,standard,one-year,bank_transfer,north,1,overdue
CUST106401,user6401@example.com,31.0,30.8,81.82,,5726.0,768.0,3,standard,month-to-month,mailed_check,west,0,paid
CUST106402,user6402@example.com,42.0,0.1,81.07,73355.0,17296.0,712.0,1,standard,month-to-month,credit_card,east,0,paid
CUST106403,user6403@example.com,25.0,53.2,45.4,65739.0,10143.0,576.0,2,premium,two-year,mailed_check,west,0,paid
CUST106404,user6404@example.com,40.0,23.4,30.05,63230.0,26227.0,584.0,3,basic,month-to-month,mailed_check,south,1,overdue
CUST106405,user6405@example.com,52.0,24.6,83.48,87854.0,33295.0,576.0,1,family,month-to-month,mailed_check,south,1,overdue
CUST106406,user6406@example.com,37.0,0.4,105.83,58356.0,34450.0,641.0,3,basic,month-to-month,e_check,east,1,overdue
CUST106407,user6407@example.com,39.0,1.7,61.37,38162.0,11305.0,714.0,1,standard,one-year,bank_transfer,east,0,paid
CUST106408,user6408@example.com,28.0,17.3,41.38,38225.0,4128.0,727.0,0,family,month-to-month,e_check,west,0,paid
CUST106409,user6409@example.com,34.0,8.3,59.25,58521.0,22186.0,620.0,1,standard,two-year,credit_card,west,0,paid
CUST106410,user6410@example.com,63.0,16.8,79.85,26249.0,6610.0,648.0,1,standard,one-year,bank_transfer,south,0,paid
CUST106411,user6411@example.com,43.0,13.8,64.17,48780.0,7214.0,,2,family,month-to-month,bank_transfer,north,1,overdue
CUST106412,user6412@example.com,30.0,43.1,105.18,64283.0,16331.0,531.0,0,basic,month-to-month,credit_card,west,0,paid
CUST106413,user6413@example.com,38.0,3.5,93.12,78423.0,14195.0,701.0,1,standard,two-year,credit_card,north,0,paid
CUST106414,user6414@example.com,23.0,10.9,74.61,24120.0,3822.0,692.0,0,family,one-year,credit_card,west,1,overdue
CUST106415,user6415@example.com,30.0,9.4,21.14,56982.0,18006.0,626.0,2,standard,one-year,mailed_check,east,1,overdue
CUST106416,user6416@example.com,58.0,49.6,52.69,53635.0,26577.0,649.0,0,standard,month-to-month,e_check,west,0,paid
CUST106417,user6417@example.com,40.0,23.0,56.3,55750.0,29944.0,684.0,0,family,month-to-month,bank_transfer,east,0,paid
CUST106418,user6418@example.com,65.0,6.3,51.33,57831.0,11171.0,626.0,3,premium,one-year,mailed_check,south,0,paid
CUST106419,user6419@example.com,41.0,11.1,74.77,54367.0,16126.0,599.0,3,family,month-to-month,credit_card,south,0,paid
CUST106420,user6420@example.com,42.0,6.4,75.29,82844.0,42548.0,593.0,1,standard,one-year,credit_card,west,1,overdue
CUST106421,user6421@example.com,50.0,13.5,28.15,79880.0,47431.0,799.0,0,basic,two-year,bank_transfer,north,0,paid
CUST106422,user6422@example.com,18.0,16.0,90.11,97866.0,50642.0,615.0,2,family,two-year,e_check,north,0,paid
CUST106423,user6423@example.com,44.0,28.3,70.4,54789.0,17627.0,666.0,0,premium,month-to-month,e_check,west,0,paid
CUST106424,user6424@example.com,41.0,16.8,78.94,46786.0,24730.0,713.0,1,standard,month-to-month,mailed_check,east,0,paid
CUST106425,user6425@example.com,60.0,58.7,88.62,35645.0,15635.0,633.0,4,basic,one-year,bank_transfer,south,1,overdue
CUST106426,user6426@example.com,54.0,20.9,50.83,44611.0,5016.0,653.0,0,premium,month-to-month,e_check,east,1,overdue
CUST106427,user6427@example.com,28.0,5.3,101.47,69291.0,6671.0,690.0,1,standard,one-year,bank_transfer,west,1,unpaid
CUST106428,user6428@example.com,57.0,26.4,66.46,72371.0,40885.0,582.0,0,basic,month-to-month,bank_transfer,east,0,paid
CUST106429,user6429@example.com,39.0,20.8,107.81,68510.0,38259.0,527.0,2,standard,month-to-month,bank_transfer,east,0,paid
CUST106430,user6430@example.com,31.0,2.9,47.65,41711.0,12601.0,592.0,4,family,month-to-month,e_check,west,1,overdue
CUST106431,user6431@example.com,44.0,1.3,105.96,41819.0,17313.0,788.0,0,standard,one-year,bank_transfer,west,0,paid
CUST106432,user6432@example.com,40.0,5.6,47.4,94129.0,20486.0,604.0,2,premium,two-year,mailed_check,south,0,paid
CUST106433,user6433@example.com,60.0,11.5,133.72,38360.0,16716.0,660.0,3,standard,month-to-month,bank_transfer,north,1,overdue
CUST106434,user6434@example.com,46.0,2.4,46.2,83330.0,24616.0,544.0,3,standard,month-to-month,bank_transfer,north,1,unpaid
CUST106435,user6435@example.com,44.0,1.8,96.41,63092.0,15247.0,757.0,0,standard,month-to-month,e_check,east,1,overdue
CUST106436,user6436@example.com,53.0,18.3,60.94,40348.0,11795.0,626.0,0,basic,two-year,bank_transfer,west,0,paid
CUST106437,user6437@example.com,55.0,2.7,87.88,31310.0,9410.0,614.0,2,basic,month-to-month,mailed_check,west,1,overdue
CUST106438,user6438@example.com,51.0,73.4,68.99,41222.0,23435.0,639.0,3,premium,month-to-month,mailed_check,south,0,paid
CUST106439,user6439@example.com,59.0,18.7,42.72,63353.0,34004.0,850.0,0,basic,one-year,credit_card,north,0,paid
CUST106440,user6440@example.com,49.0,4.2,10.0,36807.0,5777.0,685.0,1,standard,month-to-month,bank_transfer,west,0,paid
CUST106441,user6441@example.com,44.0,92.9,132.69,86088.0,17489.0,637.0,2,basic,month-to-month,mailed_check,east,0,paid
CUST106442,user6442@example.com,57.0,20.4,71.83,50843.0,10914.0,419.0,5,family,two-year,mailed_check,south,1,overdue
CUST106443,user6443@example.com,41.0,54.1,10.0,69009.0,3890.0,758.0,4,basic,one-year,bank_transfer,south,0,paid
CUST106444,user6444@example.com,42.0,16.7,77.57,67394.0,23031.0,594.0,1,standard,month-to-month,mailed_check,north,0,paid
CUST106445,user6445@example.com,63.0,14.3,87.24,87438.0,27585.0,582.0,2,standard,one-year,mailed_check,north,1,overdue
CUST106446,user6446@example.com,61.0,69.5,52.12,46241.0,5481.0,589.0,3,basic,one-year,e_check,south,0,paid
CUST106447,user6447@example.com,42.0,30.5,52.29,57122.0,33966.0,767.0,1,basic,month-to-month,e_check,west,1,overdue
CUST106448,user6448@example.com,37.0,21.2,69.5,26972.0,12642.0,647.0,1,family,two-year,e_check,east,0,paid
CUST106449,user6449@example.com,60.0,13.4,100.06,57063.0,8599.0,528.0,4,basic,month-to-month,mailed_check,south,1,overdue
CUST106450,user6450@example.com,52.0,19.0,72.5,77800.0,34071.0,634.0,5,standard,month-to-month,credit_card,east,1,overdue
CUST106451,user6451@example.com,46.0,27.6,106.58,59389.0,14096.0,583.0,3,basic,month-to-month,credit_card,south,0,paid
CUST106452,user6452@example.com,38.0,25.6,98.28,101253.0,40306.0,679.0,0,standard,month-to-month,bank_transfer,north,1,overdue
CUST106453,user6453@example.com,46.0,14.9,64.28,65394.0,20192.0,619.0,1,basic,one-year,credit_card,west,0,paid
CUST106454,user6454@example.com,42.0,7.3,30.74,44192.0,5585.0,524.0,4,standard,month-to-month,credit_card,south,1,overdue
CUST106455,user6455@example.com,34.0,5.5,64.33,64115.0,19430.0,643.0,1,standard,one-year,credit_card,north,0,paid
CUST106456,user6456@example.com,44.0,8.6,83.16,,14897.0,645.0,1,standard,month-to-month,mailed_check,north,1,unpaid
CUST106457,user6457@example.com,45.0,6.8,71.5,39020.0,18007.0,550.0,1,basic,one-year,credit_card,east,0,paid
CUST106458,user6458@example.com,37.0,0.1,85.86,30660.0,12099.0,493.0,1,standard,month-to-month,bank_transfer,north,1,overdue
CUST106459,user6459@example.com,53.0,20.8,91.59,55322.0,28432.0,673.0,0,basic,two-year,e_check,north,1,overdue
CUST106460,user6460@example.com,57.0,31.5,83.27,53790.0,27207.0,628.0,1,family,one-year,bank_transfer,north,0,paid
CUST106461,user6461@example.com,54.0,57.5,63.12,79102.0,42597.0,633.0,1,premium,month-to-month,e_check,west,1,overdue
CUST106462,user6462@example.com,39.0,98.9,83.0,53019.0,5825.0,710.0,1,basic,month-to-month,credit_card,south,0,paid
CUST106463,user6463@example.com,51.0,37.0,125.89,34950.0,4236.0,495.0,3,standard,month-to-month,e_check,west,1,unpaid
CUST106464,user6464@example.com,43.0,14.6,32.75,86186.0,42179.0,655.0,2,family,month-to-month,mailed_check,south,1,overdue
CUST106465,user6465@example.com,27.0,9.3,82.18,12000.0,7169.0,,0,basic,one-year,mailed_check,east,0,paid
CUST106466,user6466@example.com,50.0,26.3,115.8,55769.0,20043.0,635.0,2,basic,month-to-month,mailed_check,south,0,paid
CUST106467,user6467@example.com,44.0,46.8,40.64,59352.0,34445.0,537.0,0,standard,month-to-month,credit_card,east,1,unpaid
CUST106468,user6468@example.com,73.0,14.6,95.03,54794.0,22715.0,597.0,1,basic,month-to-month,credit_card,south,0,paid
CUST106469,user6469@example.com,59.0,9.9,98.37,65002.0,6300.0,614.0,1,premium,month-to-month,credit_card,west,1,overdue
CUST106470,user6470@example.com,51.0,41.8,33.08,57214.0,32008.0,,1,family,month-to-month,mailed_check,west,0,paid
CUST106471,user6471@example.com,45.0,0.7,87.81,64993.0,33248.0,680.0,2,standard,one-year,credit_card,east,0,overdue
CUST106472,user6472@example.com,44.0,40.2,63.22,42956.0,14808.0,650.0,3,family,two-year,e_check,north,0,paid
CUST106473,user6473@example.com,30.0,4.4,68.49,25819.0,11855.0,599.0,3,basic,month-to-month,e_check,south,0,paid
CUST106474,user6474@example.com,21.0,2.8,61.88,54073.0,13159.0,729.0,1,family,one-year,mailed_check,north,0,paid
CUST106475,user6475@example.com,32.0,21.8,102.82,34470.0,13398.0,608.0,1,basic,two-year,credit_card,north,0,paid
CUST106476,user6476@example.com,41.0,51.4,67.2,40430.0,11210.0,768.0,2,family,month-to-month,credit_card,north,0,paid
CUST106477,user6477@example.com,18.0,14.1,58.42,78230.0,26592.0,628.0,2,family,two-year,bank_transfer,west,0,paid
CUST106478,user6478@example.com,35.0,22.1,58.84,86160.0,34473.0,574.0,1,basic,two-year,e_check,east,0,paid
CUST106479,user6479@example.com,39.0,67.2,61.48,77854.0,6199.0,576.0,1,basic,one-year,e_check,east,0,paid
CUST106480,user6480@example.com,39.0,5.3,43.01,74148.0,7623.0,657.0,1,basic,month-to-month,bank_transfer,south,0,paid
CUST106481,user6481@example.com,34.0,19.9,58.2,56199.0,5357.0,564.0,3,standard,month-to-month,credit_card,south,1,unpaid
CUST106482,user6482@example.com,38.0,36.0,72.94,75309.0,28407.0,662.0,0,family,month-to-month,credit_card,east,0,paid
CUST106483,user6483@example.com,63.0,33.8,80.11,62112.0,17211.0,618.0,5,standard,one-year,mailed_check,south,0,paid
CUST106484,user6484@example.com,50.0,24.9,100.1,93950.0,30537.0,616.0,0,standard,one-year,mailed_check,north,0,paid
CUST106485,user6485@example.com,35.0,5.7,76.02,36638.0,11913.0,647.0,2,standard,one-year,mailed_check,east,0,paid
CUST106486,user6486@example.com,41.0,10.5,58.14,68452.0,4946.0,730.0,3,standard,two-year,e_check,east,0,paid
CUST106487,user6487@example.com,42.0,1.9,44.72,29714.0,14496.0,607.0,2,standard,month-to-month,mailed_check,east,0,paid
CUST106488,user6488@example.com,33.0,31.4,77.36,68567.0,29853.0,665.0,2,basic,month-to-month,e_check,north,1,unpaid
CUST106489,user6489@example.com,33.0,2.7,67.07,20618.0,8832.0,686.0,1,premium,month-to-month,bank_transfer,west,0,paid
CUST106490,user6490@example.com,54.0,0.2,67.89,30729.0,2115.0,553.0,2,standard,one-year,mailed_check,west,0,paid
CUST106491,user6491@example.com,37.0,6.8,76.56,29348.0,11987.0,692.0,1,premium,month-to-month,e_check,north,1,overdue
CUST106492,user6492@example.com,29.0,14.6,82.98,60043.0,19529.0,715.0,1,basic,month-to-month,mailed_check,east,0,paid
CUST106493,user6493@example.com,41.0,5.3,76.74,62091.0,29078.0,727.0,1,standard,month-to-month,credit_card,east,0,paid
CUST106494,user6494@example.com,43.0,26.5,65.74,104010.0,10742.0,561.0,3,basic,month-to-month,credit_card,east,1,overdue
CUST106495,user6495@example.com,18.0,8.5,49.97,53174.0,24497.0,567.0,1,basic,two-year,mailed_check,south,0,paid
CUST106496,user6496@example.com,42.0,13.9,54.68,70451.0,40786.0,646.0,1,premium,month-to-month,bank_transfer,south,1,overdue
CUST106497,user6497@example.com,52.0,31.6,91.21,58217.0,30159.0,641.0,0,standard,two-year,credit_card,south,0,paid
CUST106498,user6498@example.com,47.0,11.4,59.41,68778.0,37263.0,652.0,4,basic,one-year,e_check,west,0,paid
CUST106499,user6499@example.com,69.0,16.7,36.35,57873.0,5306.0,621.0,2,premium,two-year,e_check,west,0,paid
CUST106500,user6500@example.com,57.0,8.1,98.99,76992.0,26278.0,665.0,0,basic,one-year,bank_transfer,south,0,paid
CUST106501,user6501@example.com,59.0,16.2,46.44,33947.0,6303.0,,2,standard,month-to-month,credit_card,south,1,unpaid
CUST106502,user6502@example.com,76.0,4.4,70.88,12000.0,4196.0,703.0,3,standard,month-to-month,bank_transfer,east,1,overdue
CUST106503,user6503@example.com,51.0,2.9,82.28,63348.0,27786.0,768.0,2,standard,month-to-month,mailed_check,south,0,paid
CUST106504,user6504@example.com,44.0,80.7,70.08,18898.0,8708.0,606.0,1,basic,month-to-month,credit_card,east,1,overdue
CUST106505,user6505@example.com,54.0,27.2,10.0,81235.0,48365.0,666.0,1,basic,month-to-month,e_check,south,0,paid
CUST106506,user6506@example.com,35.0,28.1,79.76,44038.0,25396.0,784.0,1,basic,one-year,e_check,east,0,paid
CUST106507,user6507@example.com,43.0,9.0,103.16,34235.0,6366.0,653.0,4,basic,one-year,credit_card,east,1,overdue
CUST106508,user6508@example.com,34.0,10.2,89.66,109010.0,60347.0,674.0,1,basic,month-to-month,bank_transfer,south,1,unpaid
CUST106509,user6509@example.com,47.0,29.5,16.9,54631.0,29294.0,797.0,2,premium,month-to-month,credit_card,south,1,unpaid
CUST106510,user6510@example.com,34.0,36.1,123.18,50798.0,22752.0,813.0,2,basic,one-year,bank_transfer,west,1,overdue
CUST106511,user6511@example.com,34.0,1.8,36.85,69960.0,13412.0,565.0,1,basic,month-to-month,credit_card,south,1,overdue
CUST106512,user6512@example.com,47.0,4.3,43.04,71309.0,10949.0,617.0,3,standard,month-to-month,e_check,north,1,overdue
CUST106513,user6513@example.com,40.0,6.2,89.55,77783.0,22525.0,721.0,2,basic,one-year,mailed_check,east,0,paid
CUST106514,user6514@example.com,19.0,25.4,81.32,28341.0,2026.0,690.0,0,standard,month-to-month,credit_card,east,1,unpaid
CUST106515,user6515@example.com,25.0,62.6,72.01,65722.0,13549.0,706.0,2,standard,month-to-month,credit_card,east,1,unpaid
CUST106516,user6516@example.com,28.0,36.8,55.76,49136.0,4440.0,440.0,3,premium,month-to-month,e_check,west,1,unpaid
CUST106517,user6517@example.com,31.0,29.1,803.6102734902661,36579.0,12381.0,494.0,2,basic,month-to-month,bank_transfer,west,1,overdue
CUST106518,user6518@example.com,47.0,1.7,69.02,55962.0,21775.0,793.0,0,basic,month-to-month,credit_card,south,0,paid
CUST106519,user6519@example.com,45.0,7.6,30.85,18775.0,2088.0,712.0,1,basic,one-year,bank_transfer,south,0,paid
CUST106520,user6520@example.com,55.0,61.9,100.81,73459.0,38982.0,678.0,4,standard,one-year,e_check,north,1,overdue
CUST106521,user6521@example.com,51.0,1.2,75.48,49186.0,5078.0,551.0,1,basic,two-year,e_check,west,1,unpaid
CUST106522,user6522@example.com,55.0,40.4,97.88,45450.0,12177.0,617.0,2,standard,month-to-month,mailed_check,east,1,overdue
CUST106523,user6523@example.com,49.0,4.5,84.31,52246.0,17008.0,696.0,4,premium,month-to-month,mailed_check,east,1,overdue
CUST106524,user6524@example.com,45.0,16.9,129.79,51650.0,19119.0,539.0,0,standard,one-year,bank_transfer,west,0,paid
CUST106525,user6525@example.com,55.0,0.9,62.25,77814.0,17548.0,594.0,1,standard,one-year,mailed_check,north,1,overdue
CUST106526,user6526@example.com,53.0,44.1,70.4,33086.0,14630.0,680.0,1,standard,month-to-month,bank_transfer,west,0,paid
CUST106527,user6527@example.com,47.0,8.8,88.0,47356.0,11259.0,697.0,2,basic,month-to-month,bank_transfer,east,0,paid
CUST106528,user6528@example.com,57.0,50.7,62.41,50669.0,9575.0,608.0,0,premium,month-to-month,credit_card,south,0,paid
CUST106529,user6529@example.com,18.0,22.8,90.07,33697.0,10084.0,729.0,2,basic,one-year,bank_transfer,south,0,paid
CUST106530,user6530@example.com,39.0,80.4,10.0,58186.0,6539.0,726.0,2,premium,one-year,mailed_check,west,0,paid
CUST106531,user6531@example.com,38.0,41.6,68.18,40523.0,23559.0,507.0,0,family,month-to-month,bank_transfer,west,1,unpaid
CUST106532,user6532@example.com,56.0,0.3,67.43,26914.0,9489.0,781.0,2,basic,two-year,mailed_check,north,0,paid
CUST106533,user6533@example.com,61.0,14.0,66.52,65525.0,8468.0,743.0,1,premium,one-year,e_check,south,0,paid
CUST106534,user6534@example.com,25.0,32.6,48.08,85946.0,41927.0,667.0,1,premium,month-to-month,credit_card,east,0,paid
CUST106535,user6535@example.com,59.0,20.3,92.65,55968.0,24974.0,639.0,4,standard,one-year,mailed_check,north,1,unpaid
CUST106536,user6536@example.com,28.0,58.1,57.39,52934.0,15180.0,713.0,3,premium,month-to-month,mailed_check,south,1,overdue
CUST106537,user6537@example.com,28.0,14.8,75.01,52510.0,31036.0,693.0,1,standard,two-year,bank_transfer,east,1,overdue
CUST106538,user6538@example.com,39.0,29.5,69.07,44681.0,14536.0,628.0,2,standard,month-to-month,mailed_check,south,1,unpaid
CUST106539,user6539@example.com,38.0,5.7,82.51,78402.0,13094.0,779.0,0,standard,two-year,e_check,south,0,paid
CUST106540,user6540@example.com,23.0,34.5,105.77,56881.0,27598.0,482.0,2,family,one-year,credit_card,north,1,unpaid
CUST106541,user6541@example.com,50.0,13.3,74.88,12000.0,6730.0,597.0,2,standard,month-to-month,mailed_check,east,1,overdue
CUST106542,user6542@example.com,50.0,7.2,91.03,78979.0,15346.0,686.0,1,basic,two-year,mailed_check,north,1,overdue
CUST106543,user6543@example.com,55.0,34.5,73.62,74077.0,3978.0,646.0,1,standard,two-year,mailed_check,south,0,paid
CUST106544,user6544@example.com,37.0,77.7,57.35,67032.0,25814.0,706.0,2,premium,one-year,bank_transfer,west,0,paid
CUST106545,user6545@example.com,42.0,8.5,66.46,12000.0,5436.0,538.0,1,premium,month-to-month,e_check,south,1,unpaid
CUST106546,user6546@example.com,42.0,1.5,62.91,54941.0,10629.0,630.0,3,basic,one-year,mailed_check,west,1,unpaid
CUST106547,user6547@example.com,62.0,7.0,84.2,72869.0,42265.0,742.0,1,premium,one-year,bank_transfer,east,1,overdue
CUST106548,user6548@example.com,18.0,4.2,72.67,62590.0,8900.0,531.0,1,standard,month-to-month,bank_transfer,north,0,paid
CUST106549,user6549@example.com,31.0,50.6,50.14,59103.0,28998.0,631.0,1,premium,month-to-month,e_check,east,0,paid
CUST106550,user6550@example.com,42.0,35.8,64.45,72910.0,38786.0,608.0,0,standard,two-year,credit_card,south,0,paid
CUST106551,user6551@example.com,29.0,4.8,31.85,57786.0,8320.0,,1,basic,one-year,credit_card,west,0,paid
CUST106552,user6552@example.com,39.0,59.2,65.38,79072.0,25757.0,681.0,2,basic,month-to-month,mailed_check,west,0,paid
CUST106553,user6553@example.com,40.0,31.2,70.03,58235.0,3810.0,658.0,1,basic,two-year,mailed_check,east,0,paid
CUST106554,user6554@example.com,34.0,70.8,115.21,56644.0,22830.0,627.0,1,standard,month-to-month,bank_transfer,west,0,paid
CUST106555,user6555@example.com,43.0,8.2,103.71,72848.0,25538.0,655.0,2,basic,one-year,credit_card,east,0,paid
CUST106556,user6556@example.com,50.0,24.4,44.15,47028.0,22482.0,637.0,2,family,month-to-month,credit_card,north,1,overdue
CUST106557,user6557@example.com,39.0,18.8,75.04,33055.0,10766.0,647.0,0,standard,month-to-month,credit_card,west,0,paid
CUST106558,user6558@example.com,37.0,12.3,75.48,55076.0,13474.0,,0,basic,month-to-month,bank_transfer,east,1,overdue
CUST106559,user6559@example.com,40.0,3.4,64.24,66807.0,8362.0,554.0,2,premium,month-to-month,e_check,north,1,overdue
CUST106560,user6560@example.com,42.0,19.4,65.83,73507.0,5740.0,677.0,1,basic,two-year,bank_transfer,north,0,paid
CUST106561,user6561@example.com,21.0,6.1,61.15,73618.0,25093.0,,1,basic,two-year,e_check,west,0,paid
CUST106562,user6562@example.com,48.0,34.3,116.82,53627.0,29784.0,806.0,1,basic,month-to-month,e_check,south,0,overdue
CUST106563,user6563@example.com,37.0,91.5,59.6,51573.0,24306.0,657.0,1,standard,two-year,credit_card,south,0,paid
CUST106564,user6564@example.com,57.0,31.3,78.52,43158.0,11489.0,549.0,1,basic,two-year,e_check,east,0,paid
CUST106565,user6565@example.com,49.0,0.9,10.0,59998.0,35461.0,631.0,0,premium,month-to-month,e_check,west,1,overdue
CUST106566,user6566@example.com,56.0,11.9,90.59,22178.0,3353.0,533.0,3,standard,month-to-month,e_check,east,0,overdue
CUST106567,user6567@example.com,30.0,9.3,99.61,55455.0,33201.0,599.0,0,basic,month-to-month,e_check,east,0,paid
CUST106568,user6568@example.com,38.0,26.3,43.7,111994.0,19775.0,699.0,3,standard,month-to-month,mailed_check,north,1,overdue
CUST106569,user6569@example.com,27.0,59.4,57.2,24923.0,3552.0,,2,family,month-to-month,bank_transfer,west,1,overdue
CUST106570,user6570@example.com,34.0,76.7,81.29,58137.0,30352.0,736.0,0,premium,month-to-month,credit_card,north,0,paid
CUST106571,user6571@example.com,57.0,25.9,70.49,62557.0,19259.0,642.0,0,basic,one-year,e_check,south,1,overdue
CUST106572,user6572@example.com,60.0,13.5,81.66,65129.0,35204.0,696.0,3,premium,one-year,credit_card,east,0,paid
CUST106573,user6573@example.com,28.0,17.8,62.82,35667.0,16458.0,715.0,0,standard,month-to-month,credit_card,west,0,paid
CUST106574,user6574@example.com,37.0,10.6,116.58,65312.0,8896.0,830.0,0,standard,month-to-month,e_check,east,0,paid
CUST106575,user6575@example.com,41.0,9.1,53.26,44310.0,5187.0,602.0,1,standard,two-year,mailed_check,west,0,paid
CUST106576,user6576@example.com,49.0,11.6,137.29,26448.0,7821.0,771.0,3,premium,month-to-month,e_check,north,0,paid
CUST106577,user6577@example.com,21.0,0.8,101.05,74039.0,26569.0,563.0,3,standard,month-to-month,mailed_check,south,1,unpaid
CUST106578,user6578@example.com,23.0,22.9,90.8,68292.0,19311.0,744.0,0,standard,month-to-month,e_check,east,0,paid
CUST106579,user6579@example.com,48.0,59.6,43.99,35669.0,5942.0,600.0,3,basic,one-year,e_check,east,0,paid
CUST106580,user6580@example.com,19.0,74.9,92.74,44124.0,7485.0,595.0,1,basic,month-to-month,e_check,north,1,overdue
CUST106581,user6581@example.com,37.0,14.0,85.1,43400.0,14341.0,,1,family,one-year,e_check,north,1,overdue
CUST106582,user6582@example.com,44.0,6.0,17.01,22128.0,1280.0,588.0,1,standard,month-to-month,bank_transfer,south,0,paid
CUST106583,user6583@example.com,47.0,8.6,34.88,70249.0,20472.0,684.0,1,premium,month-to-month,e_check,east,1,overdue
CUST106584,user6584@example.com,40.0,20.2,78.94,70998.0,4847.0,748.0,0,basic,one-year,e_check,east,0,paid
CUST106585,user6585@example.com,38.0,16.3,66.67,48348.0,25635.0,481.0,1,basic,month-to-month,mailed_check,west,0,paid
CUST106586,user6586@example.com,52.0,5.0,57.09,54437.0,21288.0,636.0,1,basic,one-year,credit_card,east,1,unpaid
CUST106587,user6587@example.com,45.0,12.4,96.97,57294.0,7913.0,563.0,3,premium,one-year,credit_card,east,0,paid
CUST106588,user6588@example.com,34.0,31.9,47.91,59888.0,28310.0,722.0,1,basic,two-year,e_check,south,0,paid
CUST106589,user6589@example.com,42.0,5.4,58.62,28049.0,9002.0,764.0,2,standard,two-year,bank_transfer,east,0,paid
CUST106590,user6590@example.com,47.0,6.8,53.82,64769.0,21431.0,636.0,2,basic,month-to-month,bank_transfer,east,0,paid
CUST106591,user6591@example.com,63.0,20.5,82.75,31490.0,6010.0,594.0,5,basic,month-to-month,bank_transfer,west,1,overdue
CUST106592,user6592@example.com,51.0,48.3,27.01,68628.0,18294.0,521.0,1,standard,month-to-month,e_check,north,1,overdue
CUST106593,user6593@example.com,57.0,14.0,57.56,33702.0,17963.0,806.0,2,standard,two-year,credit_card,east,0,paid
CUST106594,user6594@example.com,35.0,3.8,26.93,28998.0,3798.0,756.0,0,premium,one-year,bank_transfer,south,0,paid
CUST106595,user6595@example.com,36.0,3.8,62.18,54439.0,21397.0,492.0,1,premium,two-year,bank_transfer,south,1,overdue
CUST106596,user6596@example.com,39.0,13.1,88.08,53990.0,9140.0,702.0,0,basic,two-year,e_check,north,0,paid
CUST106597,user6597@example.com,40.0,87.6,88.52,57075.0,16817.0,561.0,0,basic,two-year,mailed_check,east,0,paid
CUST106598,user6598@example.com,30.0,68.9,51.81,37145.0,12747.0,609.0,0,standard,month-to-month,credit_card,south,0,paid
CUST106599,user6599@example.com,57.0,25.0,83.33,,6909.0,550.0,0,basic,month-to-month,credit_card,west,1,overdue
CUST106600,user6600@example.com,53.0,30.7,65.37,60940.0,5678.0,490.0,2,basic,month-to-month,bank_transfer,south,1,overdue
CUST106601,user6601@example.com,38.0,15.0,104.03,78314.0,24766.0,646.0,1,standard,month-to-month,credit_card,east,1,unpaid
CUST106602,user6602@example.com,50.0,41.0,66.75,,16151.0,802.0,3,standard,month-to-month,e_check,south,1,unpaid
CUST106603,user6603@example.com,45.0,2.9,10.0,43012.0,23938.0,576.0,4,basic,two-year,e_check,south,0,overdue
CUST106604,user6604@example.com,51.0,57.8,92.37,28059.0,12175.0,721.0,1,premium,one-year,mailed_check,east,1,overdue
CUST106605,user6605@example.com,26.0,8.5,58.52,24395.0,13252.0,734.0,1,basic,one-year,credit_card,west,0,paid
CUST106606,user6606@example.com,40.0,43.4,63.15,61460.0,34452.0,708.0,2,premium,one-year,credit_card,east,0,paid
CUST106607,user6607@example.com,41.0,29.6,78.4,70864.0,4286.0,,2,basic,month-to-month,credit_card,west,0,overdue
CUST106608,user6608@example.com,49.0,11.4,34.38,,19860.0,,0,standard,month-to-month,e_check,south,1,overdue
CUST106609,user6609@example.com,34.0,16.1,71.87,60105.0,34690.0,794.0,1,standard,two-year,mailed_check,north,0,paid
CUST106610,user6610@example.com,18.0,21.6,83.36,51516.0,15401.0,558.0,1,basic,month-to-month,bank_transfer,north,1,overdue
CUST106611,user6611@example.com,29.0,18.8,79.1,69365.0,27732.0,710.0,1,basic,month-to-month,bank_transfer,south,0,paid
CUST106612,user6612@example.com,41.0,65.8,55.03,72322.0,17378.0,771.0,6,premium,month-to-month,mailed_check,west,0,paid
CUST106613,user6613@example.com,43.0,28.1,94.8,12000.0,1251.0,588.0,0,premium,one-year,credit_card,north,0,paid
CUST106614,user6614@example.com,62.0,6.1,45.06,75643.0,14707.0,371.0,3,standard,month-to-month,credit_card,east,0,paid
CUST106615,user6615@example.com,49.0,69.1,54.36,60044.0,5662.0,549.0,1,standard,two-year,e_check,west,0,overdue
CUST106616,user6616@example.com,43.0,15.8,66.6,44373.0,14099.0,592.0,2,premium,month-to-month,e_check,east,1,overdue
CUST106617,user6617@example.com,42.0,3.8,77.39,44931.0,18398.0,695.0,0,basic,month-to-month,credit_card,east,1,unpaid
CUST106618,user6618@example.com,55.0,3.7,61.89,55635.0,2942.0,605.0,2,standard,month-to-month,e_check,east,0,paid
CUST106619,user6619@example.com,35.0,9.8,100.71,44925.0,7901.0,650.0,1,standard,month-to-month,credit_card,south,0,paid
CUST106620,user6620@example.com,40.0,0.1,77.38,36260.0,3284.0,602.0,1,basic,one-year,credit_card,east,1,unpaid
CUST106621,user6621@example.com,29.0,17.1,71.89,40844.0,23737.0,640.0,1,basic,one-year,e_check,south,1,overdue
CUST106622,user6622@example.com,59.0,0.2,76.5,34197.0,16815.0,645.0,3,family,month-to-month,mailed_check,west,0,paid
CUST106623,user6623@example.com,47.0,9.6,88.32,81931.0,5493.0,599.0,1,standard,month-to-month,credit_card,east,1,overdue
CUST106624,user6624@example.com,34.0,13.2,76.02,56118.0,27930.0,716.0,1,standard,month-to-month,credit_card,south,1,overdue
CUST106625,user6625@example.com,41.0,12.7,24.76,100057.0,50528.0,760.0,2,standard,one-year,mailed_check,west,1,overdue
CUST106626,user6626@example.com,48.0,48.7,97.24,62422.0,30766.0,558.0,2,standard,one-year,mailed_check,south,1,overdue
CUST106627,user6627@example.com,39.0,0.8,72.99,66778.0,35601.0,667.0,0,premium,two-year,credit_card,south,0,paid
CUST106628,user6628@example.com,36.0,25.4,87.12,33768.0,10388.0,536.0,0,premium,month-to-month,bank_transfer,north,1,overdue
CUST106629,user6629@example.com,34.0,1.5,59.85,50636.0,9199.0,510.0,1,standard,month-to-month,bank_transfer,west,1,overdue
CUST106630,user6630@example.com,46.0,42.0,24.33,56454.0,29850.0,733.0,2,basic,month-to-month,bank_transfer,east,0,paid
CUST106631,user6631@example.com,38.0,3.8,13.03,42255.0,21510.0,811.0,0,basic,one-year,e_check,east,0,paid
CUST106632,user6632@example.com,37.0,17.4,46.39,45704.0,9191.0,624.0,1,premium,one-year,mailed_check,west,1,overdue
CUST106633,user6633@example.com,26.0,34.2,82.93,63403.0,23421.0,797.0,3,premium,two-year,mailed_check,east,0,paid
CUST106634,user6634@example.com,43.0,43.2,102.45,63795.0,22731.0,598.0,1,standard,month-to-month,mailed_check,west,1,overdue
CUST106635,user6635@example.com,40.0,39.4,77.55,28261.0,8991.0,631.0,3,basic,two-year,credit_card,north,0,paid
CUST106636,user6636@example.com,38.0,15.8,43.69,60675.0,23344.0,783.0,3,premium,one-year,e_check,south,0,paid
CUST106637,user6637@example.com,44.0,54.7,50.4,66060.0,6354.0,577.0,1,standard,month-to-month,e_check,north,0,paid
CUST106638,user6638@example.com,51.0,42.1,104.02,43194.0,12961.0,723.0,2,premium,two-year,mailed_check,south,0,paid
CUST106639,user6639@example.com,50.0,69.1,37.23,41162.0,8394.0,,3,standard,month-to-month,e_check,east,0,paid
CUST106640,user6640@example.com,49.0,24.5,122.54,63829.0,3275.0,592.0,3,family,month-to-month,mailed_check,east,1,overdue
CUST106641,user6641@example.com,39.0,29.8,116.9,12000.0,4027.0,609.0,1,basic,month-to-month,mailed_check,north,0,paid
CUST106642,user6642@example.com,35.0,10.5,123.37,55042.0,13793.0,477.0,0,standard,month-to-month,mailed_check,east,0,paid
CUST106643,user6643@example.com,29.0,8.2,79.52,87689.0,25182.0,751.0,1,premium,month-to-month,credit_card,east,0,paid
CUST106644,user6644@example.com,35.0,0.7,61.46,12000.0,1335.0,,4,basic,one-year,e_check,south,0,paid
CUST106645,user6645@example.com,42.0,14.3,78.91,71457.0,23445.0,638.0,2,premium,month-to-month,mailed_check,east,1,overdue
CUST106646,user6646@example.com,33.0,18.2,92.71,65888.0,13083.0,595.0,3,basic,two-year,bank_transfer,west,1,overdue
CUST106647,user6647@example.com,43.0,5.1,53.73,26238.0,1320.0,675.0,1,standard,month-to-month,credit_card,east,0,paid
CUST106648,user6648@example.com,30.0,2.3,42.47,65410.0,31332.0,721.0,3,standard,month-to-month,credit_card,north,0,paid
CUST106649,user6649@example.com,22.0,16.2,62.9,75028.0,29660.0,628.0,1,premium,two-year,mailed_check,east,0,paid
CUST106650,user6650@example.com,52.0,22.7,50.69,31468.0,10710.0,727.0,2,family,two-year,mailed_check,south,0,paid
CUST106651,user6651@example.com,36.0,120.0,101.02,40856.0,16021.0,672.0,4,family,month-to-month,credit_card,north,0,paid
CUST106652,user6652@example.com,32.0,35.8,54.59,55522.0,12660.0,643.0,2,standard,month-to-month,mailed_check,west,1,overdue
CUST106653,user6653@example.com,29.0,1.1,72.39,74553.0,8773.0,723.0,4,standard,month-to-month,e_check,west,0,paid
CUST106654,user6654@example.com,47.0,15.8,94.58,44178.0,10881.0,609.0,1,standard,month-to-month,bank_transfer,west,1,overdue
CUST106655,user6655@example.com,58.0,1.2,102.0,54158.0,26206.0,550.0,2,premium,month-to-month,bank_transfer,west,1,overdue
CUST106656,user6656@example.com,37.0,7.6,75.21,41702.0,16036.0,646.0,2,premium,month-to-month,credit_card,west,1,unpaid
CUST106657,user6657@example.com,39.0,9.8,79.61,55491.0,26923.0,653.0,1,basic,month-to-month,bank_transfer,north,1,overdue
CUST106658,user6658@example.com,55.0,26.2,44.58,75934.0,41479.0,632.0,2,premium,month-to-month,credit_card,west,0,paid
CUST106659,user6659@example.com,20.0,41.8,95.58,57118.0,10699.0,745.0,2,basic,month-to-month,bank_transfer,east,1,overdue
CUST106660,user6660@example.com,66.0,14.6,101.59,47851.0,26458.0,690.0,1,basic,month-to-month,credit_card,south,0,paid
CUST106661,user6661@example.com,71.0,12.7,23.24,54345.0,22522.0,641.0,2,premium,month-to-month,e_check,north,1,unpaid
CUST106662,user6662@example.com,18.0,20.2,114.07,38987.0,13974.0,650.0,0,standard,month-to-month,e_check,north,1,unpaid
CUST106663,user6663@example.com,41.0,6.7,52.48,35112.0,11473.0,,1,standard,month-to-month,bank_transfer,north,1,overdue
CUST106664,user6664@example.com,33.0,9.5,84.87,79068.0,24337.0,692.0,3,standard,one-year,mailed_check,south,0,paid
CUST106665,user6665@example.com,39.0,23.1,71.94,87754.0,7954.0,654.0,2,basic,month-to-month,mailed_check,north,0,paid
CUST106666,user6666@example.com,37.0,7.5,68.49,19170.0,1535.0,638.0,1,standard,one-year,mailed_check,south,0,paid
CUST106667,user6667@example.com,52.0,1.5,64.84,66643.0,15464.0,543.0,4,basic,two-year,credit_card,west,1,overdue
CUST106668,user6668@example.com,41.0,10.2,45.19,72179.0,11690.0,593.0,2,standard,two-year,bank_transfer,south,1,unpaid
CUST106669,user6669@example.com,31.0,8.6,83.1,30766.0,3004.0,672.0,3,standard,month-to-month,credit_card,east,1,overdue
CUST106670,user6670@example.com,40.0,6.5,62.85,45565.0,2891.0,665.0,2,standard,two-year,credit_card,east,1,overdue
CUST106671,user6671@example.com,48.0,0.9,37.26,43459.0,25559.0,531.0,2,basic,two-year,credit_card,east,0,paid
CUST106672,user6672@example.com,28.0,84.2,44.12,93019.0,15502.0,605.0,1,standard,month-to-month,e_check,south,1,overdue
CUST106673,user6673@example.com,22.0,5.9,37.69,88049.0,52088.0,576.0,2,standard,two-year,mailed_check,north,1,overdue
CUST106674,user6674@example.com,66.0,24.7,56.89,36576.0,12783.0,759.0,5,standard,two-year,credit_card,north,0,paid
CUST106675,user6675@example.com,34.0,9.6,82.13,25815.0,4014.0,670.0,1,family,one-year,e_check,north,1,unpaid
CUST106676,user6676@example.com,40.0,60.0,52.22,70460.0,9154.0,684.0,1,premium,one-year,bank_transfer,north,1,overdue
CUST106677,user6677@example.com,37.0,2.6,94.39,65879.0,10570.0,645.0,0,premium,two-year,e_check,north,1,overdue
CUST106678,user6678@example.com,49.0,53.9,67.02,79880.0,19976.0,600.0,4,premium,month-to-month,bank_transfer,north,0,paid
CUST106679,user6679@example.com,63.0,1.4,62.76,33819.0,5504.0,614.0,2,basic,one-year,mailed_check,south,1,overdue
CUST106680,user6680@example.com,49.0,48.2,70.42,69471.0,35111.0,689.0,3,standard,two-year,credit_card,north,0,paid
CUST106681,user6681@example.com,24.0,34.8,104.88,40365.0,10167.0,629.0,3,premium,month-to-month,bank_transfer,west,1,overdue
CUST106682,user6682@example.com,25.0,17.4,35.72,67463.0,22925.0,690.0,2,standard,month-to-month,e_check,east,1,overdue
CUST106683,user6683@example.com,37.0,28.0,111.41,54258.0,17670.0,661.0,1,family,month-to-month,bank_transfer,north,0,paid
CUST106684,user6684@example.com,39.0,3.0,94.0,93012.0,38390.0,674.0,1,standard,two-year,mailed_check,north,1,overdue
CUST106685,user6685@example.com,21.0,21.7,69.46,63948.0,38277.0,678.0,4,standard,one-year,credit_card,north,0,paid
CUST106686,user6686@example.com,52.0,46.3,99.58,48720.0,14322.0,608.0,0,basic,month-to-month,e_check,north,0,paid
CUST106687,user6687@example.com,29.0,101.2,61.94,57759.0,13138.0,625.0,1,basic,month-to-month,bank_transfer,north,0,paid
CUST106688,user6688@example.com,60.0,1.8,77.14,52990.0,31038.0,,2,basic,one-year,credit_card,north,1,unpaid
CUST106689,user6689@example.com,64.0,27.0,56.46,31911.0,19105.0,796.0,2,basic,month-to-month,bank_transfer,west,1,overdue
CUST106690,user6690@example.com,39.0,7.4,94.16,93498.0,44833.0,723.0,1,standard,two-year,e_check,east,0,paid
CUST106691,user6691@example.com,47.0,8.8,52.32,86974.0,42506.0,427.0,1,basic,month-to-month,credit_card,north,0,paid
CUST106692,user6692@example.com,27.0,11.3,68.72,51474.0,14105.0,589.0,1,basic,one-year,e_check,north,0,paid
CUST106693,user6693@example.com,49.0,19.0,86.98,68998.0,23901.0,659.0,3,standard,two-year,mailed_check,north,0,overdue
CUST106694,user6694@example.com,36.0,72.0,96.2,96029.0,23383.0,562.0,0,premium,one-year,credit_card,west,0,paid
CUST106695,user6695@example.com,29.0,3.9,49.47,79738.0,31127.0,558.0,2,basic,month-to-month,e_check,east,1,unpaid
CUST106696,user6696@example.com,39.0,27.6,88.83,48852.0,24629.0,617.0,2,standard,one-year,mailed_check,south,0,paid
CUST106697,user6697@example.com,36.0,0.7,45.45,53241.0,13616.0,678.0,1,basic,two-year,mailed_check,east,0,paid
CUST106698,user6698@example.com,38.0,19.6,16.24,20649.0,7111.0,699.0,2,family,two-year,bank_transfer,south,0,paid
CUST106699,user6699@example.com,53.0,3.5,51.3,70495.0,33572.0,621.0,1,standard,month-to-month,e_check,south,1,overdue
CUST106700,user6700@example.com,33.0,19.9,90.87,79857.0,13166.0,,2,standard,month-to-month,bank_transfer,south,1,unpaid
CUST106701,user6701@example.com,63.0,27.4,69.69,79994.0,30854.0,583.0,1,standard,one-year,e_check,west,1,unpaid
CUST106702,user6702@example.com,26.0,14.3,56.63,69021.0,32900.0,691.0,2,premium,month-to-month,credit_card,west,1,unpaid
CUST106703,user6703@example.com,61.0,11.1,71.39,62047.0,4882.0,685.0,1,standard,month-to-month,e_check,east,1,overdue
CUST106704,user6704@example.com,30.0,16.6,70.56,35044.0,6642.0,723.0,0,family,month-to-month,bank_transfer,west,0,paid
CUST106705,user6705@example.com,42.0,11.2,85.55,61394.0,3923.0,660.0,1,standard,two-year,e_check,north,0,paid
CUST106706,user6706@example.com,36.0,40.2,29.71,42367.0,2268.0,545.0,3,premium,month-to-month,mailed_check,east,1,unpaid
CUST106707,user6707@example.com,38.0,28.2,67.44,65504.0,20482.0,622.0,1,basic,month-to-month,bank_transfer,south,1,overdue
CUST106708,user6708@example.com,52.0,18.1,73.11,39723.0,17294.0,719.0,2,basic,two-year,bank_transfer,north,0,paid
CUST106709,user6709@example.com,60.0,20.5,35.87,65376.0,17042.0,511.0,1,standard,month-to-month,e_check,west,0,paid
CUST106710,user6710@example.com,56.0,12.1,35.52,81462.0,31901.0,643.0,0,basic,two-year,bank_transfer,west,0,paid
CUST106711,user6711@example.com,37.0,3.7,60.88,62543.0,9714.0,673.0,2,basic,month-to-month,mailed_check,north,1,overdue
CUST106712,user6712@example.com,44.0,5.6,70.21,61569.0,31402.0,810.0,1,basic,month-to-month,bank_transfer,east,0,paid
CUST106713,user6713@example.com,33.0,15.7,70.3,73261.0,18273.0,602.0,2,basic,month-to-month,mailed_check,west,1,overdue
CUST106714,user6714@example.com,30.0,2.1,56.09,90407.0,39685.0,640.0,0,standard,two-year,mailed_check,east,1,overdue
CUST106715,user6715@example.com,28.0,56.7,55.07,52854.0,6420.0,785.0,1,basic,one-year,e_check,east,0,paid
CUST106716,user6716@example.com,37.0,33.9,60.12,65420.0,32708.0,603.0,1,family,two-year,e_check,south,0,paid
CUST106717,user6717@example.com,45.0,30.0,77.46,85225.0,28545.0,736.0,0,basic,month-to-month,mailed_check,south,0,paid
CUST106718,user6718@example.com,19.0,30.1,101.12,68386.0,39913.0,681.0,2,family,month-to-month,mailed_check,west,1,overdue
CUST106719,user6719@example.com,41.0,2.2,14.49,14952.0,4081.0,632.0,2,standard,month-to-month,credit_card,north,0,paid
CUST106720,user6720@example.com,60.0,14.2,85.58,40688.0,21571.0,686.0,3,premium,month-to-month,bank_transfer,north,0,paid
CUST106721,user6721@example.com,55.0,53.9,67.22,70021.0,19372.0,638.0,2,standard,month-to-month,bank_transfer,south,0,paid
CUST106722,user6722@example.com,35.0,22.8,83.14,46997.0,5139.0,831.0,2,basic,two-year,mailed_check,south,0,paid
CUST106723,user6723@example.com,25.0,27.2,99.64,83807.0,35886.0,485.0,3,standard,one-year,e_check,north,0,paid
CUST106724,user6724@example.com,48.0,120.0,51.12,92158.0,13882.0,627.0,1,basic,month-to-month,credit_card,east,0,paid
CUST106725,user6725@example.com,18.0,1.8,93.61,43195.0,21162.0,630.0,2,premium,month-to-month,credit_card,east,1,unpaid
CUST106726,user6726@example.com,55.0,5.4,38.65,34350.0,8044.0,639.0,0,premium,month-to-month,bank_transfer,west,0,paid
CUST106727,user6727@example.com,39.0,6.4,73.19,47776.0,22265.0,736.0,3,standard,one-year,e_check,south,1,unpaid
CUST106728,user6728@example.com,64.0,17.5,63.94,46622.0,14676.0,614.0,1,standard,month-to-month,e_check,south,0,paid
CUST106729,user6729@example.com,21.0,89.4,71.16,85722.0,29604.0,689.0,2,basic,month-to-month,mailed_check,west,1,overdue
CUST106730,user6730@example.com,53.0,11.0,45.27,34293.0,15571.0,669.0,3,basic,two-year,bank_transfer,south,0,paid
CUST106731,user6731@example.com,41.0,71.9,80.92,69849.0,29042.0,717.0,1,basic,month-to-month,credit_card,north,0,paid
CUST106732,user6732@example.com,38.0,0.5,109.66,82757.0,34370.0,639.0,2,standard,month-to-month,bank_transfer,east,0,paid
CUST106733,user6733@example.com,26.0,29.7,45.7,71384.0,29440.0,676.0,3,premium,month-to-month,e_check,south,0,paid
CUST106734,user6734@example.com,49.0,44.9,74.74,63729.0,23701.0,640.0,1,basic,month-to-month,bank_transfer,east,0,paid
CUST106735,user6735@example.com,50.0,6.3,91.4,51756.0,25565.0,571.0,1,standard,month-to-month,credit_card,east,1,unpaid
CUST106736,user6736@example.com,63.0,7.0,62.58,91980.0,19777.0,778.0,2,basic,month-to-month,mailed_check,west,1,overdue
CUST106737,user6737@example.com,54.0,40.8,104.01,50095.0,7507.0,589.0,1,standard,month-to-month,credit_card,west,0,paid
CUST106738,user6738@example.com,35.0,13.2,59.26,73966.0,33605.0,612.0,0,basic,one-year,e_check,west,0,paid
CUST106739,user6739@example.com,30.0,15.8,67.09,51825.0,17978.0,581.0,4,basic,two-year,credit_card,north,0,paid
CUST106740,user6740@example.com,26.0,23.2,45.17,18166.0,9907.0,682.0,3,basic,month-to-month,mailed_check,west,1,overdue
CUST106741,user6741@example.com,60.0,13.2,73.16,49607.0,28812.0,612.0,1,standard,one-year,credit_card,west,0,paid
CUST106742,user6742@example.com,33.0,24.7,70.08,51874.0,27334.0,771.0,2,standard,month-to-month,e_check,north,0,paid
CUST106743,user6743@example.com,60.0,5.4,85.9,52132.0,18307.0,693.0,4,basic,month-to-month,mailed_check,west,0,paid
CUST106744,user6744@example.com,48.0,65.7,54.09,41794.0,19424.0,628.0,0,basic,month-to-month,credit_card,south,0,paid
CUST106745,user6745@example.com,46.0,57.0,52.95,67515.0,15791.0,577.0,2,standard,month-to-month,e_check,south,0,paid
CUST106746,user6746@example.com,38.0,12.7,81.56,69742.0,4053.0,641.0,0,standard,one-year,mailed_check,east,0,paid
CUST106747,user6747@example.com,50.0,3.3,104.93,48884.0,23428.0,692.0,1,basic,one-year,credit_card,south,1,overdue
CUST106748,user6748@example.com,42.0,11.6,85.73,48716.0,23375.0,646.0,4,premium,month-to-month,bank_transfer,south,1,overdue
CUST106749,user6749@example.com,38.0,7.7,116.19,,1850.0,639.0,2,standard,one-year,mailed_check,south,0,paid
CUST106750,user6750@example.com,50.0,3.9,83.88,60087.0,31545.0,568.0,3,premium,month-to-month,mailed_check,south,1,overdue
CUST106751,user6751@example.com,40.0,19.9,82.98,82558.0,44152.0,829.0,0,family,month-to-month,bank_transfer,south,0,paid
CUST106752,user6752@example.com,32.0,11.9,86.98,82572.0,18691.0,634.0,3,standard,month-to-month,credit_card,east,1,overdue
CUST106753,user6753@example.com,49.0,22.1,107.2,43017.0,2559.0,540.0,2,basic,one-year,e_check,west,0,paid
CUST106754,user6754@example.com,41.0,12.8,100.94,94824.0,50428.0,564.0,2,standard,month-to-month,credit_card,north,1,overdue
CUST106755,user6755@example.com,48.0,91.0,42.88,47757.0,4240.0,622.0,0,standard,two-year,e_check,east,0,paid
CUST106756,user6756@example.com,37.0,1.5,90.01,34681.0,6163.0,806.0,3,basic,month-to-month,bank_transfer,south,0,paid
CUST106757,user6757@example.com,27.0,38.9,76.63,27763.0,9673.0,636.0,0,basic,two-year,mailed_check,west,0,paid
CUST106758,user6758@example.com,63.0,12.4,65.15,33475.0,16707.0,620.0,2,basic,month-to-month,bank_transfer,north,1,overdue
CUST106759,user6759@example.com,61.0,1.9,25.68,61675.0,29604.0,718.0,1,standard,two-year,e_check,south,0,paid
CUST106760,user6760@example.com,53.0,30.9,31.5,49851.0,21169.0,723.0,2,standard,month-to-month,credit_card,south,1,overdue
CUST106761,user6761@example.com,37.0,13.4,60.89,42360.0,21424.0,703.0,0,family,month-to-month,e_check,east,1,unpaid
CUST106762,user6762@example.com,38.0,33.0,33.39,38052.0,16248.0,666.0,1,standard,month-to-month,bank_transfer,north,1,overdue
CUST106763,user6763@example.com,59.0,22.0,61.41,33278.0,13335.0,562.0,1,basic,month-to-month,credit_card,east,1,overdue
CUST106764,user6764@example.com,38.0,45.5,87.86,37203.0,5291.0,590.0,2,premium,one-year,e_check,west,1,overdue
CUST106765,user6765@example.com,34.0,13.8,55.48,75308.0,21987.0,523.0,1,family,two-year,credit_card,south,0,paid
CUST106766,user6766@example.com,64.0,71.6,72.09,91067.0,27162.0,632.0,0,standard,month-to-month,mailed_check,south,0,paid
CUST106767,user6767@example.com,41.0,12.6,43.25,92303.0,5554.0,616.0,0,premium,month-to-month,bank_transfer,west,0,paid
CUST106768,user6768@example.com,63.0,0.8,77.47,68742.0,18769.0,,1,premium,month-to-month,bank_transfer,south,1,overdue
CUST106769,user6769@example.com,25.0,120.0,82.7,45154.0,7897.0,672.0,2,basic,two-year,e_check,east,1,unpaid
CUST106770,user6770@example.com,48.0,12.9,34.43,41644.0,4136.0,597.0,1,basic,month-to-month,e_check,north,1,overdue
CUST106771,user6771@example.com,67.0,9.1,51.2,70123.0,24576.0,623.0,2,standard,month-to-month,mailed_check,east,1,overdue
CUST106772,user6772@example.com,42.0,5.9,38.32,50073.0,9031.0,611.0,1,family,month-to-month,bank_transfer,west,0,paid
CUST106773,user6773@example.com,39.0,11.0,82.73,63238.0,9783.0,647.0,0,basic,month-to-month,credit_card,north,1,overdue
CUST106774,user6774@example.com,28.0,17.3,74.1,93609.0,45188.0,679.0,2,family,month-to-month,mailed_check,west,0,paid
CUST106775,user6775@example.com,55.0,10.6,68.76,59337.0,29404.0,542.0,0,basic,one-year,mailed_check,west,1,overdue
CUST106776,user6776@example.com,33.0,18.8,66.79,100557.0,41577.0,686.0,1,standard,month-to-month,bank_transfer,north,1,overdue
CUST106777,user6777@example.com,41.0,11.8,78.07,32463.0,5010.0,671.0,1,standard,two-year,bank_transfer,east,0,paid
CUST106778,user6778@example.com,27.0,20.7,78.57,63948.0,25450.0,683.0,1,basic,one-year,e_check,east,1,overdue
CUST106779,user6779@example.com,61.0,2.5,57.61,61275.0,27103.0,661.0,0,basic,month-to-month,mailed_check,north,1,unpaid
CUST106780,user6780@example.com,56.0,4.8,54.11,35318.0,6298.0,679.0,2,basic,month-to-month,credit_card,north,0,paid
CUST106781,user6781@example.com,42.0,8.3,68.53,71033.0,8746.0,617.0,0,standard,month-to-month,bank_transfer,south,1,overdue
CUST106782,user6782@example.com,28.0,10.4,65.26,85616.0,24695.0,685.0,2,basic,month-to-month,bank_transfer,east,1,overdue
CUST106783,user6783@example.com,60.0,10.2,121.52,99053.0,28069.0,742.0,1,standard,two-year,bank_transfer,south,0,paid
CUST106784,user6784@example.com,38.0,21.1,60.4,63226.0,8492.0,610.0,1,standard,month-to-month,e_check,north,0,paid
CUST106785,user6785@example.com,29.0,115.1,77.24,16998.0,2642.0,613.0,1,standard,month-to-month,e_check,west,1,overdue
CUST106786,user6786@example.com,21.0,10.2,81.65,64540.0,20962.0,700.0,0,basic,two-year,mailed_check,west,0,paid
CUST106787,user6787@example.com,34.0,64.6,105.01,69839.0,23751.0,606.0,1,standard,month-to-month,mailed_check,west,0,paid
CUST106788,user6788@example.com,25.0,40.1,49.72,50296.0,17394.0,592.0,1,premium,month-to-month,bank_transfer,west,0,paid
CUST106789,user6789@example.com,35.0,45.9,103.49,59302.0,34995.0,684.0,0,standard,month-to-month,credit_card,east,1,overdue
CUST106790,user6790@example.com,51.0,11.5,66.32,45331.0,3254.0,616.0,0,standard,two-year,credit_card,south,0,paid
CUST106791,user6791@example.com,37.0,24.1,132.53,52326.0,25245.0,748.0,6,basic,month-to-month,mailed_check,west,0,paid
CUST106792,user6792@example.com,46.0,32.7,79.07,75350.0,18347.0,613.0,1,premium,one-year,credit_card,west,1,overdue
CUST106793,user6793@example.com,33.0,4.6,39.28,82780.0,38418.0,584.0,1,standard,one-year,mailed_check,east,0,paid
CUST106794,user6794@example.com,43.0,51.0,65.07,29586.0,13447.0,650.0,1,basic,month-to-month,bank_transfer,north,0,paid
CUST106795,user6795@example.com,65.0,10.0,103.41,44774.0,17503.0,,4,premium,month-to-month,bank_transfer,north,1,overdue
CUST106796,user6796@example.com,38.0,6.3,72.04,23231.0,9226.0,676.0,3,basic,month-to-month,e_check,west,1,unpaid
CUST106797,user6797@example.com,47.0,42.0,68.51,91766.0,38081.0,693.0,2,basic,month-to-month,credit_card,north,0,overdue
CUST106798,user6798@example.com,23.0,38.2,87.97,72416.0,33397.0,606.0,1,standard,one-year,credit_card,south,0,paid
CUST106799,user6799@example.com,60.0,28.7,61.38,,1833.0,741.0,1,basic,one-year,e_check,south,1,overdue
CUST106800,user6800@example.com,36.0,0.0,64.73,53709.0,13345.0,518.0,5,basic,one-year,bank_transfer,west,1,overdue
CUST106801,user6801@example.com,55.0,18.3,46.38,49331.0,25312.0,588.0,1,standard,two-year,credit_card,north,0,paid
CUST106802,user6802@example.com,41.0,5.1,113.22,39881.0,14012.0,653.0,0,basic,two-year,bank_transfer,south,0,paid
CUST106803,user6803@example.com,49.0,4.8,39.43,75726.0,9490.0,594.0,0,basic,two-year,credit_card,west,1,unpaid
CUST106804,user6804@example.com,50.0,50.7,74.24,75268.0,43573.0,625.0,2,basic,one-year,mailed_check,south,0,paid
CUST106805,user6805@example.com,37.0,8.1,82.0,60389.0,35829.0,571.0,5,standard,month-to-month,e_check,north,1,overdue
CUST106806,user6806@example.com,55.0,22.1,69.66,42167.0,13998.0,633.0,1,family,month-to-month,mailed_check,south,0,paid
CUST106807,user6807@example.com,33.0,9.8,38.65,42335.0,14532.0,687.0,2,standard,month-to-month,bank_transfer,north,0,paid
CUST106808,user6808@example.com,51.0,9.0,45.03,55879.0,11769.0,607.0,0,family,two-year,mailed_check,west,0,paid
CUST106809,user6809@example.com,37.0,17.0,83.06,45857.0,15311.0,580.0,1,family,month-to-month,bank_transfer,west,1,unpaid
CUST106810,user6810@example.com,46.0,5.5,50.5,54884.0,31988.0,613.0,5,premium,month-to-month,bank_transfer,west,1,unpaid
CUST106811,user6811@example.com,36.0,70.8,18.2,66162.0,12572.0,,3,standard,month-to-month,mailed_check,north,0,paid
CUST106812,user6812@example.com,43.0,9.9,79.67,24329.0,5293.0,738.0,1,standard,month-to-month,bank_transfer,south,0,paid
CUST106813,user6813@example.com,29.0,49.7,48.19,39836.0,21656.0,612.0,2,standard,two-year,credit_card,north,0,paid
CUST106814,user6814@example.com,45.0,10.4,85.78,54326.0,14202.0,691.0,3,basic,two-year,e_check,south,1,unpaid
CUST106815,user6815@example.com,43.0,16.8,64.96,86307.0,50480.0,649.0,1,basic,month-to-month,bank_transfer,east,1,overdue
CUST106816,user6816@example.com,36.0,0.8,63.75,71907.0,17421.0,753.0,0,family,two-year,mailed_check,south,0,paid
CUST106817,user6817@example.com,41.0,27.6,71.31,54928.0,2886.0,665.0,2,standard,one-year,e_check,north,0,paid
CUST106818,user6818@example.com,44.0,53.8,41.54,63046.0,36223.0,634.0,1,premium,month-to-month,mailed_check,north,0,paid
CUST106819,user6819@example.com,35.0,47.7,49.36,52970.0,9553.0,778.0,0,basic,month-to-month,e_check,south,0,paid
CUST106820,user6820@example.com,40.0,23.2,63.5,76544.0,33049.0,576.0,1,basic,month-to-month,credit_card,west,1,overdue
CUST106821,user6821@example.com,30.0,3.7,41.39,63675.0,4843.0,676.0,0,basic,month-to-month,e_check,south,0,paid
CUST106822,user6822@example.com,70.0,23.3,87.85,80576.0,37189.0,759.0,1,premium,one-year,e_check,east,0,paid
CUST106823,user6823@example.com,55.0,9.5,62.32,27893.0,4771.0,703.0,1,basic,month-to-month,mailed_check,west,1,unpaid
CUST106824,user6824@example.com,45.0,11.2,33.76,38876.0,19055.0,589.0,0,premium,two-year,credit_card,north,0,paid
CUST106825,user6825@example.com,56.0,53.9,56.02,60491.0,35184.0,585.0,4,premium,one-year,bank_transfer,north,1,overdue
CUST106826,user6826@example.com,18.0,26.8,72.53,64870.0,4857.0,537.0,2,basic,month-to-month,credit_card,east,0,paid
CUST106827,user6827@example.com,18.0,14.8,58.85,103007.0,25998.0,769.0,1,basic,month-to-month,bank_transfer,north,1,overdue
CUST106828,user6828@example.com,37.0,88.5,80.0,18845.0,8361.0,559.0,1,standard,month-to-month,mailed_check,south,1,overdue
CUST106829,user6829@example.com,25.0,5.2,84.35,,32497.0,707.0,2,premium,two-year,bank_transfer,west,0,paid
CUST106830,user6830@example.com,39.0,14.5,130.04,53442.0,13343.0,536.0,2,premium,month-to-month,credit_card,west,1,overdue
CUST106831,user6831@example.com,44.0,3.9,98.77,59757.0,35689.0,,2,standard,two-year,bank_transfer,south,0,paid
CUST106832,user6832@example.com,53.0,43.3,29.09,89665.0,48827.0,542.0,1,standard,one-year,e_check,north,1,unpaid
CUST106833,user6833@example.com,28.0,2.9,60.99,72526.0,32319.0,653.0,2,family,one-year,bank_transfer,east,0,paid
CUST106834,user6834@example.com,47.0,55.9,63.33,22920.0,5960.0,747.0,1,standard,one-year,credit_card,south,0,paid
CUST106835,user6835@example.com,42.0,11.8,84.38,85675.0,29584.0,594.0,1,basic,one-year,bank_transfer,north,0,paid
CUST106836,user6836@example.com,46.0,2.2,46.66,85117.0,37979.0,695.0,2,basic,month-to-month,e_check,west,0,paid
CUST106837,user6837@example.com,36.0,5.2,56.72,60261.0,25741.0,627.0,3,standard,month-to-month,bank_transfer,west,1,unpaid
CUST106838,user6838@example.com,59.0,27.9,38.89,22645.0,4724.0,681.0,2,basic,month-to-month,bank_transfer,north,1,overdue
CUST106839,user6839@example.com,41.0,5.4,54.94,51968.0,18525.0,736.0,2,premium,one-year,mailed_check,east,1,unpaid
CUST106840,user6840@example.com,63.0,10.5,55.88,64375.0,32784.0,616.0,3,standard,month-to-month,e_check,south,1,overdue
CUST106841,user6841@example.com,33.0,6.9,62.17,74931.0,23325.0,770.0,0,premium,month-to-month,bank_transfer,east,1,unpaid
CUST106842,user6842@example.com,51.0,40.2,40.34,19591.0,7081.0,678.0,4,family,month-to-month,mailed_check,north,0,paid
CUST106843,user6843@example.com,41.0,21.9,94.55,39618.0,9118.0,806.0,0,standard,month-to-month,bank_transfer,east,0,paid
CUST106844,user6844@example.com,38.0,41.2,81.81,76960.0,10625.0,583.0,2,premium,month-to-month,credit_card,north,0,paid
CUST106845,user6845@example.com,50.0,2.2,33.78,85035.0,7338.0,599.0,0,premium,one-year,bank_transfer,south,1,overdue
CUST106846,user6846@example.com,38.0,9.4,70.65,63611.0,17387.0,631.0,2,basic,one-year,mailed_check,south,0,paid
CUST106847,user6847@example.com,18.0,2.0,30.87,77970.0,30991.0,553.0,0,basic,month-to-month,bank_transfer,south,0,paid
CUST106848,user6848@example.com,18.0,13.0,103.56,64106.0,30002.0,724.0,0,basic,month-to-month,credit_card,south,1,overdue
CUST106849,user6849@example.com,57.0,8.3,110.35,74262.0,7146.0,,1,premium,month-to-month,bank_transfer,south,1,overdue
CUST106850,user6850@example.com,57.0,0.2,68.61,57902.0,13038.0,558.0,0,family,month-to-month,mailed_check,north,1,unpaid
CUST106851,user6851@example.com,65.0,5.7,48.68,64599.0,31934.0,584.0,1,standard,two-year,mailed_check,west,0,paid
CUST106852,user6852@example.com,42.0,6.4,53.39,30564.0,3415.0,580.0,2,standard,month-to-month,mailed_check,west,1,unpaid
CUST106853,user6853@example.com,26.0,22.2,58.66,69443.0,41409.0,724.0,0,basic,month-to-month,bank_transfer,north,0,paid
CUST106854,user6854@example.com,37.0,0.7,67.33,29953.0,11921.0,687.0,1,premium,month-to-month,mailed_check,east,1,unpaid
CUST106855,user6855@example.com,42.0,105.5,104.26,69420.0,39362.0,639.0,3,basic,one-year,bank_transfer,south,0,overdue
CUST106856,user6856@example.com,30.0,26.6,93.89,46220.0,20876.0,621.0,0,basic,one-year,bank_transfer,west,0,paid
CUST106857,user6857@example.com,62.0,31.5,94.28,62400.0,36200.0,631.0,0,family,month-to-month,bank_transfer,west,0,paid
CUST106858,user6858@example.com,69.0,6.9,74.26,35944.0,14950.0,,0,basic,month-to-month,e_check,east,1,overdue
CUST106859,user6859@example.com,48.0,14.0,41.16,44928.0,8871.0,631.0,1,standard,two-year,e_check,north,0,paid
CUST106860,user6860@example.com,42.0,67.6,50.75,62359.0,30565.0,719.0,1,standard,month-to-month,mailed_check,west,1,unpaid
CUST106861,user6861@example.com,26.0,19.0,71.52,70087.0,12219.0,624.0,1,basic,month-to-month,e_check,west,0,paid
CUST106862,user6862@example.com,61.0,86.9,39.97,76876.0,27733.0,785.0,5,premium,month-to-month,credit_card,west,0,paid
CUST106863,user6863@example.com,43.0,3.0,77.6,31999.0,8165.0,552.0,1,family,month-to-month,credit_card,east,1,unpaid
CUST106864,user6864@example.com,39.0,120.0,90.13,24977.0,12227.0,715.0,2,standard,month-to-month,credit_card,east,0,paid
CUST106865,user6865@example.com,48.0,15.3,83.63,35494.0,16601.0,589.0,0,basic,month-to-month,bank_transfer,north,0,paid
CUST106866,user6866@example.com,35.0,2.3,82.63,33688.0,17691.0,827.0,3,premium,one-year,credit_card,north,0,paid
CUST106867,user6867@example.com,44.0,61.4,23.34,86337.0,16043.0,706.0,6,basic,one-year,credit_card,north,0,paid
CUST106868,user6868@example.com,25.0,6.1,103.33,81804.0,48973.0,514.0,1,premium,two-year,e_check,south,1,overdue
CUST106869,user6869@example.com,55.0,16.3,30.82,35068.0,17287.0,575.0,2,premium,two-year,credit_card,north,0,paid
CUST106870,user6870@example.com,41.0,2.7,66.18,89206.0,23433.0,705.0,1,premium,two-year,e_check,south,1,overdue
CUST106871,user6871@example.com,56.0,13.9,85.46,80610.0,9691.0,703.0,2,premium,month-to-month,credit_card,north,1,overdue
CUST106872,user6872@example.com,40.0,2.6,78.96,22408.0,5427.0,697.0,4,family,month-to-month,credit_card,west,1,overdue
CUST106873,user6873@example.com,40.0,8.9,38.05,34395.0,3728.0,663.0,1,premium,month-to-month,credit_card,east,0,paid
CUST106874,user6874@example.com,27.0,11.1,42.54,21815.0,8474.0,624.0,1,family,two-year,e_check,north,0,paid
CUST106875,user6875@example.com,51.0,41.5,77.18,53268.0,5972.0,737.0,3,standard,one-year,credit_card,west,1,unpaid
CUST106876,user6876@example.com,31.0,9.2,82.77,55348.0,15873.0,581.0,1,basic,one-year,mailed_check,north,1,overdue
CUST106877,user6877@example.com,36.0,8.9,42.32,55311.0,23074.0,654.0,0,family,month-to-month,credit_card,north,1,unpaid
CUST106878,user6878@example.com,42.0,16.6,79.81,14465.0,4328.0,600.0,0,basic,two-year,bank_transfer,east,0,paid
CUST106879,user6879@example.com,43.0,3.1,32.12,26455.0,14151.0,594.0,4,standard,month-to-month,bank_transfer,north,1,unpaid
CUST106880,user6880@example.com,22.0,14.0,85.61,60203.0,10990.0,613.0,1,standard,one-year,credit_card,south,0,paid
CUST106881,user6881@example.com,39.0,13.7,47.9,67444.0,22806.0,591.0,0,standard,two-year,credit_card,north,0,paid
CUST106882,user6882@example.com,52.0,26.7,72.01,14604.0,8065.0,694.0,1,basic,month-to-month,bank_transfer,north,0,paid
CUST106883,user6883@example.com,37.0,2.7,67.82,29377.0,7176.0,532.0,2,basic,month-to-month,bank_transfer,north,0,paid
CUST106884,user6884@example.com,39.0,6.4,99.02,75448.0,23388.0,684.0,3,basic,two-year,bank_transfer,north,0,paid
CUST106885,user6885@example.com,44.0,41.1,76.05,30513.0,17181.0,599.0,0,family,month-to-month,bank_transfer,north,0,paid
CUST106886,user6886@example.com,40.0,12.8,55.02,54706.0,17759.0,652.0,1,standard,month-to-month,mailed_check,west,0,paid
CUST106887,user6887@example.com,30.0,13.8,78.99,28609.0,15029.0,637.0,1,basic,two-year,mailed_check,south,1,overdue
CUST106888,user6888@example.com,42.0,12.7,123.56,71630.0,40632.0,610.0,2,basic,month-to-month,bank_transfer,north,1,unpaid
CUST106889,user6889@example.com,54.0,4.4,88.5,14660.0,2798.0,747.0,1,basic,two-year,credit_card,east,0,paid
CUST106890,user6890@example.com,29.0,41.9,68.52,48911.0,23585.0,620.0,0,standard,two-year,bank_transfer,north,1,unpaid
CUST106891,user6891@example.com,38.0,45.6,49.16,73806.0,30228.0,706.0,2,basic,month-to-month,e_check,north,1,unpaid
CUST106892,user6892@example.com,25.0,14.4,54.59,67201.0,39829.0,707.0,2,basic,month-to-month,mailed_check,east,1,overdue
CUST106893,user6893@example.com,53.0,14.5,87.0,45718.0,17010.0,628.0,1,family,month-to-month,credit_card,south,1,overdue
CUST106894,user6894@example.com,41.0,26.6,47.85,41026.0,19940.0,549.0,3,standard,month-to-month,credit_card,west,0,paid
CUST106895,user6895@example.com,32.0,65.9,70.07,50342.0,12089.0,579.0,2,basic,month-to-month,mailed_check,north,0,paid
CUST106896,user6896@example.com,43.0,120.0,105.94,29213.0,11204.0,,0,premium,two-year,bank_transfer,south,0,overdue
CUST106897,user6897@example.com,28.0,4.1,73.76,53000.0,25346.0,689.0,0,basic,two-year,e_check,west,0,paid
CUST106898,user6898@example.com,30.0,8.7,43.02,53342.0,31035.0,661.0,0,basic,month-to-month,mailed_check,east,1,overdue
CUST106899,user6899@example.com,24.0,10.4,124.45,46641.0,8792.0,605.0,5,basic,month-to-month,mailed_check,east,1,overdue
CUST106900,user6900@example.com,29.0,24.3,114.06,75007.0,7005.0,789.0,1,standard,month-to-month,mailed_check,north,1,unpaid
CUST106901,user6901@example.com,58.0,33.4,82.53,33590.0,19716.0,581.0,1,basic,two-year,credit_card,north,1,unpaid
CUST106902,user6902@example.com,33.0,17.2,101.89,20912.0,7977.0,661.0,1,standard,month-to-month,bank_transfer,east,1,overdue
CUST106903,user6903@example.com,48.0,2.5,63.33,44494.0,2647.0,690.0,2,standard,month-to-month,e_check,north,1,overdue
CUST106904,user6904@example.com,32.0,9.2,88.11,57480.0,19313.0,546.0,2,basic,month-to-month,credit_card,east,1,overdue
CUST106905,user6905@example.com,51.0,38.2,59.41,52865.0,29860.0,589.0,2,standard,one-year,credit_card,south,0,paid
CUST106906,user6906@example.com,30.0,31.9,36.11,51977.0,30741.0,613.0,1,standard,one-year,e_check,south,0,paid
CUST106907,user6907@example.com,42.0,1.5,134.8,32473.0,7441.0,719.0,2,family,two-year,bank_transfer,east,1,unpaid
CUST106908,user6908@example.com,43.0,25.1,34.84,35349.0,16969.0,615.0,0,standard,month-to-month,credit_card,north,0,overdue
CUST106909,user6909@example.com,70.0,26.0,77.44,45233.0,13673.0,535.0,3,basic,month-to-month,mailed_check,west,1,unpaid
CUST106910,user6910@example.com,50.0,60.6,77.15,43656.0,11739.0,527.0,1,premium,month-to-month,bank_transfer,west,1,overdue
CUST106911,user6911@example.com,35.0,100.7,82.9,76962.0,35942.0,589.0,1,standard,month-to-month,bank_transfer,south,0,paid
CUST106912,user6912@example.com,50.0,0.1,67.76,60278.0,11964.0,531.0,2,basic,one-year,mailed_check,south,0,paid
CUST106913,user6913@example.com,68.0,30.4,68.02,44349.0,12618.0,711.0,0,basic,month-to-month,e_check,west,0,paid
CUST106914,user6914@example.com,22.0,24.1,73.46,76900.0,14272.0,715.0,2,standard,one-year,credit_card,east,1,overdue
CUST106915,user6915@example.com,32.0,0.2,82.0,63926.0,8211.0,651.0,4,basic,month-to-month,e_check,west,1,overdue
CUST106916,user6916@example.com,39.0,6.6,69.95,27849.0,7202.0,629.0,1,premium,month-to-month,mailed_check,east,1,unpaid
CUST106917,user6917@example.com,37.0,20.7,68.29,12000.0,6931.0,709.0,0,basic,month-to-month,bank_transfer,east,0,overdue
CUST106918,user6918@example.com,38.0,46.3,36.97,28475.0,7984.0,706.0,1,standard,two-year,bank_transfer,west,1,unpaid
CUST106919,user6919@example.com,26.0,78.0,120.34,66899.0,28484.0,571.0,0,standard,month-to-month,credit_card,east,0,paid
CUST106920,user6920@example.com,59.0,8.0,83.39,72830.0,15060.0,582.0,2,family,one-year,e_check,south,1,overdue
CUST106921,user6921@example.com,25.0,15.4,75.22,21795.0,11463.0,707.0,1,basic,two-year,mailed_check,west,0,overdue
CUST106922,user6922@example.com,40.0,29.8,54.39,68173.0,26839.0,672.0,2,standard,month-to-month,credit_card,west,0,paid
CUST106923,user6923@example.com,55.0,16.2,44.91,67415.0,38612.0,699.0,3,standard,month-to-month,e_check,east,1,overdue
CUST106924,user6924@example.com,42.0,29.7,91.5,,19007.0,578.0,1,standard,one-year,credit_card,south,0,paid
CUST106925,user6925@example.com,30.0,37.3,66.0,74008.0,25601.0,590.0,1,basic,month-to-month,mailed_check,east,1,overdue
CUST106926,user6926@example.com,26.0,46.4,85.53,82038.0,12722.0,687.0,2,basic,month-to-month,credit_card,east,1,unpaid
CUST106927,user6927@example.com,39.0,29.8,36.2,64767.0,8079.0,595.0,3,premium,month-to-month,e_check,east,1,unpaid
CUST106928,user6928@example.com,33.0,27.7,108.67,64098.0,23841.0,528.0,0,premium,month-to-month,mailed_check,south,0,paid
CUST106929,user6929@example.com,44.0,9.8,92.53,48254.0,23735.0,597.0,0,basic,month-to-month,credit_card,west,1,overdue
CUST106930,user6930@example.com,25.0,6.8,67.97,71405.0,11417.0,634.0,0,standard,one-year,e_check,east,0,paid
CUST106931,user6931@example.com,52.0,56.7,81.69,28352.0,12379.0,786.0,2,basic,month-to-month,bank_transfer,north,0,paid
CUST106932,user6932@example.com,43.0,26.4,88.53,52226.0,21901.0,583.0,1,basic,one-year,credit_card,north,0,paid
CUST106933,user6933@example.com,44.0,26.7,36.58,65798.0,20753.0,645.0,2,standard,month-to-month,bank_transfer,west,0,paid
CUST106934,user6934@example.com,59.0,2.4,111.95,83164.0,39237.0,813.0,0,basic,one-year,e_check,east,1,unpaid
CUST106935,user6935@example.com,37.0,30.7,82.08,45441.0,17115.0,563.0,1,standard,month-to-month,mailed_check,west,1,overdue
CUST106936,user6936@example.com,33.0,0.0,52.4,74332.0,42412.0,703.0,4,basic,one-year,e_check,south,1,overdue
CUST106937,user6937@example.com,35.0,9.2,42.59,51056.0,23998.0,593.0,0,standard,one-year,credit_card,south,0,paid
CUST106938,user6938@example.com,40.0,10.5,94.68,74741.0,40183.0,682.0,0,standard,month-to-month,e_check,south,1,overdue
CUST106939,user6939@example.com,41.0,35.2,75.28,38973.0,9695.0,837.0,1,basic,two-year,bank_transfer,north,0,paid
CUST106940,user6940@example.com,32.0,9.5,82.07,69519.0,34485.0,713.0,4,standard,one-year,bank_transfer,east,1,unpaid
CUST106941,user6941@example.com,18.0,23.2,70.67,53093.0,31623.0,662.0,2,standard,one-year,mailed_check,west,0,paid
CUST106942,user6942@example.com,35.0,25.1,44.93,31298.0,4379.0,574.0,0,standard,month-to-month,credit_card,east,0,overdue
CUST106943,user6943@example.com,46.0,96.7,82.72,51934.0,17198.0,636.0,2,premium,month-to-month,credit_card,west,0,paid
CUST106944,user6944@example.com,44.0,55.5,65.06,81434.0,42695.0,605.0,3,basic,month-to-month,credit_card,west,1,overdue
CUST106945,user6945@example.com,56.0,27.9,69.46,34616.0,9282.0,534.0,2,standard,month-to-month,e_check,east,1,overdue
CUST106946,user6946@example.com,65.0,6.0,129.43,,8342.0,,4,premium,month-to-month,bank_transfer,north,1,unpaid
CUST106947,user6947@example.com,51.0,25.2,91.73,62975.0,29044.0,584.0,0,standard,two-year,e_check,east,0,paid
CUST106948,user6948@example.com,59.0,16.8,93.17,,10799.0,647.0,1,standard,month-to-month,bank_transfer,east,0,paid
CUST106949,user6949@example.com,51.0,1.7,138.01,86267.0,13780.0,740.0,1,standard,month-to-month,bank_transfer,west,1,unpaid
CUST106950,user6950@example.com,63.0,33.8,79.61,85763.0,22737.0,591.0,0,basic,month-to-month,bank_transfer,east,0,paid
CUST106951,user6951@example.com,64.0,9.0,72.99,75766.0,20228.0,665.0,2,standard,month-to-month,credit_card,south,1,overdue
CUST106952,user6952@example.com,53.0,18.8,53.02,54775.0,7343.0,514.0,1,basic,two-year,bank_transfer,north,1,unpaid
CUST106953,user6953@example.com,50.0,30.8,58.69,88293.0,8841.0,586.0,1,basic,month-to-month,mailed_check,north,0,paid
CUST106954,user6954@example.com,40.0,50.1,18.82,81909.0,37644.0,454.0,2,premium,one-year,mailed_check,south,0,paid
CUST106955,user6955@example.com,42.0,24.2,89.76,44346.0,22997.0,829.0,0,premium,month-to-month,credit_card,west,0,paid
CUST106956,user6956@example.com,38.0,66.3,38.33,83777.0,48051.0,666.0,2,premium,month-to-month,e_check,north,0,paid
CUST106957,user6957@example.com,49.0,1.0,92.57,36767.0,21176.0,663.0,0,standard,one-year,mailed_check,south,0,paid
CUST106958,user6958@example.com,33.0,8.1,68.92,51059.0,30486.0,693.0,0,basic,month-to-month,e_check,north,0,paid
CUST106959,user6959@example.com,40.0,41.2,73.2,,1830.0,850.0,0,standard,two-year,e_check,south,0,paid
CUST106960,user6960@example.com,18.0,22.0,68.94,57918.0,15536.0,615.0,0,family,two-year,bank_transfer,north,0,paid
CUST106961,user6961@example.com,63.0,12.1,104.65,49110.0,4675.0,572.0,2,family,month-to-month,credit_card,west,1,overdue
CUST106962,user6962@example.com,39.0,11.0,100.24,45956.0,19432.0,810.0,0,premium,month-to-month,credit_card,west,1,overdue
CUST106963,user6963@example.com,47.0,34.1,69.28,51687.0,30227.0,552.0,0,standard,month-to-month,e_check,south,1,overdue
CUST106964,user6964@example.com,59.0,6.1,47.52,43409.0,3046.0,754.0,1,standard,one-year,e_check,north,0,paid
CUST106965,user6965@example.com,46.0,56.9,93.1,55833.0,18954.0,644.0,0,standard,month-to-month,e_check,south,1,unpaid
CUST106966,user6966@example.com,59.0,12.3,45.64,80671.0,27694.0,685.0,2,standard,month-to-month,bank_transfer,north,0,paid
CUST106967,user6967@example.com,27.0,2.0,31.13,33763.0,4720.0,535.0,3,standard,two-year,bank_transfer,north,0,paid
CUST106968,user6968@example.com,71.0,28.6,82.46,72251.0,36733.0,850.0,3,standard,one-year,mailed_check,south,0,paid
CUST106969,user6969@example.com,55.0,2.6,100.46,59305.0,15840.0,,4,standard,month-to-month,mailed_check,north,1,unpaid
CUST106970,user6970@example.com,45.0,37.4,59.87,62483.0,17574.0,594.0,1,family,one-year,credit_card,south,1,unpaid
CUST106971,user6971@example.com,59.0,12.0,80.11,54386.0,31494.0,694.0,0,basic,month-to-month,mailed_check,east,0,paid
CUST106972,user6972@example.com,28.0,36.9,59.61,40652.0,7564.0,598.0,4,basic,month-to-month,credit_card,south,1,overdue
CUST106973,user6973@example.com,39.0,23.8,88.05,63897.0,16742.0,684.0,0,basic,month-to-month,e_check,west,0,paid
CUST106974,user6974@example.com,59.0,10.2,97.38,65377.0,30961.0,549.0,3,standard,month-to-month,mailed_check,east,0,paid
CUST106975,user6975@example.com,20.0,21.4,63.43,38991.0,12243.0,662.0,1,premium,one-year,credit_card,north,0,paid
CUST106976,user6976@example.com,49.0,31.8,44.31,28230.0,10780.0,602.0,3,premium,two-year,bank_transfer,west,0,paid
CUST106977,user6977@example.com,48.0,4.1,33.57,56706.0,17738.0,587.0,3,standard,month-to-month,bank_transfer,west,1,overdue
CUST106978,user6978@example.com,66.0,22.9,93.14,70094.0,14427.0,575.0,2,standard,one-year,credit_card,north,1,unpaid
CUST106979,user6979@example.com,23.0,5.8,41.59,75102.0,10477.0,721.0,2,basic,month-to-month,mailed_check,north,1,unpaid
CUST106980,user6980@example.com,61.0,3.3,79.3,79066.0,40923.0,622.0,2,standard,month-to-month,e_check,south,1,unpaid
CUST106981,user6981@example.com,35.0,42.3,89.44,62428.0,12571.0,635.0,2,premium,two-year,bank_transfer,west,0,paid
CUST106982,user6982@example.com,37.0,8.6,57.47,49736.0,29769.0,684.0,2,premium,month-to-month,credit_card,east,1,overdue
CUST106983,user6983@example.com,27.0,63.2,65.84,54957.0,3052.0,741.0,1,standard,month-to-month,credit_card,west,0,paid
CUST106984,user6984@example.com,29.0,31.7,94.98,30136.0,16125.0,576.0,0,premium,month-to-month,bank_transfer,west,0,paid
CUST106985,user6985@example.com,47.0,3.6,49.8,41347.0,23611.0,668.0,1,basic,month-to-month,credit_card,north,0,paid
CUST106986,user6986@example.com,29.0,13.8,47.26,53935.0,4438.0,577.0,4,basic,month-to-month,credit_card,east,1,overdue
CUST106987,user6987@example.com,51.0,27.0,64.14,49667.0,19627.0,633.0,3,standard,one-year,mailed_check,south,1,overdue
CUST106988,user6988@example.com,34.0,45.6,101.95,56840.0,27310.0,735.0,3,family,one-year,credit_card,west,1,overdue
CUST106989,user6989@example.com,27.0,41.2,110.27,27503.0,10684.0,462.0,3,premium,one-year,credit_card,north,1,overdue
CUST106990,user6990@example.com,36.0,22.7,67.53,,17074.0,576.0,3,premium,one-year,bank_transfer,east,0,paid
CUST106991,user6991@example.com,46.0,63.4,52.2,70512.0,8663.0,631.0,2,standard,month-to-month,bank_transfer,west,1,unpaid
CUST106992,user6992@example.com,39.0,11.0,96.6,38333.0,21919.0,680.0,2,family,month-to-month,mailed_check,west,0,paid
CUST106993,user6993@example.com,42.0,9.6,28.27,41476.0,14632.0,748.0,1,standard,month-to-month,e_check,south,0,paid
CUST106994,user6994@example.com,50.0,12.3,76.19,56901.0,13622.0,514.0,0,standard,two-year,credit_card,west,1,overdue
CUST106995,user6995@example.com,55.0,50.6,68.9,36376.0,12326.0,763.0,0,standard,one-year,mailed_check,east,0,paid
CUST106996,user6996@example.com,38.0,48.7,102.35,77127.0,18250.0,692.0,2,standard,month-to-month,mailed_check,west,1,unpaid
CUST106997,user6997@example.com,29.0,2.0,104.88,29863.0,8974.0,631.0,3,standard,one-year,e_check,south,1,overdue
CUST106998,user6998@example.com,43.0,47.5,46.44,55030.0,7487.0,532.0,3,standard,month-to-month,e_check,east,1,overdue
CUST106999,user6999@example.com,48.0,5.6,74.19,40028.0,20597.0,604.0,4,family,month-to-month,mailed_check,east,1,overdue
CUST107000,user7000@example.com,24.0,10.4,55.73,58124.0,15362.0,732.0,1,family,one-year,mailed_check,east,0,paid
CUST107001,user7001@example.com,31.0,0.7,62.67,45051.0,13824.0,652.0,2,premium,month-to-month,credit_card,east,1,overdue
CUST107002,user7002@example.com,33.0,6.4,85.43,54527.0,30004.0,636.0,1,basic,two-year,e_check,west,1,overdue
CUST107003,user7003@example.com,40.0,6.1,61.63,79426.0,43593.0,572.0,2,basic,month-to-month,mailed_check,south,1,unpaid
CUST107004,user7004@example.com,33.0,16.9,74.85,41251.0,19943.0,709.0,0,family,one-year,e_check,east,1,overdue
CUST107005,user7005@example.com,50.0,11.9,93.93,41085.0,2732.0,638.0,0,premium,month-to-month,credit_card,west,0,paid
CUST107006,user7006@example.com,23.0,1.5,107.88,48682.0,26702.0,631.0,4,basic,two-year,bank_transfer,west,1,overdue
CUST107007,user7007@example.com,23.0,51.4,77.22,84480.0,12993.0,642.0,3,standard,one-year,bank_transfer,north,0,paid
CUST107008,user7008@example.com,38.0,43.8,72.94,53205.0,15486.0,598.0,0,basic,month-to-month,bank_transfer,south,0,paid
CUST107009,user7009@example.com,40.0,53.4,42.32,79684.0,43559.0,585.0,0,premium,month-to-month,mailed_check,west,0,paid
CUST107010,user7010@example.com,25.0,11.9,109.64,51462.0,5263.0,528.0,4,standard,month-to-month,bank_transfer,west,1,unpaid
CUST107011,user7011@example.com,35.0,36.5,82.39,78793.0,9708.0,600.0,0,standard,month-to-month,bank_transfer,east,0,paid
CUST107012,user7012@example.com,37.0,3.9,73.41,63148.0,23165.0,506.0,2,basic,month-to-month,mailed_check,south,1,overdue
CUST107013,user7013@example.com,37.0,29.8,72.13,66091.0,20306.0,689.0,2,basic,one-year,bank_transfer,west,0,overdue
CUST107014,user7014@example.com,44.0,5.8,79.02,26285.0,6948.0,597.0,0,family,one-year,mailed_check,north,0,paid
CUST107015,user7015@example.com,34.0,41.9,89.29,23317.0,11549.0,619.0,0,premium,month-to-month,e_check,west,1,unpaid
CUST107016,user7016@example.com,60.0,53.6,92.39,76404.0,41417.0,647.0,3,basic,month-to-month,credit_card,west,1,unpaid
CUST107017,user7017@example.com,48.0,5.0,110.27,76155.0,45334.0,586.0,2,basic,two-year,mailed_check,west,0,paid
CUST107018,user7018@example.com,32.0,23.1,76.07,103429.0,12166.0,556.0,1,standard,month-to-month,bank_transfer,south,1,overdue
CUST107019,user7019@example.com,43.0,27.5,113.86,25281.0,10667.0,,2,premium,month-to-month,bank_transfer,south,0,paid
CUST107020,user7020@example.com,43.0,7.2,96.44,64716.0,34250.0,801.0,2,standard,month-to-month,credit_card,south,1,unpaid
CUST107021,user7021@example.com,57.0,16.3,68.5,34524.0,6293.0,723.0,1,standard,month-to-month,mailed_check,north,0,paid
CUST107022,user7022@example.com,35.0,52.5,28.32,40188.0,12620.0,752.0,3,family,month-to-month,bank_transfer,south,0,paid
CUST107023,user7023@example.com,51.0,28.3,72.14,44955.0,2425.0,546.0,2,standard,two-year,e_check,west,1,overdue
CUST107024,user7024@example.com,43.0,17.6,108.96,62647.0,7771.0,635.0,0,premium,month-to-month,credit_card,east,1,overdue
CUST107025,user7025@example.com,60.0,27.5,50.62,41719.0,4967.0,634.0,0,basic,month-to-month,mailed_check,north,0,paid
CUST107026,user7026@example.com,57.0,77.4,72.06,55673.0,24449.0,764.0,1,basic,one-year,e_check,north,0,paid
CUST107027,user7027@example.com,44.0,1.6,74.13,71641.0,28100.0,723.0,2,premium,month-to-month,mailed_check,north,1,overdue
CUST107028,user7028@example.com,39.0,4.2,93.55,77559.0,5529.0,637.0,2,family,one-year,e_check,west,0,paid
CUST107029,user7029@example.com,48.0,44.0,60.3,68852.0,26001.0,467.0,2,basic,month-to-month,e_check,west,1,overdue
CUST107030,user7030@example.com,40.0,27.6,48.27,64037.0,5602.0,557.0,1,standard,month-to-month,e_check,east,1,overdue
CUST107031,user7031@example.com,62.0,1.8,84.25,52167.0,8410.0,701.0,4,premium,month-to-month,e_check,west,0,paid
CUST107032,user7032@example.com,43.0,2.6,51.42,43621.0,23806.0,624.0,2,premium,two-year,mailed_check,south,0,paid
CUST107033,user7033@example.com,37.0,37.2,24.11,65780.0,19471.0,641.0,3,standard,month-to-month,credit_card,west,0,paid
CUST107034,user7034@example.com,36.0,17.1,116.01,33982.0,16302.0,,2,premium,two-year,bank_transfer,west,0,paid
CUST107035,user7035@example.com,27.0,33.5,93.18,57383.0,12789.0,741.0,1,premium,one-year,mailed_check,east,0,paid
CUST107036,user7036@example.com,49.0,55.6,117.08,33486.0,3715.0,588.0,2,standard,two-year,credit_card,north,0,paid
CUST107037,user7037@example.com,32.0,11.8,91.85,54174.0,29173.0,697.0,1,basic,month-to-month,mailed_check,west,0,paid
CUST107038,user7038@example.com,55.0,12.2,87.01,33926.0,4753.0,779.0,3,premium,month-to-month,e_check,south,1,overdue
CUST107039,user7039@example.com,26.0,6.2,79.24,46989.0,11386.0,764.0,1,family,month-to-month,bank_transfer,north,1,overdue
CUST107040,user7040@example.com,44.0,36.3,65.35,41481.0,18072.0,608.0,0,basic,month-to-month,credit_card,west,0,paid
CUST107041,user7041@example.com,56.0,0.4,82.8,39069.0,14670.0,674.0,1,premium,month-to-month,bank_transfer,east,1,unpaid
CUST107042,user7042@example.com,18.0,74.3,56.17,53253.0,29843.0,710.0,0,basic,month-to-month,mailed_check,east,0,paid
CUST107043,user7043@example.com,66.0,2.1,43.27,12000.0,7119.0,652.0,1,premium,one-year,e_check,west,0,paid
CUST107044,user7044@example.com,37.0,41.2,61.69,18950.0,2476.0,630.0,0,basic,one-year,e_check,north,0,paid
CUST107045,user7045@example.com,44.0,1.3,102.29,71074.0,12411.0,512.0,0,family,two-year,credit_card,west,0,paid
CUST107046,user7046@example.com,49.0,2.7,39.19,57950.0,23269.0,581.0,1,premium,two-year,bank_transfer,south,1,overdue
CUST107047,user7047@example.com,51.0,10.4,39.59,40533.0,5298.0,594.0,0,premium,month-to-month,credit_card,west,1,overdue
CUST107048,user7048@example.com,45.0,12.6,84.78,74478.0,25935.0,549.0,1,basic,two-year,mailed_check,north,0,paid
CUST107049,user7049@example.com,54.0,16.7,59.62,42216.0,10768.0,659.0,3,basic,month-to-month,mailed_check,east,0,paid
CUST107050,user7050@example.com,48.0,25.1,82.14,43406.0,23373.0,719.0,1,standard,one-year,bank_transfer,south,1,overdue
CUST107051,user7051@example.com,63.0,28.0,94.75,39332.0,21828.0,616.0,2,basic,one-year,credit_card,south,0,paid
CUST107052,user7052@example.com,48.0,8.9,81.54,93132.0,17915.0,474.0,2,basic,month-to-month,mailed_check,west,0,paid
CUST107053,user7053@example.com,66.0,10.4,54.19,59702.0,6126.0,641.0,3,family,two-year,e_check,north,1,unpaid
CUST107054,user7054@example.com,53.0,3.3,102.07,58914.0,35059.0,672.0,1,standard,month-to-month,bank_transfer,north,1,overdue
CUST107055,user7055@example.com,20.0,23.3,88.55,64328.0,8520.0,667.0,5,basic,month-to-month,bank_transfer,north,1,overdue
CUST107056,user7056@example.com,73.0,4.6,70.67,17946.0,2609.0,592.0,1,premium,one-year,bank_transfer,east,0,paid
CUST107057,user7057@example.com,35.0,20.4,69.46,43120.0,8137.0,554.0,3,standard,month-to-month,credit_card,north,1,unpaid
CUST107058,user7058@example.com,60.0,82.8,79.35,64100.0,15222.0,721.0,1,standard,month-to-month,e_check,west,0,paid
CUST107059,user7059@example.com,42.0,4.6,62.2,54918.0,7210.0,,3,premium,one-year,credit_card,north,0,paid
CUST107060,user7060@example.com,55.0,0.6,29.22,99108.0,22520.0,596.0,1,basic,month-to-month,credit_card,east,0,paid
CUST107061,user7061@example.com,34.0,57.4,88.75,44296.0,2751.0,530.0,0,basic,month-to-month,mailed_check,east,1,unpaid
CUST107062,user7062@example.com,50.0,8.4,87.27,73864.0,36233.0,668.0,1,basic,month-to-month,credit_card,south,0,paid
CUST107063,user7063@example.com,39.0,13.6,12.47,71120.0,13865.0,578.0,0,basic,one-year,credit_card,north,0,paid
CUST107064,user7064@example.com,61.0,15.9,82.77,57856.0,28916.0,681.0,1,family,month-to-month,bank_transfer,east,1,unpaid
CUST107065,user7065@example.com,47.0,70.7,113.91,61488.0,24952.0,663.0,1,family,one-year,credit_card,north,0,overdue
CUST107066,user7066@example.com,53.0,43.9,41.81,49196.0,15462.0,,2,basic,one-year,e_check,south,0,paid
CUST107067,user7067@example.com,18.0,0.5,68.17,15537.0,9085.0,644.0,3,premium,month-to-month,e_check,south,0,paid
CUST107068,user7068@example.com,41.0,37.8,65.45,61984.0,16281.0,810.0,3,premium,two-year,bank_transfer,east,0,paid
CUST107069,user7069@example.com,47.0,29.0,111.51,63569.0,9415.0,657.0,3,basic,one-year,mailed_check,east,1,overdue
CUST107070,user7070@example.com,45.0,14.8,98.02,66713.0,24523.0,597.0,2,standard,month-to-month,mailed_check,west,1,unpaid
CUST107071,user7071@example.com,54.0,46.4,48.04,56262.0,7150.0,566.0,2,standard,two-year,e_check,west,0,paid
CUST107072,user7072@example.com,38.0,26.9,78.55,74408.0,15049.0,580.0,2,basic,month-to-month,bank_transfer,east,0,paid
CUST107073,user7073@example.com,43.0,15.4,127.57,37680.0,20696.0,684.0,3,standard,month-to-month,e_check,south,1,overdue
CUST107074,user7074@example.com,56.0,7.2,54.38,84368.0,45617.0,660.0,0,basic,month-to-month,bank_transfer,west,0,paid
CUST107075,user7075@example.com,18.0,13.1,69.72,35242.0,10789.0,503.0,0,standard,one-year,bank_transfer,south,0,paid
CUST107076,user7076@example.com,49.0,45.9,82.84,52843.0,16543.0,732.0,1,basic,month-to-month,e_check,east,0,paid
CUST107077,user7077@example.com,38.0,116.1,54.75,68617.0,24821.0,768.0,1,standard,month-to-month,e_check,east,0,paid
CUST107078,user7078@example.com,31.0,8.5,114.08,44701.0,4305.0,502.0,0,standard,one-year,e_check,south,0,paid
CUST107079,user7079@example.com,46.0,15.6,58.18,69980.0,13243.0,731.0,3,standard,month-to-month,credit_card,east,0,paid
CUST107080,user7080@example.com,57.0,54.9,35.27,48144.0,17765.0,785.0,0,basic,month-to-month,e_check,east,0,paid
CUST107081,user7081@example.com,54.0,49.5,56.88,,13001.0,506.0,0,basic,one-year,credit_card,south,0,paid
CUST107082,user7082@example.com,40.0,29.9,86.33,51377.0,8599.0,613.0,3,standard,month-to-month,bank_transfer,north,1,unpaid
CUST107083,user7083@example.com,53.0,4.7,50.05,43464.0,17648.0,582.0,0,basic,two-year,e_check,east,1,overdue
CUST107084,user7084@example.com,52.0,25.0,77.55,100022.0,36162.0,728.0,6,basic,one-year,credit_card,north,0,paid
CUST107085,user7085@example.com,41.0,1.6,84.06,38205.0,8783.0,617.0,2,standard,month-to-month,mailed_check,south,1,overdue
CUST107086,user7086@example.com,34.0,45.7,39.78,12000.0,6787.0,614.0,1,family,month-to-month,e_check,west,0,paid
CUST107087,user7087@example.com,34.0,9.9,55.91,38927.0,18597.0,684.0,2,standard,month-to-month,mailed_check,north,0,paid
CUST107088,user7088@example.com,52.0,14.3,78.72,57626.0,21776.0,775.0,5,premium,one-year,bank_transfer,north,1,overdue
CUST107089,user7089@example.com,41.0,57.6,87.56,47463.0,7841.0,645.0,0,premium,two-year,bank_transfer,west,1,overdue
CUST107090,user7090@example.com,29.0,66.0,56.53,75372.0,30635.0,612.0,1,standard,one-year,credit_card,west,0,paid
CUST107091,user7091@example.com,22.0,12.6,73.79,74644.0,31967.0,627.0,0,standard,one-year,mailed_check,north,0,paid
CUST107092,user7092@example.com,52.0,8.9,62.9,48632.0,17979.0,703.0,1,premium,month-to-month,bank_transfer,north,0,paid
CUST107093,user7093@example.com,35.0,3.8,88.2,21355.0,8561.0,543.0,3,basic,month-to-month,credit_card,west,0,paid
CUST107094,user7094@example.com,46.0,27.3,82.99,29337.0,4084.0,649.0,6,basic,one-year,credit_card,east,1,unpaid
CUST107095,user7095@example.com,57.0,14.3,60.66,54356.0,12733.0,575.0,3,basic,month-to-month,credit_card,east,0,paid
CUST107096,user7096@example.com,26.0,4.9,81.96,23710.0,12801.0,554.0,1,basic,two-year,credit_card,west,0,paid
CUST107097,user7097@example.com,41.0,11.3,59.69,47644.0,5975.0,494.0,1,premium,month-to-month,e_check,west,1,overdue
CUST107098,user7098@example.com,40.0,39.0,81.43,83426.0,31229.0,609.0,2,basic,one-year,bank_transfer,south,0,paid
CUST107099,user7099@example.com,47.0,11.5,81.78,61857.0,33632.0,736.0,0,standard,month-to-month,e_check,north,0,overdue
CUST107100,user7100@example.com,57.0,33.2,129.28,55913.0,3231.0,491.0,1,standard,two-year,credit_card,south,1,overdue
CUST107101,user7101@example.com,26.0,14.5,61.59,34185.0,19893.0,693.0,1,family,month-to-month,bank_transfer,north,0,paid
CUST107102,user7102@example.com,49.0,20.0,66.47,58635.0,31419.0,598.0,2,standard,month-to-month,e_check,east,1,overdue
CUST107103,user7103@example.com,54.0,40.0,53.82,49830.0,22089.0,565.0,5,standard,month-to-month,e_check,south,1,overdue
CUST107104,user7104@example.com,40.0,23.5,44.18,59773.0,26301.0,678.0,1,standard,one-year,mailed_check,north,0,paid
CUST107105,user7105@example.com,40.0,3.2,58.59,69542.0,36666.0,755.0,0,basic,month-to-month,credit_card,west,0,paid
CUST107106,user7106@example.com,47.0,8.8,86.63,72962.0,10510.0,770.0,3,standard,two-year,bank_transfer,north,0,paid
CUST107107,user7107@example.com,46.0,33.5,88.44,57578.0,25044.0,673.0,1,basic,two-year,mailed_check,north,0,paid
CUST107108,user7108@example.com,49.0,5.4,77.39,65238.0,15585.0,644.0,2,basic,month-to-month,e_check,west,1,overdue
CUST107109,user7109@example.com,49.0,13.8,62.61,44760.0,23795.0,681.0,3,standard,two-year,e_check,east,1,overdue
CUST107110,user7110@example.com,30.0,1.5,57.67,77651.0,26660.0,848.0,3,premium,two-year,mailed_check,west,0,paid
CUST107111,user7111@example.com,54.0,26.4,47.08,37258.0,17556.0,627.0,2,standard,month-to-month,mailed_check,west,1,unpaid
CUST107112,user7112@example.com,56.0,35.8,56.08,50851.0,7214.0,741.0,2,standard,two-year,e_check,north,0,overdue
CUST107113,user7113@example.com,44.0,16.3,37.62,79732.0,14601.0,603.0,2,standard,one-year,e_check,north,1,overdue
CUST107114,user7114@example.com,24.0,11.6,103.95,45367.0,23182.0,584.0,1,standard,two-year,mailed_check,south,1,overdue
CUST107115,user7115@example.com,41.0,3.3,115.93,28184.0,7536.0,792.0,1,standard,one-year,mailed_check,north,1,overdue
CUST107116,user7116@example.com,44.0,59.2,21.6,46785.0,15921.0,650.0,3,family,month-to-month,e_check,south,0,paid
CUST107117,user7117@example.com,28.0,17.3,77.23,82835.0,37196.0,668.0,0,standard,one-year,mailed_check,south,1,unpaid
CUST107118,user7118@example.com,38.0,31.7,76.82,12000.0,1720.0,694.0,0,premium,one-year,credit_card,south,0,paid
CUST107119,user7119@example.com,25.0,40.9,75.22,57048.0,12344.0,579.0,0,basic,one-year,bank_transfer,north,0,paid
CUST107120,user7120@example.com,49.0,17.3,55.18,42320.0,9696.0,615.0,3,basic,one-year,mailed_check,north,0,paid
CUST107121,user7121@example.com,44.0,14.3,95.56,51647.0,28622.0,599.0,0,basic,one-year,bank_transfer,north,1,overdue
CUST107122,user7122@example.com,22.0,13.1,80.26,48029.0,6036.0,677.0,2,standard,month-to-month,mailed_check,east,0,paid
CUST107123,user7123@example.com,46.0,30.4,95.85,74210.0,18866.0,679.0,4,premium,month-to-month,bank_transfer,north,0,paid
CUST107124,user7124@example.com,41.0,7.8,51.56,56076.0,32391.0,602.0,3,standard,two-year,mailed_check,east,1,overdue
CUST107125,user7125@example.com,48.0,25.3,35.42,75211.0,38296.0,812.0,0,premium,two-year,bank_transfer,south,0,paid
CUST107126,user7126@example.com,37.0,9.5,80.87,80683.0,33786.0,648.0,1,basic,two-year,mailed_check,east,1,unpaid
CUST107127,user7127@example.com,32.0,67.7,45.93,55598.0,19566.0,658.0,2,standard,month-to-month,bank_transfer,south,0,paid
CUST107128,user7128@example.com,33.0,17.9,96.36,47810.0,24445.0,757.0,0,standard,month-to-month,bank_transfer,north,0,paid
CUST107129,user7129@example.com,36.0,54.6,16.83,62544.0,35682.0,580.0,4,basic,month-to-month,mailed_check,west,1,overdue
CUST107130,user7130@example.com,42.0,24.1,58.29,66404.0,37069.0,608.0,1,standard,two-year,mailed_check,west,0,paid
CUST107131,user7131@example.com,44.0,0.7,54.6,31934.0,12822.0,,1,premium,month-to-month,e_check,south,1,overdue
CUST107132,user7132@example.com,40.0,44.4,61.69,59721.0,26894.0,532.0,1,premium,two-year,credit_card,north,0,paid
CUST107133,user7133@example.com,37.0,1.9,76.53,49929.0,23787.0,631.0,4,standard,two-year,e_check,east,0,paid
CUST107134,user7134@example.com,38.0,71.2,79.91,,23070.0,814.0,1,standard,two-year,bank_transfer,east,1,overdue
CUST107135,user7135@example.com,72.0,13.3,85.99,41181.0,18663.0,796.0,2,family,month-to-month,credit_card,south,0,paid
CUST107136,user7136@example.com,33.0,106.6,88.87,42486.0,6329.0,722.0,0,premium,two-year,credit_card,south,0,paid
CUST107137,user7137@example.com,35.0,28.0,65.71,80113.0,37474.0,745.0,1,basic,month-to-month,mailed_check,north,1,overdue
CUST107138,user7138@example.com,82.0,11.3,122.72,47720.0,12632.0,689.0,3,premium,month-to-month,e_check,south,1,unpaid
CUST107139,user7139@example.com,47.0,55.3,104.68,77875.0,12451.0,615.0,4,basic,one-year,credit_card,south,0,paid
CUST107140,user7140@example.com,25.0,8.8,62.2,57621.0,6130.0,781.0,2,basic,two-year,mailed_check,east,0,paid
CUST107141,user7141@example.com,52.0,12.7,66.58,32346.0,5893.0,574.0,2,family,one-year,e_check,south,1,overdue
CUST107142,user7142@example.com,31.0,0.1,61.67,58815.0,19366.0,727.0,4,basic,one-year,mailed_check,west,0,paid
CUST107143,user7143@example.com,53.0,3.0,79.08,31242.0,5804.0,609.0,3,premium,two-year,mailed_check,west,0,paid
CUST107144,user7144@example.com,39.0,28.8,45.7,67143.0,27948.0,614.0,2,standard,two-year,e_check,west,0,paid
CUST107145,user7145@example.com,37.0,1.7,50.26,50845.0,29511.0,693.0,0,premium,two-year,credit_card,west,0,paid
CUST107146,user7146@example.com,61.0,32.0,15.82,72104.0,5352.0,813.0,0,standard,one-year,credit_card,west,0,paid
CUST107147,user7147@example.com,49.0,21.5,60.03,83671.0,10196.0,764.0,2,premium,month-to-month,mailed_check,north,0,paid
CUST107148,user7148@example.com,54.0,1.2,96.62,20293.0,3775.0,677.0,1,family,month-to-month,bank_transfer,west,1,unpaid
CUST107149,user7149@example.com,47.0,65.0,66.2,45777.0,22541.0,655.0,1,premium,month-to-month,e_check,south,1,overdue
CUST107150,user7150@example.com,37.0,0.9,67.6,30811.0,6137.0,713.0,2,basic,month-to-month,e_check,north,0,paid
CUST107151,user7151@example.com,49.0,11.0,76.95,98165.0,15249.0,759.0,3,premium,two-year,e_check,east,0,paid
CUST107152,user7152@example.com,57.0,36.4,44.94,46194.0,6193.0,509.0,2,standard,two-year,e_check,east,0,paid
CUST107153,user7153@example.com,44.0,3.0,70.63,28698.0,3801.0,640.0,3,basic,month-to-month,bank_transfer,east,0,paid
CUST107154,user7154@example.com,64.0,17.6,92.26,99807.0,44504.0,566.0,1,family,one-year,bank_transfer,west,1,overdue
CUST107155,user7155@example.com,52.0,27.6,77.66,40479.0,17789.0,633.0,1,standard,one-year,e_check,south,1,overdue
CUST107156,user7156@example.com,45.0,3.4,94.45,22563.0,4989.0,549.0,0,basic,one-year,mailed_check,west,1,overdue
CUST107157,user7157@example.com,45.0,10.3,101.6,31832.0,9460.0,506.0,0,standard,month-to-month,mailed_check,east,0,paid
CUST107158,user7158@example.com,44.0,1.6,86.56,57864.0,22885.0,544.0,3,family,one-year,credit_card,east,0,paid
CUST107159,user7159@example.com,27.0,2.5,52.17,55915.0,32782.0,606.0,1,premium,one-year,credit_card,east,1,overdue
CUST107160,user7160@example.com,41.0,0.3,61.4,38280.0,17560.0,697.0,0,basic,one-year,mailed_check,south,1,overdue
CUST107161,user7161@example.com,45.0,25.0,118.29,45299.0,22272.0,585.0,0,premium,two-year,credit_card,east,1,overdue
CUST107162,user7162@example.com,37.0,11.5,77.85,56062.0,32950.0,581.0,2,basic,month-to-month,mailed_check,east,0,paid
CUST107163,user7163@example.com,46.0,0.1,74.52,81478.0,21152.0,682.0,2,standard,month-to-month,credit_card,south,1,overdue
CUST107164,user7164@example.com,42.0,31.4,48.5,61666.0,5427.0,673.0,1,basic,one-year,bank_transfer,east,0,paid
CUST107165,user7165@example.com,51.0,14.8,67.71,43737.0,20154.0,786.0,0,basic,month-to-month,mailed_check,north,1,overdue
CUST107166,user7166@example.com,50.0,23.2,87.91,50431.0,5880.0,,1,family,month-to-month,e_check,west,0,paid
CUST107167,user7167@example.com,44.0,3.5,70.37,70394.0,20501.0,568.0,1,standard,month-to-month,e_check,north,0,overdue
CUST107168,user7168@example.com,26.0,2.1,57.02,88601.0,40412.0,596.0,2,premium,one-year,e_check,west,0,paid
CUST107169,user7169@example.com,63.0,17.0,62.82,32908.0,11751.0,710.0,3,standard,month-to-month,e_check,south,1,overdue
CUST107170,user7170@example.com,40.0,15.5,99.8,77282.0,19470.0,579.0,1,basic,month-to-month,credit_card,east,1,overdue
CUST107171,user7171@example.com,41.0,45.6,86.69,48744.0,16227.0,624.0,0,standard,one-year,credit_card,south,0,paid
CUST107172,user7172@example.com,38.0,26.2,83.35,22515.0,4163.0,513.0,0,standard,month-to-month,e_check,east,1,overdue
CUST107173,user7173@example.com,36.0,8.1,81.02,18555.0,1684.0,545.0,3,basic,month-to-month,bank_transfer,north,1,overdue
CUST107174,user7174@example.com,61.0,25.0,40.42,81683.0,22616.0,751.0,2,basic,two-year,bank_transfer,east,0,paid
CUST107175,user7175@example.com,59.0,1.2,76.81,84067.0,6900.0,663.0,0,standard,month-to-month,e_check,east,1,overdue
CUST107176,user7176@example.com,47.0,33.2,96.7,43618.0,25683.0,600.0,2,premium,two-year,credit_card,west,1,unpaid
CUST107177,user7177@example.com,41.0,27.8,63.48,50757.0,15034.0,611.0,1,basic,two-year,credit_card,north,0,paid
CUST107178,user7178@example.com,49.0,6.8,94.44,19353.0,10360.0,787.0,1,standard,month-to-month,e_check,south,0,overdue
CUST107179,user7179@example.com,43.0,12.8,83.63,70241.0,40282.0,597.0,1,basic,one-year,e_check,south,0,paid
CUST107180,user7180@example.com,40.0,4.4,90.69,54432.0,16175.0,688.0,1,premium,month-to-month,e_check,west,1,overdue
CUST107181,user7181@example.com,46.0,62.9,71.27,23954.0,6736.0,720.0,1,premium,month-to-month,credit_card,south,0,paid
CUST107182,user7182@example.com,37.0,5.2,92.16,59095.0,31993.0,766.0,2,standard,one-year,e_check,east,0,paid
CUST107183,user7183@example.com,45.0,14.2,33.38,27211.0,1880.0,582.0,0,standard,month-to-month,e_check,east,0,paid
CUST107184,user7184@example.com,44.0,23.9,70.83,66150.0,21033.0,538.0,2,basic,two-year,mailed_check,east,0,paid
CUST107185,user7185@example.com,49.0,0.2,87.83,33344.0,6593.0,562.0,2,family,one-year,credit_card,east,1,overdue
CUST107186,user7186@example.com,35.0,17.5,77.41,61741.0,28649.0,708.0,2,standard,one-year,mailed_check,north,0,paid
CUST107187,user7187@example.com,51.0,26.2,97.39,41939.0,21397.0,809.0,2,basic,one-year,mailed_check,south,1,overdue
CUST107188,user7188@example.com,31.0,110.9,66.07,,4692.0,711.0,3,premium,month-to-month,bank_transfer,east,1,unpaid
CUST107189,user7189@example.com,35.0,2.2,56.31,74923.0,20515.0,597.0,0,premium,month-to-month,mailed_check,west,1,overdue
CUST107190,user7190@example.com,36.0,5.9,29.02,76019.0,27006.0,745.0,0,basic,one-year,e_check,east,0,paid
CUST107191,user7191@example.com,29.0,7.0,63.18,44564.0,16301.0,612.0,0,standard,one-year,credit_card,south,0,overdue
CUST107192,user7192@example.com,54.0,53.6,82.92,60489.0,24154.0,583.0,1,standard,two-year,e_check,east,0,paid
CUST107193,user7193@example.com,30.0,20.0,89.03,63764.0,35529.0,623.0,2,standard,two-year,bank_transfer,west,0,paid
CUST107194,user7194@example.com,34.0,4.4,35.02,64410.0,12046.0,604.0,1,premium,one-year,credit_card,south,0,paid
CUST107195,user7195@example.com,57.0,28.4,99.38,89512.0,14399.0,,0,premium,month-to-month,bank_transfer,north,1,unpaid
CUST107196,user7196@example.com,35.0,1.1,45.64,63336.0,9793.0,748.0,1,premium,month-to-month,e_check,west,1,unpaid
CUST107197,user7197@example.com,40.0,7.0,66.97,47847.0,20741.0,609.0,1,standard,one-year,e_check,south,1,unpaid
CUST107198,user7198@example.com,30.0,22.2,55.78,63558.0,34810.0,523.0,1,premium,one-year,bank_transfer,west,1,unpaid
CUST107199,user7199@example.com,52.0,37.0,80.43,46401.0,10660.0,697.0,2,basic,month-to-month,e_check,east,0,paid
CUST107200,user7200@example.com,52.0,37.6,72.35,33689.0,9479.0,574.0,1,basic,month-to-month,e_check,west,1,overdue
CUST107201,user7201@example.com,51.0,31.9,86.95,79395.0,46248.0,576.0,0,standard,two-year,mailed_check,east,1,overdue
CUST107202,user7202@example.com,48.0,31.3,116.1,65683.0,8533.0,706.0,1,standard,month-to-month,e_check,north,1,unpaid
CUST107203,user7203@example.com,43.0,37.1,79.95,17768.0,9484.0,592.0,1,basic,month-to-month,e_check,south,0,paid
CUST107204,user7204@example.com,36.0,3.4,55.58,41327.0,23871.0,614.0,3,standard,one-year,mailed_check,north,0,paid
CUST107205,user7205@example.com,32.0,42.5,81.53,70153.0,34356.0,653.0,1,basic,two-year,credit_card,north,0,paid
CUST107206,user7206@example.com,57.0,18.4,118.63,23724.0,5576.0,627.0,1,basic,month-to-month,bank_transfer,east,1,unpaid
CUST107207,user7207@example.com,51.0,21.2,86.41,39941.0,16355.0,616.0,3,basic,two-year,e_check,east,1,overdue
CUST107208,user7208@example.com,34.0,17.5,93.64,108230.0,22759.0,463.0,1,premium,month-to-month,bank_transfer,west,0,paid
CUST107209,user7209@example.com,42.0,6.3,30.16,48378.0,5634.0,636.0,2,basic,month-to-month,mailed_check,north,0,paid
CUST107210,user7210@example.com,38.0,15.6,79.67,76654.0,8359.0,779.0,0,standard,month-to-month,e_check,north,1,overdue
CUST107211,user7211@example.com,28.0,7.6,63.3,85009.0,4687.0,700.0,2,standard,two-year,credit_card,south,0,paid
CUST107212,user7212@example.com,44.0,2.0,53.0,36830.0,21660.0,620.0,0,basic,month-to-month,credit_card,west,0,overdue
CUST107213,user7213@example.com,37.0,15.4,69.44,60327.0,24752.0,688.0,1,basic,month-to-month,credit_card,north,1,overdue
CUST107214,user7214@example.com,31.0,21.1,72.72,96176.0,21801.0,700.0,3,basic,one-year,bank_transfer,east,0,paid
CUST107215,user7215@example.com,24.0,0.1,54.39,64190.0,23654.0,583.0,1,family,two-year,credit_card,south,0,paid
CUST107216,user7216@example.com,23.0,19.5,74.71,102310.0,39951.0,751.0,1,basic,month-to-month,credit_card,west,1,unpaid
CUST107217,user7217@example.com,38.0,4.7,65.66,42262.0,6365.0,663.0,4,standard,two-year,mailed_check,west,0,paid
CUST107218,user7218@example.com,41.0,8.4,87.56,90942.0,18996.0,625.0,0,basic,two-year,bank_transfer,east,1,overdue
CUST107219,user7219@example.com,31.0,20.9,75.69,55333.0,19422.0,777.0,0,premium,month-to-month,mailed_check,south,1,overdue
CUST107220,user7220@example.com,50.0,16.6,79.4,48450.0,24801.0,485.0,1,standard,month-to-month,credit_card,south,0,paid
CUST107221,user7221@example.com,41.0,16.4,94.48,67801.0,8222.0,556.0,1,family,month-to-month,credit_card,east,1,overdue
CUST107222,user7222@example.com,49.0,60.6,83.87,52771.0,27551.0,701.0,1,family,one-year,e_check,north,1,overdue
CUST107223,user7223@example.com,40.0,42.9,69.85,53309.0,20521.0,704.0,0,family,month-to-month,bank_transfer,east,0,paid
CUST107224,user7224@example.com,33.0,25.2,17.83,64704.0,20661.0,782.0,0,basic,one-year,mailed_check,north,0,paid
CUST107225,user7225@example.com,43.0,41.9,82.84,18845.0,2434.0,470.0,0,standard,two-year,mailed_check,north,0,paid
CUST107226,user7226@example.com,27.0,2.8,47.2,39027.0,13755.0,719.0,1,premium,month-to-month,bank_transfer,north,0,paid
CUST107227,user7227@example.com,48.0,43.4,67.84,69453.0,16981.0,,2,basic,month-to-month,e_check,north,1,overdue
CUST107228,user7228@example.com,31.0,14.3,79.28,74831.0,11519.0,684.0,1,basic,month-to-month,bank_transfer,north,0,paid
CUST107229,user7229@example.com,53.0,21.4,103.33,62145.0,33184.0,645.0,2,standard,one-year,bank_transfer,south,0,paid
CUST107230,user7230@example.com,38.0,17.8,116.06,60517.0,18356.0,718.0,2,premium,one-year,credit_card,south,1,overdue
CUST107231,user7231@example.com,55.0,27.0,46.97,63047.0,5918.0,631.0,2,premium,month-to-month,e_check,east,1,overdue
CUST107232,user7232@example.com,29.0,14.9,37.1,74156.0,16031.0,731.0,4,premium,one-year,bank_transfer,south,1,unpaid
CUST107233,user7233@example.com,34.0,18.8,78.14,26475.0,3967.0,584.0,4,basic,month-to-month,credit_card,east,1,overdue
CUST107234,user7234@example.com,47.0,16.1,76.06,44811.0,25389.0,643.0,1,premium,month-to-month,credit_card,east,1,overdue
CUST107235,user7235@example.com,56.0,87.3,39.95,53511.0,9829.0,665.0,0,basic,one-year,e_check,east,0,overdue
CUST107236,user7236@example.com,62.0,6.0,69.58,58916.0,19355.0,784.0,2,family,one-year,bank_transfer,west,0,paid
CUST107237,user7237@example.com,42.0,12.3,84.94,12807.0,5892.0,717.0,0,standard,month-to-month,credit_card,east,0,paid
CUST107238,user7238@example.com,64.0,20.3,39.25,29852.0,4095.0,666.0,1,premium,one-year,e_check,east,1,unpaid
CUST107239,user7239@example.com,39.0,17.7,45.14,54667.0,15887.0,701.0,2,family,month-to-month,e_check,south,1,overdue
CUST107240,user7240@example.com,55.0,4.9,53.9,75263.0,30805.0,737.0,4,standard,month-to-month,mailed_check,east,1,overdue
CUST107241,user7241@example.com,31.0,25.5,64.69,46619.0,24945.0,680.0,2,basic,month-to-month,bank_transfer,south,1,unpaid
CUST107242,user7242@example.com,47.0,11.7,87.35,41662.0,17071.0,568.0,2,basic,month-to-month,credit_card,west,1,unpaid
CUST107243,user7243@example.com,18.0,1.0,61.84,65573.0,6167.0,700.0,2,basic,one-year,bank_transfer,east,1,unpaid
CUST107244,user7244@example.com,29.0,22.8,71.38,48439.0,10989.0,,1,standard,month-to-month,e_check,south,1,overdue
CUST107245,user7245@example.com,48.0,35.4,126.15,72618.0,17647.0,,1,family,month-to-month,e_check,west,0,paid
CUST107246,user7246@example.com,26.0,3.1,46.09,,13329.0,587.0,0,premium,two-year,bank_transfer,west,0,paid
CUST107247,user7247@example.com,47.0,1.5,53.68,32696.0,18568.0,696.0,1,family,month-to-month,mailed_check,east,0,paid
CUST107248,user7248@example.com,53.0,16.6,86.95,83412.0,5809.0,691.0,0,basic,month-to-month,mailed_check,south,1,unpaid
CUST107249,user7249@example.com,36.0,0.6,94.7,79745.0,17241.0,,4,basic,month-to-month,e_check,north,1,unpaid
CUST107250,user7250@example.com,30.0,28.6,80.37,35890.0,11515.0,562.0,3,basic,month-to-month,mailed_check,north,1,unpaid
CUST107251,user7251@example.com,36.0,32.1,115.22,62914.0,6135.0,801.0,0,standard,one-year,credit_card,west,1,unpaid
CUST107252,user7252@example.com,30.0,20.9,77.94,48467.0,15313.0,719.0,0,premium,one-year,mailed_check,north,1,overdue
CUST107253,user7253@example.com,41.0,20.2,20.6,67381.0,7339.0,657.0,0,premium,month-to-month,credit_card,east,0,paid
CUST107254,user7254@example.com,43.0,0.3,72.42,37486.0,19147.0,698.0,2,basic,month-to-month,mailed_check,south,0,paid
CUST107255,user7255@example.com,38.0,57.2,55.73,72437.0,14382.0,613.0,1,standard,one-year,credit_card,east,1,overdue
CUST107256,user7256@example.com,62.0,4.4,104.6,78899.0,26641.0,636.0,1,basic,one-year,e_check,north,0,paid
CUST107257,user7257@example.com,33.0,20.7,94.12,36053.0,14063.0,652.0,0,basic,month-to-month,e_check,east,1,overdue
CUST107258,user7258@example.com,59.0,105.5,30.26,56354.0,12294.0,727.0,2,premium,month-to-month,credit_card,north,0,paid
CUST107259,user7259@example.com,30.0,11.9,103.76,79319.0,19292.0,537.0,2,premium,month-to-month,credit_card,south,1,overdue
CUST107260,user7260@example.com,43.0,9.9,93.48,34973.0,11568.0,568.0,3,standard,one-year,credit_card,south,0,paid
CUST107261,user7261@example.com,56.0,31.3,61.89,41623.0,20520.0,552.0,2,basic,month-to-month,credit_card,east,0,paid
CUST107262,user7262@example.com,56.0,6.8,68.04,68235.0,20401.0,718.0,1,basic,one-year,mailed_check,north,0,paid
CUST107263,user7263@example.com,37.0,11.4,104.8,51786.0,16571.0,642.0,1,family,month-to-month,mailed_check,south,0,paid
CUST107264,user7264@example.com,49.0,7.8,20.71,23495.0,8874.0,577.0,3,standard,two-year,bank_transfer,south,1,unpaid
CUST107265,user7265@example.com,47.0,41.4,81.13,48596.0,13795.0,632.0,1,premium,one-year,mailed_check,east,0,paid
CUST107266,user7266@example.com,36.0,24.7,97.34,89929.0,40409.0,599.0,4,standard,month-to-month,credit_card,south,1,overdue
CUST107267,user7267@example.com,49.0,13.9,67.78,96258.0,5073.0,535.0,1,standard,month-to-month,bank_transfer,south,1,overdue
CUST107268,user7268@example.com,64.0,120.0,86.2,42258.0,13339.0,751.0,3,standard,two-year,credit_card,east,0,paid
CUST107269,user7269@example.com,48.0,21.6,72.58,36734.0,20485.0,638.0,0,premium,month-to-month,e_check,south,0,paid
CUST107270,user7270@example.com,49.0,4.5,50.4,45840.0,17820.0,753.0,0,family,month-to-month,bank_transfer,north,0,paid
CUST107271,user7271@example.com,50.0,31.3,49.77,91038.0,28906.0,534.0,0,standard,one-year,bank_transfer,north,0,paid
CUST107272,user7272@example.com,24.0,65.0,87.8,71842.0,34097.0,690.0,0,family,two-year,e_check,south,1,overdue
CUST107273,user7273@example.com,48.0,27.5,54.11,84282.0,22432.0,,1,premium,month-to-month,e_check,east,0,paid
CUST107274,user7274@example.com,30.0,23.8,31.89,74974.0,23016.0,846.0,0,premium,month-to-month,bank_transfer,north,1,unpaid
CUST107275,user7275@example.com,35.0,10.4,73.06,28613.0,4502.0,512.0,2,family,one-year,mailed_check,south,0,paid
CUST107276,user7276@example.com,68.0,7.6,57.17,36023.0,4262.0,794.0,2,basic,month-to-month,mailed_check,south,0,paid
CUST107277,user7277@example.com,39.0,43.4,40.02,41077.0,2630.0,648.0,0,basic,two-year,mailed_check,north,0,paid
CUST107278,user7278@example.com,33.0,7.2,71.79,44561.0,20156.0,635.0,2,basic,two-year,credit_card,east,0,paid
CUST107279,user7279@example.com,56.0,0.0,89.18,41434.0,12741.0,697.0,1,standard,two-year,e_check,west,1,unpaid
CUST107280,user7280@example.com,31.0,8.7,70.5,43761.0,24797.0,575.0,2,premium,month-to-month,mailed_check,east,0,paid
CUST107281,user7281@example.com,37.0,3.0,43.34,67810.0,9985.0,713.0,3,basic,two-year,credit_card,east,0,paid
CUST107282,user7282@example.com,57.0,26.7,82.05,57716.0,10631.0,719.0,1,standard,one-year,e_check,east,1,overdue
CUST107283,user7283@example.com,43.0,7.8,95.88,79396.0,31861.0,651.0,2,standard,month-to-month,credit_card,east,1,unpaid
CUST107284,user7284@example.com,23.0,18.0,125.33,60037.0,4805.0,670.0,2,standard,one-year,e_check,west,1,overdue
CUST107285,user7285@example.com,49.0,2.2,106.05,41474.0,13557.0,804.0,3,basic,two-year,bank_transfer,east,1,unpaid
CUST107286,user7286@example.com,37.0,72.5,44.87,58769.0,6933.0,702.0,2,basic,month-to-month,credit_card,west,0,paid
CUST107287,user7287@example.com,60.0,30.7,91.45,24774.0,3438.0,587.0,1,basic,one-year,credit_card,east,0,paid
CUST107288,user7288@example.com,35.0,26.6,76.41,12000.0,3980.0,710.0,1,basic,month-to-month,credit_card,south,0,paid
CUST107289,user7289@example.com,55.0,43.0,41.2,67864.0,24634.0,607.0,0,basic,one-year,mailed_check,north,0,paid
CUST107290,user7290@example.com,63.0,0.4,77.09,75366.0,12557.0,591.0,3,standard,month-to-month,mailed_check,north,0,paid
CUST107291,user7291@example.com,32.0,94.0,117.97,56443.0,11242.0,691.0,2,standard,month-to-month,e_check,south,1,overdue
CUST107292,user7292@example.com,40.0,8.0,99.9,47174.0,9730.0,569.0,1,standard,month-to-month,mailed_check,east,1,overdue
CUST107293,user7293@example.com,47.0,54.0,44.66,28163.0,3605.0,654.0,4,premium,one-year,credit_card,west,0,paid
CUST107294,user7294@example.com,32.0,15.8,70.34,78339.0,45526.0,704.0,2,basic,month-to-month,credit_card,east,1,overdue
CUST107295,user7295@example.com,45.0,11.4,82.29,64851.0,27932.0,,2,standard,month-to-month,credit_card,west,0,paid
CUST107296,user7296@example.com,39.0,27.5,26.75,60823.0,6749.0,701.0,2,basic,two-year,bank_transfer,west,0,paid
CUST107297,user7297@example.com,39.0,58.8,27.61,54904.0,13530.0,532.0,0,standard,two-year,credit_card,north,0,paid
CUST107298,user7298@example.com,43.0,30.3,73.87,45609.0,6610.0,545.0,2,premium,one-year,mailed_check,east,0,paid
CUST107299,user7299@example.com,43.0,7.7,74.19,32734.0,5857.0,788.0,0,standard,month-to-month,e_check,east,0,paid
CUST107300,user7300@example.com,44.0,5.4,24.03,60054.0,34033.0,599.0,1,standard,month-to-month,credit_card,west,0,paid
CUST107301,user7301@example.com,35.0,11.1,79.7,44230.0,5538.0,529.0,4,standard,month-to-month,bank_transfer,north,0,paid
CUST107302,user7302@example.com,35.0,27.6,97.17,46521.0,24837.0,570.0,1,standard,two-year,mailed_check,east,0,overdue
CUST107303,user7303@example.com,41.0,16.6,64.54,89357.0,45841.0,714.0,0,premium,one-year,e_check,west,1,overdue
CUST107304,user7304@example.com,41.0,28.1,71.5,54038.0,24805.0,659.0,0,standard,month-to-month,credit_card,south,1,overdue
CUST107305,user7305@example.com,37.0,49.9,84.29,12000.0,3878.0,702.0,2,basic,two-year,bank_transfer,south,1,overdue
CUST107306,user7306@example.com,46.0,2.6,80.98,44291.0,8508.0,647.0,2,premium,month-to-month,mailed_check,south,0,paid
CUST107307,user7307@example.com,20.0,16.7,28.28,34971.0,17732.0,562.0,2,basic,month-to-month,e_check,south,1,overdue
CUST107308,user7308@example.com,33.0,26.7,47.37,52216.0,26564.0,507.0,1,standard,month-to-month,e_check,east,1,overdue
CUST107309,user7309@example.com,39.0,8.3,60.1,26511.0,8985.0,583.0,0,standard,month-to-month,bank_transfer,south,0,paid
CUST107310,user7310@example.com,32.0,99.7,48.48,63673.0,4851.0,660.0,2,standard,one-year,mailed_check,west,0,paid
CUST107311,user7311@example.com,62.0,26.7,106.67,49079.0,7663.0,555.0,0,premium,month-to-month,bank_transfer,east,1,overdue
CUST107312,user7312@example.com,42.0,7.6,85.86,45486.0,3677.0,729.0,0,basic,month-to-month,credit_card,south,0,paid
CUST107313,user7313@example.com,44.0,4.7,42.26,57992.0,8636.0,570.0,3,standard,two-year,credit_card,east,1,unpaid
CUST107314,user7314@example.com,36.0,82.8,64.64,53467.0,17624.0,518.0,3,standard,one-year,mailed_check,south,0,paid
CUST107315,user7315@example.com,42.0,29.3,98.26,52306.0,27188.0,650.0,0,standard,two-year,mailed_check,east,0,paid
CUST107316,user7316@example.com,27.0,11.6,53.84,50516.0,20675.0,711.0,1,basic,month-to-month,credit_card,south,1,unpaid
CUST107317,user7317@example.com,40.0,11.1,91.29,54594.0,20773.0,769.0,2,standard,two-year,e_check,west,1,overdue
CUST107318,user7318@example.com,31.0,1.1,104.58,61864.0,28542.0,521.0,1,family,one-year,credit_card,north,0,paid
CUST107319,user7319@example.com,39.0,39.3,100.4,59359.0,23860.0,764.0,2,basic,month-to-month,credit_card,south,1,overdue
CUST107320,user7320@example.com,18.0,15.5,74.51,77538.0,22787.0,665.0,3,premium,two-year,mailed_check,east,0,paid
CUST107321,user7321@example.com,28.0,35.1,101.28,44066.0,21965.0,600.0,0,premium,month-to-month,bank_transfer,east,1,unpaid
CUST107322,user7322@example.com,60.0,11.4,56.94,,13184.0,704.0,1,family,two-year,e_check,north,0,paid
CUST107323,user7323@example.com,52.0,14.7,132.15,103922.0,58244.0,758.0,2,basic,one-year,bank_transfer,south,0,paid
CUST107324,user7324@example.com,58.0,10.6,76.02,54181.0,6171.0,516.0,0,premium,month-to-month,e_check,east,0,paid
CUST107325,user7325@example.com,59.0,0.9,98.67,,22022.0,616.0,3,basic,two-year,credit_card,east,0,paid
CUST107326,user7326@example.com,50.0,2.8,60.95,29732.0,9671.0,606.0,3,standard,month-to-month,bank_transfer,west,1,overdue
CUST107327,user7327@example.com,37.0,5.8,82.49,40736.0,11576.0,700.0,1,standard,one-year,e_check,north,0,paid
CUST107328,user7328@example.com,30.0,17.3,83.59,52873.0,15140.0,767.0,1,premium,month-to-month,credit_card,south,1,unpaid
CUST107329,user7329@example.com,56.0,42.0,46.78,65669.0,4808.0,656.0,0,basic,month-to-month,bank_transfer,west,1,overdue
CUST107330,user7330@example.com,43.0,10.3,46.04,67983.0,31499.0,627.0,4,basic,month-to-month,e_check,east,1,unpaid
CUST107331,user7331@example.com,72.0,2.7,64.89,61525.0,14999.0,686.0,0,family,month-to-month,bank_transfer,west,1,overdue
CUST107332,user7332@example.com,38.0,12.3,97.63,71082.0,22188.0,631.0,1,standard,month-to-month,bank_transfer,south,0,paid
CUST107333,user7333@example.com,66.0,0.1,24.21,35013.0,18073.0,476.0,3,standard,one-year,bank_transfer,west,1,unpaid
CUST107334,user7334@example.com,40.0,7.3,60.93,64778.0,23800.0,691.0,4,basic,two-year,bank_transfer,south,1,overdue
CUST107335,user7335@example.com,58.0,4.6,102.75,55267.0,28644.0,729.0,1,family,one-year,e_check,east,0,paid
CUST107336,user7336@example.com,62.0,47.2,39.2,57498.0,7210.0,736.0,0,premium,one-year,bank_transfer,south,0,paid
CUST107337,user7337@example.com,30.0,27.8,101.35,47754.0,9789.0,558.0,2,family,month-to-month,mailed_check,east,0,paid
CUST107338,user7338@example.com,36.0,0.1,41.81,35939.0,6302.0,699.0,1,basic,month-to-month,bank_transfer,west,0,paid
CUST107339,user7339@example.com,30.0,7.0,47.09,30697.0,16499.0,773.0,2,basic,one-year,bank_transfer,north,0,paid
CUST107340,user7340@example.com,27.0,5.0,66.32,61413.0,29470.0,850.0,0,premium,two-year,e_check,west,1,unpaid
CUST107341,user7341@example.com,50.0,4.2,116.84,64957.0,33047.0,688.0,2,premium,month-to-month,e_check,south,0,overdue
CUST107342,user7342@example.com,40.0,5.5,54.0,52409.0,19013.0,729.0,1,premium,month-to-month,credit_card,east,1,overdue
CUST107343,user7343@example.com,43.0,4.9,26.68,54704.0,9377.0,571.0,1,basic,one-year,e_check,north,1,unpaid
CUST107344,user7344@example.com,49.0,47.7,34.95,40596.0,10447.0,560.0,1,standard,one-year,e_check,north,0,paid
CUST107345,user7345@example.com,20.0,9.0,93.3,65061.0,22945.0,729.0,3,basic,month-to-month,credit_card,west,0,paid
CUST107346,user7346@example.com,57.0,12.9,36.13,56213.0,3397.0,487.0,4,standard,month-to-month,e_check,west,1,overdue
CUST107347,user7347@example.com,38.0,0.7,99.7,47688.0,19161.0,662.0,2,family,month-to-month,mailed_check,east,1,overdue
CUST107348,user7348@example.com,48.0,30.0,71.74,72322.0,37620.0,764.0,1,premium,month-to-month,bank_transfer,east,0,paid
CUST107349,user7349@example.com,49.0,30.0,69.19,67900.0,15556.0,707.0,3,basic,month-to-month,credit_card,north,0,paid
CUST107350,user7350@example.com,58.0,6.1,77.43,24283.0,10293.0,706.0,3,standard,one-year,e_check,east,1,overdue
CUST107351,user7351@example.com,41.0,46.8,49.98,55983.0,17688.0,646.0,1,standard,two-year,credit_card,east,0,paid
CUST107352,user7352@example.com,18.0,1.0,73.45,35835.0,1870.0,617.0,4,standard,one-year,e_check,west,1,overdue
CUST107353,user7353@example.com,43.0,31.8,40.17,57790.0,11916.0,822.0,1,basic,month-to-month,mailed_check,east,0,paid
CUST107354,user7354@example.com,44.0,49.8,103.72,12000.0,4084.0,749.0,3,standard,month-to-month,bank_transfer,west,1,unpaid
CUST107355,user7355@example.com,30.0,41.0,44.32,58943.0,26448.0,718.0,1,standard,two-year,e_check,west,0,overdue
CUST107356,user7356@example.com,44.0,41.3,80.97,69240.0,18772.0,652.0,6,basic,month-to-month,mailed_check,west,1,overdue
CUST107357,user7357@example.com,38.0,95.0,44.13,52784.0,8046.0,603.0,2,basic,two-year,bank_transfer,east,0,paid
CUST107358,user7358@example.com,26.0,18.0,56.67,31706.0,2650.0,736.0,0,standard,month-to-month,bank_transfer,west,0,paid
CUST107359,user7359@example.com,50.0,10.2,60.65,94127.0,41706.0,625.0,0,standard,month-to-month,e_check,west,1,overdue
CUST107360,user7360@example.com,35.0,6.6,144.53,,19590.0,656.0,3,basic,month-to-month,mailed_check,north,1,overdue
CUST107361,user7361@example.com,37.0,1.0,69.64,44379.0,18014.0,699.0,2,premium,one-year,bank_transfer,west,0,paid
CUST107362,user7362@example.com,36.0,12.6,49.46,49780.0,8560.0,667.0,0,premium,month-to-month,e_check,east,0,paid
CUST107363,user7363@example.com,57.0,0.1,58.89,15379.0,7153.0,774.0,0,basic,two-year,bank_transfer,east,0,paid
CUST107364,user7364@example.com,42.0,25.3,32.38,64468.0,15434.0,,2,premium,month-to-month,credit_card,east,1,unpaid
CUST107365,user7365@example.com,43.0,20.6,65.93,27615.0,2176.0,655.0,1,standard,month-to-month,mailed_check,north,0,paid
CUST107366,user7366@example.com,37.0,34.3,116.28,68327.0,22591.0,821.0,1,basic,month-to-month,credit_card,east,1,unpaid
CUST107367,user7367@example.com,48.0,6.5,78.4,75519.0,34157.0,722.0,1,premium,one-year,bank_transfer,south,0,paid
CUST107368,user7368@example.com,58.0,43.0,92.59,53595.0,30167.0,634.0,1,standard,two-year,e_check,west,1,unpaid
CUST107369,user7369@example.com,50.0,9.2,47.25,,19686.0,714.0,0,standard,two-year,bank_transfer,west,0,paid
CUST107370,user7370@example.com,50.0,106.2,64.92,79980.0,24077.0,646.0,2,basic,month-to-month,credit_card,west,0,paid
CUST107371,user7371@example.com,49.0,27.9,75.1,55043.0,21276.0,767.0,0,premium,one-year,credit_card,west,1,overdue
CUST107372,user7372@example.com,25.0,0.6,51.87,56865.0,20271.0,716.0,1,basic,two-year,bank_transfer,west,0,paid
CUST107373,user7373@example.com,31.0,1.0,80.0,36369.0,12491.0,581.0,1,basic,one-year,mailed_check,north,1,overdue
CUST107374,user7374@example.com,40.0,6.8,85.39,58861.0,6651.0,669.0,1,premium,month-to-month,bank_transfer,east,1,overdue
CUST107375,user7375@example.com,33.0,3.3,83.57,50942.0,21343.0,683.0,3,basic,two-year,bank_transfer,north,1,overdue
CUST107376,user7376@example.com,29.0,5.8,66.22,28430.0,16515.0,687.0,3,family,month-to-month,mailed_check,south,0,paid
CUST107377,user7377@example.com,20.0,6.8,97.27,81800.0,9795.0,675.0,0,basic,month-to-month,e_check,west,1,overdue
CUST107378,user7378@example.com,26.0,45.9,594.9548304426855,90183.0,19977.0,695.0,0,basic,month-to-month,mailed_check,east,0,paid
CUST107379,user7379@example.com,39.0,1.4,61.28,75364.0,6962.0,684.0,2,standard,two-year,bank_transfer,north,1,unpaid
CUST107380,user7380@example.com,41.0,21.1,106.04,72377.0,19652.0,592.0,1,standard,two-year,e_check,west,1,overdue
CUST107381,user7381@example.com,32.0,37.2,42.33,90302.0,28438.0,613.0,0,basic,two-year,e_check,east,0,paid
CUST107382,user7382@example.com,43.0,1.9,27.43,34050.0,8407.0,630.0,2,basic,month-to-month,mailed_check,west,0,paid
CUST107383,user7383@example.com,37.0,1.4,48.3,33810.0,10553.0,658.0,1,basic,month-to-month,e_check,west,1,unpaid
CUST107384,user7384@example.com,55.0,30.1,79.68,46712.0,22965.0,630.0,4,family,month-to-month,bank_transfer,south,0,paid
CUST107385,user7385@example.com,40.0,12.3,102.09,60957.0,10220.0,738.0,2,basic,month-to-month,mailed_check,east,1,overdue
CUST107386,user7386@example.com,50.0,21.4,53.49,49148.0,22946.0,573.0,5,family,month-to-month,bank_transfer,east,1,unpaid
CUST107387,user7387@example.com,44.0,29.3,115.37,34600.0,16826.0,511.0,1,standard,month-to-month,mailed_check,north,1,overdue
CUST107388,user7388@example.com,25.0,3.1,70.68,55113.0,20371.0,807.0,1,standard,two-year,e_check,east,0,paid
CUST107389,user7389@example.com,41.0,12.9,67.11,53112.0,11867.0,585.0,2,premium,month-to-month,credit_card,west,0,paid
CUST107390,user7390@example.com,27.0,58.7,48.75,71826.0,40587.0,738.0,1,basic,month-to-month,e_check,west,1,overdue
CUST107391,user7391@example.com,41.0,9.8,118.78,55891.0,13981.0,699.0,3,family,month-to-month,mailed_check,north,1,unpaid
CUST107392,user7392@example.com,33.0,54.5,66.24,16909.0,1310.0,587.0,2,premium,one-year,credit_card,west,1,overdue
CUST107393,user7393@example.com,47.0,14.9,36.7,62709.0,7829.0,639.0,0,premium,one-year,bank_transfer,west,0,paid
CUST107394,user7394@example.com,26.0,5.7,131.44,86636.0,46816.0,627.0,0,standard,month-to-month,mailed_check,north,1,overdue
CUST107395,user7395@example.com,42.0,120.0,79.84,55579.0,7363.0,679.0,1,standard,two-year,bank_transfer,north,0,paid
CUST107396,user7396@example.com,49.0,27.2,89.97,74739.0,22128.0,589.0,1,standard,month-to-month,e_check,west,0,paid
CUST107397,user7397@example.com,53.0,119.5,112.04,44898.0,19332.0,636.0,2,basic,one-year,e_check,north,0,paid
CUST107398,user7398@example.com,33.0,34.4,85.36,66315.0,24238.0,647.0,2,basic,one-year,credit_card,north,1,overdue
CUST107399,user7399@example.com,42.0,0.7,94.37,40108.0,16418.0,738.0,0,premium,two-year,e_check,north,0,paid
CUST107400,user7400@example.com,44.0,8.3,71.36,50070.0,12109.0,617.0,3,standard,month-to-month,credit_card,west,1,overdue
CUST107401,user7401@example.com,61.0,8.2,88.34,50227.0,20806.0,572.0,2,basic,month-to-month,e_check,east,1,overdue
CUST107402,user7402@example.com,24.0,18.4,69.15,64534.0,3549.0,,2,premium,month-to-month,e_check,south,0,paid
CUST107403,user7403@example.com,31.0,28.0,69.49,38517.0,7503.0,679.0,1,basic,month-to-month,bank_transfer,east,1,overdue
CUST107404,user7404@example.com,76.0,31.4,72.99,25702.0,3032.0,508.0,0,family,month-to-month,bank_transfer,north,0,paid
CUST107405,user7405@example.com,39.0,14.5,60.08,64402.0,19346.0,746.0,0,premium,month-to-month,e_check,east,0,paid
CUST107406,user7406@example.com,19.0,53.3,82.61,63651.0,8287.0,652.0,0,premium,month-to-month,mailed_check,north,0,paid
CUST107407,user7407@example.com,35.0,10.5,82.55,57250.0,20098.0,685.0,1,standard,month-to-month,bank_transfer,south,1,overdue
CUST107408,user7408@example.com,18.0,5.1,90.47,73658.0,11002.0,668.0,0,standard,two-year,mailed_check,south,1,unpaid
CUST107409,user7409@example.com,45.0,96.6,85.99,50947.0,14155.0,597.0,2,basic,month-to-month,credit_card,west,0,paid
CUST107410,user7410@example.com,52.0,16.0,120.0,60627.0,5506.0,563.0,1,family,month-to-month,mailed_check,east,0,paid
CUST107411,user7411@example.com,31.0,15.5,96.32,48002.0,14016.0,594.0,1,standard,month-to-month,e_check,north,1,overdue
CUST107412,user7412@example.com,36.0,0.8,64.82,49828.0,24634.0,530.0,1,standard,one-year,credit_card,south,1,unpaid
CUST107413,user7413@example.com,53.0,37.4,81.33,61804.0,13862.0,678.0,1,basic,one-year,e_check,south,0,paid
CUST107414,user7414@example.com,21.0,18.2,105.32,100332.0,43993.0,637.0,1,basic,month-to-month,e_check,west,1,overdue
CUST107415,user7415@example.com,26.0,9.9,46.25,69846.0,19857.0,527.0,0,premium,month-to-month,credit_card,north,1,overdue
CUST107416,user7416@example.com,39.0,120.0,120.36,65972.0,11797.0,601.0,1,standard,month-to-month,mailed_check,west,0,paid
CUST107417,user7417@example.com,33.0,21.7,50.63,70469.0,15286.0,702.0,1,standard,one-year,e_check,south,1,overdue
CUST107418,user7418@example.com,38.0,12.4,92.51,12000.0,2597.0,753.0,2,basic,month-to-month,credit_card,south,1,overdue
CUST107419,user7419@example.com,27.0,42.5,70.17,61384.0,28133.0,547.0,3,family,one-year,mailed_check,west,0,paid
CUST107420,user7420@example.com,45.0,64.3,68.73,73209.0,11751.0,823.0,0,standard,month-to-month,mailed_check,north,0,paid
CUST107421,user7421@example.com,40.0,3.1,37.43,56689.0,33320.0,573.0,1,standard,month-to-month,bank_transfer,south,0,paid
CUST107422,user7422@example.com,49.0,109.2,92.69,54136.0,23177.0,514.0,2,family,two-year,mailed_check,east,1,overdue
CUST107423,user7423@example.com,44.0,99.6,37.79,36201.0,9797.0,791.0,1,standard,month-to-month,bank_transfer,south,0,paid
CUST107424,user7424@example.com,44.0,64.0,33.93,,27748.0,567.0,0,family,month-to-month,credit_card,east,0,paid
CUST107425,user7425@example.com,25.0,3.5,98.99,38330.0,6474.0,772.0,1,basic,month-to-month,credit_card,south,1,overdue
CUST107426,user7426@example.com,48.0,16.6,114.74,74990.0,35215.0,597.0,1,standard,month-to-month,e_check,north,1,overdue
CUST107427,user7427@example.com,38.0,15.2,53.32,85033.0,16923.0,627.0,2,standard,month-to-month,credit_card,west,1,overdue
CUST107428,user7428@example.com,40.0,7.5,95.08,93701.0,32698.0,546.0,0,basic,month-to-month,credit_card,west,1,overdue
CUST107429,user7429@example.com,55.0,6.1,89.91,38000.0,3037.0,752.0,2,standard,one-year,credit_card,east,1,unpaid
CUST107430,user7430@example.com,33.0,2.3,67.71,41632.0,21463.0,741.0,0,premium,month-to-month,e_check,east,1,overdue
CUST107431,user7431@example.com,58.0,13.0,103.4,40006.0,10057.0,597.0,1,basic,one-year,bank_transfer,south,0,paid
CUST107432,user7432@example.com,59.0,11.7,65.91,34629.0,12864.0,644.0,1,standard,month-to-month,bank_transfer,east,0,paid
CUST107433,user7433@example.com,51.0,10.5,82.94,34952.0,19573.0,703.0,2,family,one-year,credit_card,south,1,unpaid
CUST107434,user7434@example.com,30.0,120.0,38.66,44690.0,2978.0,612.0,1,standard,month-to-month,bank_transfer,south,0,paid
CUST107435,user7435@example.com,18.0,12.9,39.72,72490.0,42219.0,759.0,2,standard,month-to-month,bank_transfer,east,1,overdue
CUST107436,user7436@example.com,55.0,30.8,99.23,40643.0,13772.0,642.0,2,premium,one-year,credit_card,east,0,paid
CUST107437,user7437@example.com,43.0,23.0,83.78,76062.0,36465.0,608.0,1,basic,month-to-month,mailed_check,west,1,overdue
CUST107438,user7438@example.com,33.0,9.0,66.44,82349.0,25543.0,523.0,4,premium,one-year,mailed_check,north,0,paid
CUST107439,user7439@example.com,56.0,62.3,117.7,60702.0,30275.0,547.0,0,premium,month-to-month,bank_transfer,south,0,paid
CUST107440,user7440@example.com,32.0,0.8,117.43,79583.0,42522.0,697.0,3,family,one-year,credit_card,south,0,paid
CUST107441,user7441@example.com,37.0,17.8,80.98,27775.0,7219.0,669.0,2,basic,two-year,e_check,north,0,paid
CUST107442,user7442@example.com,48.0,27.1,33.61,43836.0,19614.0,715.0,3,basic,month-to-month,credit_card,south,0,paid
CUST107443,user7443@example.com,29.0,57.3,67.21,58788.0,35228.0,605.0,1,basic,month-to-month,e_check,south,0,paid
CUST107444,user7444@example.com,41.0,8.9,49.19,59465.0,27736.0,519.0,4,standard,two-year,credit_card,west,0,paid
CUST107445,user7445@example.com,55.0,25.9,72.24,83585.0,48168.0,610.0,2,basic,month-to-month,mailed_check,north,1,unpaid
CUST107446,user7446@example.com,45.0,62.6,46.59,35023.0,15940.0,813.0,1,standard,month-to-month,e_check,west,1,unpaid
CUST107447,user7447@example.com,57.0,0.7,40.09,44261.0,10244.0,573.0,0,basic,month-to-month,bank_transfer,east,1,overdue
CUST107448,user7448@example.com,56.0,68.6,13.43,53300.0,26913.0,647.0,0,premium,month-to-month,e_check,west,0,paid
CUST107449,user7449@example.com,42.0,1.4,74.18,44628.0,18587.0,457.0,1,family,one-year,mailed_check,north,1,overdue
CUST107450,user7450@example.com,18.0,3.2,12.53,34147.0,2328.0,608.0,2,basic,month-to-month,credit_card,west,1,unpaid
CUST107451,user7451@example.com,29.0,82.9,61.99,45469.0,6586.0,617.0,2,basic,two-year,mailed_check,south,0,paid
CUST107452,user7452@example.com,51.0,5.8,87.36,50089.0,9702.0,677.0,3,basic,month-to-month,mailed_check,north,1,overdue
CUST107453,user7453@example.com,23.0,34.8,51.95,83951.0,38530.0,625.0,2,family,one-year,bank_transfer,north,0,paid
CUST107454,user7454@example.com,38.0,84.9,42.88,34595.0,16897.0,529.0,1,standard,month-to-month,mailed_check,north,0,paid
CUST107455,user7455@example.com,46.0,54.8,68.3,71304.0,35993.0,597.0,2,basic,one-year,mailed_check,north,0,paid
CUST107456,user7456@example.com,60.0,3.4,49.28,80443.0,6996.0,634.0,1,standard,month-to-month,e_check,east,0,paid
CUST107457,user7457@example.com,35.0,2.4,74.64,44748.0,4013.0,570.0,1,premium,two-year,mailed_check,south,0,paid
CUST107458,user7458@example.com,34.0,9.7,44.18,60198.0,12924.0,582.0,0,premium,two-year,credit_card,south,1,overdue
CUST107459,user7459@example.com,41.0,18.0,67.39,66519.0,28249.0,730.0,2,standard,month-to-month,mailed_check,west,0,paid
CUST107460,user7460@example.com,46.0,13.9,61.34,63220.0,32445.0,600.0,0,basic,month-to-month,bank_transfer,east,1,overdue
CUST107461,user7461@example.com,40.0,34.3,69.71,56643.0,29916.0,685.0,0,family,month-to-month,bank_transfer,east,0,paid
CUST107462,user7462@example.com,55.0,95.5,110.88,41423.0,6799.0,636.0,0,premium,month-to-month,bank_transfer,south,0,paid
CUST107463,user7463@example.com,32.0,31.3,75.0,68249.0,32219.0,,2,basic,two-year,mailed_check,west,1,unpaid
CUST107464,user7464@example.com,43.0,45.5,82.61,47511.0,19120.0,623.0,1,standard,two-year,bank_transfer,east,0,paid
CUST107465,user7465@example.com,47.0,0.0,54.38,55573.0,31104.0,673.0,1,basic,one-year,e_check,south,1,overdue
CUST107466,user7466@example.com,37.0,54.2,75.58,58516.0,27800.0,789.0,1,standard,one-year,e_check,west,0,paid
CUST107467,user7467@example.com,52.0,18.2,63.13,72120.0,24574.0,588.0,3,family,month-to-month,credit_card,north,1,overdue
CUST107468,user7468@example.com,44.0,19.5,70.74,93559.0,44979.0,643.0,1,basic,month-to-month,mailed_check,west,0,paid
CUST107469,user7469@example.com,51.0,5.6,86.22,40244.0,8836.0,723.0,0,basic,month-to-month,credit_card,north,0,overdue
CUST107470,user7470@example.com,44.0,79.9,57.49,56051.0,27038.0,751.0,3,standard,month-to-month,credit_card,east,1,unpaid
CUST107471,user7471@example.com,47.0,51.0,60.05,25312.0,12141.0,598.0,2,basic,one-year,bank_transfer,north,0,paid
CUST107472,user7472@example.com,34.0,20.0,57.84,84629.0,44038.0,638.0,1,basic,month-to-month,bank_transfer,west,1,overdue
CUST107473,user7473@example.com,34.0,35.3,57.36,55877.0,10243.0,739.0,2,basic,one-year,e_check,east,0,paid
CUST107474,user7474@example.com,57.0,39.0,74.33,49006.0,25334.0,691.0,2,standard,month-to-month,credit_card,west,1,overdue
CUST107475,user7475@example.com,50.0,3.9,60.9,56045.0,8013.0,733.0,2,basic,two-year,mailed_check,south,0,paid
CUST107476,user7476@example.com,30.0,40.2,107.45,57055.0,27075.0,744.0,2,family,one-year,credit_card,west,0,paid
CUST107477,user7477@example.com,44.0,33.7,136.98,40363.0,22662.0,694.0,1,family,month-to-month,credit_card,west,0,paid
CUST107478,user7478@example.com,18.0,14.4,606.5235808974858,78759.0,5489.0,661.0,0,standard,two-year,e_check,west,1,unpaid
CUST107479,user7479@example.com,35.0,25.1,77.35,67895.0,26771.0,596.0,1,basic,one-year,bank_transfer,east,0,paid
CUST107480,user7480@example.com,54.0,0.0,95.95,70683.0,29176.0,630.0,0,basic,two-year,credit_card,west,0,paid
CUST107481,user7481@example.com,40.0,68.9,63.36,41400.0,20631.0,636.0,3,standard,one-year,e_check,south,1,unpaid
CUST107482,user7482@example.com,43.0,1.7,45.14,40318.0,4296.0,746.0,0,standard,month-to-month,e_check,east,0,paid
CUST107483,user7483@example.com,18.0,25.5,113.45,52729.0,29011.0,664.0,1,basic,one-year,bank_transfer,east,1,overdue
CUST107484,user7484@example.com,37.0,55.7,87.15,70999.0,42357.0,665.0,0,premium,month-to-month,bank_transfer,west,1,overdue
CUST107485,user7485@example.com,46.0,32.1,77.97,65034.0,27292.0,570.0,0,premium,two-year,e_check,south,0,paid
CUST107486,user7486@example.com,48.0,36.6,106.26,39446.0,11300.0,746.0,3,basic,month-to-month,mailed_check,east,1,overdue
CUST107487,user7487@example.com,54.0,3.1,89.26,68355.0,27291.0,589.0,5,family,month-to-month,bank_transfer,north,1,unpaid
CUST107488,user7488@example.com,39.0,59.2,68.8,35558.0,2848.0,627.0,2,premium,month-to-month,bank_transfer,north,0,paid
CUST107489,user7489@example.com,40.0,27.7,45.58,41768.0,19387.0,755.0,1,family,month-to-month,credit_card,east,0,paid
CUST107490,user7490@example.com,26.0,11.2,57.67,58154.0,5146.0,721.0,0,premium,month-to-month,e_check,north,0,paid
CUST107491,user7491@example.com,40.0,34.8,100.12,31571.0,7180.0,582.0,0,basic,one-year,credit_card,east,0,paid
CUST107492,user7492@example.com,27.0,1.7,87.05,35729.0,4526.0,564.0,2,standard,month-to-month,mailed_check,east,1,unpaid
CUST107493,user7493@example.com,20.0,37.2,65.33,86042.0,38661.0,634.0,5,basic,month-to-month,e_check,east,1,overdue
CUST107494,user7494@example.com,29.0,10.6,114.16,82325.0,31031.0,604.0,1,basic,month-to-month,bank_transfer,east,1,unpaid
CUST107495,user7495@example.com,60.0,0.2,66.07,100794.0,43801.0,533.0,1,basic,month-to-month,credit_card,north,1,unpaid
CUST107496,user7496@example.com,39.0,19.4,94.69,64011.0,5474.0,590.0,0,standard,month-to-month,bank_transfer,south,1,overdue
CUST107497,user7497@example.com,45.0,24.4,75.5,67895.0,17227.0,430.0,1,premium,month-to-month,credit_card,east,0,paid
CUST107498,user7498@example.com,36.0,18.6,118.32,51901.0,14189.0,722.0,3,basic,month-to-month,mailed_check,west,1,overdue
CUST107499,user7499@example.com,21.0,1.1,88.83,47991.0,18300.0,717.0,3,standard,one-year,bank_transfer,south,0,paid
CUST107500,user7500@example.com,53.0,33.2,71.15,72438.0,7699.0,763.0,2,premium,month-to-month,mailed_check,west,0,paid
CUST107501,user7501@example.com,18.0,6.4,65.53,82240.0,33388.0,678.0,1,standard,month-to-month,mailed_check,west,0,paid
CUST107502,user7502@example.com,35.0,17.6,69.62,70733.0,18892.0,614.0,3,basic,month-to-month,credit_card,east,1,overdue
CUST107503,user7503@example.com,41.0,14.7,51.87,38204.0,20945.0,732.0,0,standard,month-to-month,e_check,south,0,paid
CUST107504,user7504@example.com,45.0,22.6,35.83,62832.0,18686.0,594.0,1,basic,month-to-month,mailed_check,west,1,unpaid
CUST107505,user7505@example.com,33.0,7.8,77.72,39597.0,4203.0,544.0,0,standard,month-to-month,credit_card,west,1,overdue
CUST107506,user7506@example.com,20.0,0.7,56.66,48510.0,5184.0,638.0,0,standard,one-year,mailed_check,east,1,overdue
CUST107507,user7507@example.com,32.0,6.8,56.6,87725.0,16656.0,683.0,0,basic,one-year,e_check,east,1,overdue
CUST107508,user7508@example.com,33.0,4.5,67.78,31008.0,5640.0,585.0,0,basic,month-to-month,mailed_check,east,0,paid
CUST107509,user7509@example.com,33.0,31.1,71.31,98374.0,48024.0,566.0,1,basic,one-year,mailed_check,west,1,overdue
CUST107510,user7510@example.com,54.0,32.5,70.18,65991.0,29519.0,617.0,0,premium,month-to-month,credit_card,south,0,paid
CUST107511,user7511@example.com,27.0,7.0,113.46,45678.0,4210.0,683.0,2,basic,month-to-month,mailed_check,south,0,paid
CUST107512,user7512@example.com,46.0,18.9,86.56,56364.0,29213.0,,2,premium,one-year,credit_card,east,0,paid
CUST107513,user7513@example.com,44.0,23.1,122.7,41301.0,4249.0,850.0,1,family,one-year,mailed_check,east,0,paid
CUST107514,user7514@example.com,54.0,19.1,59.03,44062.0,21242.0,639.0,0,standard,month-to-month,e_check,north,0,paid
CUST107515,user7515@example.com,40.0,97.2,89.59,56466.0,6290.0,710.0,5,premium,month-to-month,e_check,south,0,paid
CUST107516,user7516@example.com,51.0,30.4,60.41,48422.0,12444.0,534.0,0,standard,one-year,mailed_check,east,0,paid
CUST107517,user7517@example.com,40.0,85.7,55.97,36341.0,16826.0,697.0,0,basic,month-to-month,bank_transfer,west,0,paid
CUST107518,user7518@example.com,47.0,16.2,123.64,50572.0,9583.0,613.0,1,basic,one-year,bank_transfer,north,1,overdue
CUST107519,user7519@example.com,24.0,1.1,50.8,28708.0,3225.0,,1,family,month-to-month,e_check,north,0,paid
CUST107520,user7520@example.com,18.0,12.0,14.21,,14278.0,785.0,1,premium,one-year,credit_card,south,0,paid
CUST107521,user7521@example.com,47.0,17.5,52.3,29359.0,12625.0,620.0,2,family,two-year,credit_card,south,0,paid
CUST107522,user7522@example.com,47.0,69.4,19.79,88426.0,47768.0,545.0,3,standard,two-year,mailed_check,west,0,paid
CUST107523,user7523@example.com,48.0,26.5,46.22,63112.0,25425.0,558.0,0,basic,month-to-month,e_check,east,1,overdue
CUST107524,user7524@example.com,36.0,16.8,48.53,66917.0,6068.0,664.0,0,basic,month-to-month,e_check,south,0,overdue
CUST107525,user7525@example.com,60.0,37.7,70.88,55225.0,22159.0,659.0,2,premium,month-to-month,bank_transfer,north,0,paid
CUST107526,user7526@example.com,36.0,8.3,18.76,65126.0,32718.0,656.0,2,basic,month-to-month,mailed_check,north,0,paid
CUST107527,user7527@example.com,47.0,10.7,99.9,78517.0,7539.0,547.0,0,standard,two-year,e_check,west,0,paid
CUST107528,user7528@example.com,49.0,4.7,23.11,63156.0,7871.0,812.0,0,premium,one-year,bank_transfer,east,0,paid
CUST107529,user7529@example.com,63.0,9.3,66.81,87807.0,37113.0,767.0,2,premium,one-year,bank_transfer,west,0,paid
CUST107530,user7530@example.com,38.0,4.8,61.9,54256.0,26327.0,660.0,0,standard,two-year,mailed_check,south,0,paid
CUST107531,user7531@example.com,34.0,11.1,90.63,66978.0,16358.0,528.0,1,standard,one-year,bank_transfer,north,0,paid
CUST107532,user7532@example.com,24.0,13.1,78.79,69080.0,31390.0,777.0,0,standard,two-year,credit_card,east,0,paid
CUST107533,user7533@example.com,61.0,34.6,99.67,36359.0,5165.0,741.0,0,standard,one-year,mailed_check,west,1,overdue
CUST107534,user7534@example.com,47.0,83.4,60.96,55855.0,16433.0,658.0,0,basic,month-to-month,credit_card,north,0,overdue
CUST107535,user7535@example.com,47.0,13.6,58.38,18172.0,8384.0,,1,basic,month-to-month,mailed_check,east,0,paid
CUST107536,user7536@example.com,79.0,56.8,80.32,52403.0,8355.0,610.0,3,basic,two-year,e_check,south,1,unpaid
CUST107537,user7537@example.com,46.0,65.4,95.73,49418.0,11954.0,573.0,1,basic,month-to-month,e_check,east,1,overdue
CUST107538,user7538@example.com,26.0,2.8,90.63,48221.0,19095.0,663.0,3,basic,month-to-month,credit_card,east,1,overdue
CUST107539,user7539@example.com,40.0,54.6,78.05,46850.0,11258.0,526.0,1,premium,one-year,mailed_check,south,1,overdue
CUST107540,user7540@example.com,30.0,1.0,75.82,65239.0,34628.0,561.0,1,standard,month-to-month,mailed_check,south,1,overdue
CUST107541,user7541@example.com,37.0,9.5,69.09,37283.0,21483.0,694.0,0,family,month-to-month,mailed_check,east,1,unpaid
CUST107542,user7542@example.com,37.0,16.5,80.25,92200.0,37180.0,669.0,4,premium,month-to-month,e_check,east,1,unpaid
CUST107543,user7543@example.com,35.0,0.3,120.87,66350.0,31869.0,539.0,0,premium,one-year,credit_card,south,0,paid
CUST107544,user7544@example.com,25.0,26.4,63.94,38941.0,21366.0,617.0,0,standard,one-year,e_check,south,0,paid
CUST107545,user7545@example.com,61.0,8.7,60.89,67944.0,29625.0,543.0,1,standard,two-year,e_check,north,1,overdue
CUST107546,user7546@example.com,46.0,17.6,58.97,74897.0,35600.0,611.0,3,basic,one-year,credit_card,south,0,paid
CUST107547,user7547@example.com,39.0,18.6,79.73,62382.0,5871.0,602.0,4,standard,one-year,mailed_check,east,1,overdue
CUST107548,user7548@example.com,51.0,4.8,16.96,34884.0,17549.0,729.0,2,standard,one-year,bank_transfer,west,0,paid
CUST107549,user7549@example.com,48.0,12.9,66.62,99746.0,20050.0,637.0,1,standard,month-to-month,credit_card,west,1,overdue
CUST107550,user7550@example.com,45.0,7.0,92.02,67789.0,6029.0,631.0,2,standard,two-year,mailed_check,east,0,paid
CUST107551,user7551@example.com,50.0,88.8,56.84,30048.0,11244.0,619.0,0,premium,two-year,e_check,north,0,paid
CUST107552,user7552@example.com,44.0,9.6,74.67,59182.0,10341.0,512.0,0,standard,month-to-month,credit_card,north,0,paid
CUST107553,user7553@example.com,50.0,11.9,122.73,50594.0,4752.0,642.0,0,basic,two-year,bank_transfer,east,0,overdue
CUST107554,user7554@example.com,51.0,24.6,78.29,55129.0,21239.0,689.0,0,basic,month-to-month,credit_card,north,1,overdue
CUST107555,user7555@example.com,44.0,16.8,14.02,31126.0,3243.0,669.0,0,premium,one-year,bank_transfer,south,1,unpaid
CUST107556,user7556@example.com,39.0,34.2,34.75,56087.0,30173.0,705.0,1,family,month-to-month,credit_card,south,0,paid
CUST107557,user7557@example.com,60.0,9.5,63.72,38375.0,22376.0,709.0,0,premium,two-year,credit_card,south,0,paid
CUST107558,user7558@example.com,36.0,65.6,49.9,48009.0,21892.0,826.0,0,standard,two-year,mailed_check,east,0,paid
CUST107559,user7559@example.com,47.0,43.3,72.58,62749.0,13065.0,560.0,1,premium,two-year,bank_transfer,south,1,overdue
CUST107560,user7560@example.com,47.0,37.4,62.64,45467.0,16341.0,669.0,0,premium,month-to-month,e_check,east,1,unpaid
CUST107561,user7561@example.com,35.0,30.0,99.15,49192.0,3309.0,678.0,0,basic,month-to-month,mailed_check,north,0,paid
CUST107562,user7562@example.com,32.0,11.9,42.72,71405.0,27974.0,624.0,0,basic,month-to-month,e_check,west,1,unpaid
CUST107563,user7563@example.com,38.0,2.6,64.81,37228.0,7264.0,599.0,1,premium,two-year,credit_card,west,0,paid
CUST107564,user7564@example.com,36.0,1.4,75.43,42032.0,12621.0,690.0,2,premium,month-to-month,mailed_check,north,1,overdue
CUST107565,user7565@example.com,25.0,16.9,78.53,29908.0,4438.0,682.0,1,basic,month-to-month,bank_transfer,east,1,overdue
CUST107566,user7566@example.com,34.0,16.8,73.67,38543.0,22841.0,566.0,0,basic,month-to-month,e_check,west,0,paid
CUST107567,user7567@example.com,45.0,17.6,10.0,57582.0,9448.0,506.0,4,family,two-year,mailed_check,east,1,overdue
CUST107568,user7568@example.com,57.0,42.2,72.08,67789.0,18935.0,,1,standard,two-year,credit_card,west,0,paid
CUST107569,user7569@example.com,49.0,31.8,66.23,38877.0,7388.0,596.0,1,premium,two-year,credit_card,east,1,overdue
CUST107570,user7570@example.com,18.0,6.7,91.6,67196.0,23376.0,698.0,0,basic,month-to-month,mailed_check,north,0,paid
CUST107571,user7571@example.com,50.0,30.8,88.07,57104.0,31290.0,576.0,2,standard,two-year,mailed_check,north,1,unpaid
CUST107572,user7572@example.com,35.0,24.5,76.02,27348.0,3825.0,636.0,2,standard,two-year,mailed_check,east,1,overdue
CUST107573,user7573@example.com,47.0,13.1,77.83,58491.0,7455.0,513.0,0,basic,two-year,mailed_check,south,0,paid
CUST107574,user7574@example.com,42.0,13.1,103.81,78887.0,7158.0,526.0,1,basic,month-to-month,credit_card,west,1,overdue
CUST107575,user7575@example.com,40.0,13.6,98.76,17157.0,6419.0,588.0,0,premium,month-to-month,mailed_check,west,0,paid
CUST107576,user7576@example.com,41.0,0.1,76.88,95104.0,36248.0,630.0,2,basic,one-year,credit_card,north,1,overdue
CUST107577,user7577@example.com,42.0,30.5,123.64,42790.0,21470.0,584.0,0,standard,month-to-month,mailed_check,east,1,overdue
CUST107578,user7578@example.com,58.0,50.4,54.3,22018.0,11224.0,661.0,3,standard,month-to-month,e_check,east,1,overdue
CUST107579,user7579@example.com,42.0,7.1,40.36,57768.0,6127.0,514.0,2,standard,month-to-month,mailed_check,south,0,paid
CUST107580,user7580@example.com,55.0,47.7,69.73,71622.0,39448.0,633.0,0,premium,two-year,mailed_check,west,0,overdue
CUST107581,user7581@example.com,53.0,13.9,60.65,49391.0,25000.0,634.0,0,premium,month-to-month,bank_transfer,north,1,overdue
CUST107582,user7582@example.com,50.0,120.0,10.0,61232.0,24859.0,534.0,2,standard,month-to-month,e_check,south,0,paid
CUST107583,user7583@example.com,21.0,15.7,53.69,97395.0,23461.0,668.0,0,standard,one-year,mailed_check,north,1,unpaid
CUST107584,user7584@example.com,55.0,97.0,78.59,59113.0,27196.0,476.0,2,family,month-to-month,mailed_check,north,0,paid
CUST107585,user7585@example.com,37.0,44.3,68.55,114650.0,44871.0,595.0,1,family,month-to-month,e_check,west,1,unpaid
CUST107586,user7586@example.com,51.0,3.9,50.59,80293.0,19605.0,713.0,2,premium,month-to-month,e_check,west,1,overdue
CUST107587,user7587@example.com,30.0,14.5,71.06,56031.0,3210.0,472.0,1,standard,one-year,credit_card,east,1,overdue
CUST107588,user7588@example.com,28.0,24.5,73.08,60831.0,22863.0,704.0,1,family,month-to-month,e_check,north,1,overdue
CUST107589,user7589@example.com,66.0,70.9,87.88,48611.0,17844.0,557.0,0,basic,one-year,mailed_check,south,0,paid
CUST107590,user7590@example.com,31.0,9.5,53.96,59992.0,8100.0,603.0,1,premium,one-year,bank_transfer,north,1,overdue
CUST107591,user7591@example.com,56.0,14.3,91.85,66231.0,36326.0,763.0,0,basic,month-to-month,credit_card,west,0,paid
CUST107592,user7592@example.com,43.0,29.8,42.73,46917.0,6456.0,600.0,1,standard,month-to-month,credit_card,east,1,overdue
CUST107593,user7593@example.com,37.0,1.5,57.42,27401.0,5697.0,779.0,4,basic,month-to-month,credit_card,north,0,paid
CUST107594,user7594@example.com,41.0,52.8,112.47,81426.0,20730.0,,0,standard,month-to-month,e_check,west,0,paid
CUST107595,user7595@example.com,26.0,17.1,44.4,74470.0,31697.0,643.0,1,basic,month-to-month,credit_card,west,1,overdue
CUST107596,user7596@example.com,42.0,2.0,53.53,26658.0,2530.0,717.0,2,basic,month-to-month,mailed_check,east,1,overdue
CUST107597,user7597@example.com,29.0,5.8,38.67,58420.0,25489.0,,2,standard,one-year,bank_transfer,east,0,paid
CUST107598,user7598@example.com,37.0,66.2,49.32,75541.0,20998.0,662.0,1,family,month-to-month,bank_transfer,north,0,paid
CUST107599,user7599@example.com,53.0,7.2,73.46,73475.0,11067.0,613.0,1,basic,month-to-month,bank_transfer,west,0,paid
CUST107600,user7600@example.com,45.0,23.5,87.66,41121.0,4591.0,526.0,1,basic,two-year,e_check,north,1,overdue
CUST107601,user7601@example.com,24.0,6.5,69.53,74642.0,20660.0,530.0,2,basic,one-year,bank_transfer,west,1,overdue
CUST107602,user7602@example.com,52.0,23.8,61.88,55302.0,16330.0,755.0,2,standard,month-to-month,mailed_check,north,0,paid
CUST107603,user7603@example.com,42.0,13.2,38.93,62774.0,7879.0,786.0,2,basic,month-to-month,mailed_check,south,1,overdue
CUST107604,user7604@example.com,35.0,18.2,51.82,36610.0,11545.0,660.0,1,basic,two-year,mailed_check,west,0,paid
CUST107605,user7605@example.com,51.0,43.7,31.35,12000.0,3916.0,508.0,0,standard,two-year,mailed_check,north,0,paid
CUST107606,user7606@example.com,40.0,64.3,88.41,39453.0,23260.0,588.0,1,basic,month-to-month,mailed_check,south,0,paid
CUST107607,user7607@example.com,28.0,9.3,90.15,65732.0,29074.0,584.0,3,standard,two-year,bank_transfer,west,1,unpaid
CUST107608,user7608@example.com,64.0,1.1,68.99,50891.0,2885.0,606.0,2,basic,one-year,e_check,north,0,paid
CUST107609,user7609@example.com,42.0,40.9,81.04,68004.0,21236.0,579.0,0,premium,month-to-month,e_check,west,0,paid
CUST107610,user7610@example.com,41.0,76.7,91.91,77123.0,4772.0,692.0,1,basic,one-year,e_check,south,0,paid
CUST107611,user7611@example.com,37.0,21.4,72.53,48390.0,16025.0,,1,standard,month-to-month,mailed_check,north,0,paid
CUST107612,user7612@example.com,56.0,10.5,104.84,46421.0,10949.0,776.0,0,basic,one-year,credit_card,west,1,overdue
CUST107613,user7613@example.com,36.0,32.5,44.41,12000.0,6563.0,619.0,2,premium,two-year,credit_card,east,0,paid
CUST107614,user7614@example.com,23.0,25.9,61.28,24047.0,7726.0,666.0,0,basic,month-to-month,mailed_check,east,0,paid
CUST107615,user7615@example.com,34.0,3.5,58.31,28201.0,14593.0,709.0,0,basic,one-year,credit_card,south,0,paid
CUST107616,user7616@example.com,58.0,11.1,86.18,66133.0,24544.0,732.0,0,premium,two-year,bank_transfer,west,0,paid
CUST107617,user7617@example.com,52.0,26.4,34.15,48589.0,13026.0,551.0,1,standard,two-year,bank_transfer,east,1,overdue
CUST107618,user7618@example.com,39.0,34.5,106.2,44315.0,7815.0,682.0,2,basic,one-year,mailed_check,east,1,overdue
CUST107619,user7619@example.com,58.0,41.2,84.04,,6335.0,662.0,4,standard,month-to-month,credit_card,west,0,paid
CUST107620,user7620@example.com,51.0,11.6,113.76,39420.0,19198.0,674.0,1,basic,two-year,credit_card,south,0,paid
CUST107621,user7621@example.com,39.0,36.9,68.99,73469.0,39353.0,655.0,2,basic,one-year,credit_card,east,0,paid
CUST107622,user7622@example.com,40.0,36.0,56.24,56867.0,12980.0,787.0,4,standard,month-to-month,bank_transfer,north,0,paid
CUST107623,user7623@example.com,46.0,1.8,86.43,74827.0,24097.0,579.0,2,family,two-year,mailed_check,west,0,paid
CUST107624,user7624@example.com,32.0,0.3,95.76,12000.0,2498.0,574.0,0,standard,month-to-month,mailed_check,south,1,overdue
CUST107625,user7625@example.com,42.0,13.6,52.14,65655.0,19723.0,584.0,0,standard,month-to-month,credit_card,north,0,paid
CUST107626,user7626@example.com,46.0,27.1,20.06,45324.0,23941.0,627.0,1,standard,month-to-month,mailed_check,south,1,overdue
CUST107627,user7627@example.com,22.0,9.9,24.34,49371.0,6215.0,673.0,0,premium,two-year,bank_transfer,south,0,overdue
CUST107628,user7628@example.com,40.0,14.2,76.53,82057.0,17258.0,614.0,4,basic,one-year,credit_card,north,1,overdue
CUST107629,user7629@example.com,38.0,16.1,108.5,47203.0,20411.0,731.0,3,standard,month-to-month,credit_card,south,1,overdue
CUST107630,user7630@example.com,54.0,1.1,37.48,64838.0,14319.0,650.0,2,basic,two-year,bank_transfer,south,0,paid
CUST107631,user7631@example.com,20.0,25.9,63.19,34641.0,3278.0,642.0,2,standard,two-year,bank_transfer,south,0,paid
CUST107632,user7632@example.com,37.0,15.9,61.29,55722.0,14261.0,544.0,5,family,two-year,e_check,west,1,overdue
CUST107633,user7633@example.com,36.0,5.2,118.01,23175.0,9780.0,796.0,1,basic,two-year,credit_card,south,1,overdue
CUST107634,user7634@example.com,54.0,11.5,126.47,53854.0,31839.0,646.0,3,standard,two-year,e_check,west,1,unpaid
CUST107635,user7635@example.com,41.0,120.0,80.61,62708.0,33905.0,781.0,4,basic,one-year,credit_card,north,0,paid
CUST107636,user7636@example.com,64.0,67.3,92.45,77127.0,27691.0,600.0,3,standard,one-year,e_check,west,0,paid
CUST107637,user7637@example.com,50.0,70.0,91.75,38642.0,18453.0,716.0,1,standard,two-year,e_check,east,0,paid
CUST107638,user7638@example.com,37.0,22.7,37.99,44421.0,16181.0,605.0,0,premium,two-year,e_check,west,0,paid
CUST107639,user7639@example.com,45.0,11.7,87.46,42118.0,13547.0,796.0,1,standard,month-to-month,bank_transfer,south,0,paid
CUST107640,user7640@example.com,38.0,9.8,44.51,49920.0,7181.0,740.0,2,standard,month-to-month,bank_transfer,west,1,overdue
CUST107641,user7641@example.com,52.0,0.3,65.71,35722.0,7526.0,718.0,6,basic,month-to-month,bank_transfer,east,0,paid
CUST107642,user7642@example.com,26.0,43.9,98.49,12000.0,3584.0,592.0,1,basic,month-to-month,mailed_check,south,0,paid
CUST107643,user7643@example.com,32.0,2.4,72.02,34146.0,20217.0,803.0,0,premium,month-to-month,mailed_check,south,0,paid
CUST107644,user7644@example.com,47.0,14.6,97.56,54021.0,20782.0,813.0,0,premium,one-year,credit_card,north,0,overdue
CUST107645,user7645@example.com,57.0,56.9,102.48,52038.0,29645.0,620.0,2,basic,month-to-month,mailed_check,north,0,paid
CUST107646,user7646@example.com,18.0,15.8,26.08,66042.0,12698.0,663.0,1,premium,month-to-month,e_check,south,1,overdue
CUST107647,user7647@example.com,58.0,0.4,15.56,71844.0,6318.0,724.0,1,family,month-to-month,e_check,east,1,unpaid
CUST107648,user7648@example.com,40.0,51.0,99.05,46009.0,27058.0,492.0,1,premium,month-to-month,e_check,east,1,unpaid
CUST107649,user7649@example.com,19.0,2.7,100.06,23285.0,5386.0,742.0,0,standard,month-to-month,credit_card,east,0,paid
CUST107650,user7650@example.com,18.0,25.4,76.41,63064.0,21721.0,732.0,0,basic,one-year,mailed_check,south,0,paid
CUST107651,user7651@example.com,24.0,5.3,79.81,54804.0,4885.0,605.0,2,premium,two-year,mailed_check,west,0,paid
CUST107652,user7652@example.com,42.0,13.1,92.33,49831.0,26072.0,475.0,1,standard,two-year,bank_transfer,west,1,unpaid
CUST107653,user7653@example.com,41.0,9.0,91.86,79409.0,4000.0,677.0,2,basic,month-to-month,bank_transfer,south,1,overdue
CUST107654,user7654@example.com,50.0,15.2,62.4,,35098.0,559.0,1,standard,one-year,mailed_check,east,0,paid
CUST107655,user7655@example.com,35.0,4.1,93.9,57458.0,8099.0,523.0,1,family,month-to-month,bank_transfer,east,1,overdue
CUST107656,user7656@example.com,29.0,10.5,61.34,58278.0,8795.0,680.0,1,premium,month-to-month,bank_transfer,north,1,unpaid
CUST107657,user7657@example.com,37.0,18.5,76.09,71994.0,36299.0,755.0,2,premium,month-to-month,e_check,west,1,overdue
CUST107658,user7658@example.com,42.0,11.2,75.0,41209.0,10814.0,632.0,2,basic,month-to-month,credit_card,west,1,overdue
CUST107659,user7659@example.com,45.0,4.4,48.51,37396.0,7135.0,745.0,3,premium,month-to-month,e_check,east,1,overdue
CUST107660,user7660@example.com,33.0,50.5,51.43,50317.0,19022.0,703.0,1,premium,one-year,e_check,north,0,paid
CUST107661,user7661@example.com,53.0,62.0,125.85,31441.0,5972.0,540.0,1,premium,one-year,bank_transfer,north,0,paid
CUST107662,user7662@example.com,35.0,65.4,47.7,54092.0,11229.0,606.0,0,standard,month-to-month,e_check,east,0,paid
CUST107663,user7663@example.com,32.0,6.2,79.25,56939.0,4273.0,736.0,2,standard,month-to-month,e_check,south,1,overdue
CUST107664,user7664@example.com,35.0,15.0,84.49,53624.0,18590.0,605.0,2,premium,one-year,credit_card,north,0,paid
CUST107665,user7665@example.com,55.0,59.4,68.64,47772.0,5789.0,716.0,3,standard,one-year,mailed_check,south,0,paid
CUST107666,user7666@example.com,40.0,120.0,86.79,88060.0,44947.0,617.0,0,basic,month-to-month,e_check,north,0,paid
CUST107667,user7667@example.com,34.0,2.7,78.22,73813.0,34180.0,708.0,0,standard,one-year,bank_transfer,north,0,paid
CUST107668,user7668@example.com,53.0,24.2,48.24,53057.0,10983.0,684.0,3,premium,two-year,e_check,east,0,paid
CUST107669,user7669@example.com,68.0,4.1,83.42,56861.0,19536.0,630.0,1,basic,month-to-month,e_check,south,1,overdue
CUST107670,user7670@example.com,45.0,25.4,56.38,82527.0,30333.0,705.0,1,standard,month-to-month,bank_transfer,north,1,unpaid
CUST107671,user7671@example.com,57.0,11.9,113.52,43309.0,18040.0,477.0,3,premium,month-to-month,credit_card,east,1,unpaid
CUST107672,user7672@example.com,54.0,64.0,80.73,35688.0,10007.0,563.0,4,standard,one-year,bank_transfer,north,1,unpaid
CUST107673,user7673@example.com,35.0,1.9,52.5,59538.0,24345.0,613.0,2,standard,month-to-month,e_check,south,1,overdue
CUST107674,user7674@example.com,42.0,9.6,78.56,63278.0,9059.0,744.0,1,premium,one-year,credit_card,north,0,paid
CUST107675,user7675@example.com,27.0,20.2,46.88,64770.0,20018.0,534.0,1,standard,month-to-month,credit_card,north,0,paid
CUST107676,user7676@example.com,40.0,10.6,76.44,71556.0,7277.0,647.0,3,standard,month-to-month,credit_card,west,1,overdue
CUST107677,user7677@example.com,34.0,16.0,64.36,40348.0,22901.0,675.0,2,basic,month-to-month,bank_transfer,west,1,overdue
CUST107678,user7678@example.com,37.0,4.9,49.33,26831.0,7265.0,670.0,3,family,month-to-month,mailed_check,east,1,overdue
CUST107679,user7679@example.com,33.0,40.7,49.01,43309.0,16873.0,642.0,2,basic,month-to-month,bank_transfer,south,0,paid
CUST107680,user7680@example.com,39.0,43.4,130.87,66637.0,21284.0,600.0,0,standard,two-year,bank_transfer,south,1,unpaid
CUST107681,user7681@example.com,48.0,1.7,72.28,36562.0,2367.0,630.0,3,standard,one-year,e_check,south,1,overdue
CUST107682,user7682@example.com,41.0,27.1,59.21,16323.0,1379.0,,0,basic,month-to-month,mailed_check,east,0,paid
CUST107683,user7683@example.com,20.0,17.1,54.88,57885.0,11317.0,,0,basic,month-to-month,credit_card,north,0,paid
CUST107684,user7684@example.com,33.0,13.7,81.78,43658.0,18390.0,477.0,3,basic,one-year,mailed_check,south,1,overdue
CUST107685,user7685@example.com,24.0,30.0,54.04,20458.0,8240.0,687.0,1,basic,two-year,credit_card,west,0,paid
CUST107686,user7686@example.com,45.0,57.7,42.63,56489.0,8664.0,770.0,0,family,month-to-month,e_check,south,0,paid
CUST107687,user7687@example.com,48.0,22.1,69.19,47275.0,15068.0,566.0,1,premium,month-to-month,credit_card,north,0,paid
CUST107688,user7688@example.com,45.0,3.0,69.0,88520.0,22297.0,759.0,2,family,two-year,bank_transfer,south,0,paid
CUST107689,user7689@example.com,33.0,1.5,59.57,56777.0,20593.0,692.0,3,family,month-to-month,bank_transfer,east,0,paid
CUST107690,user7690@example.com,45.0,23.0,47.72,66722.0,15618.0,557.0,1,basic,two-year,credit_card,east,0,paid
CUST107691,user7691@example.com,36.0,18.5,60.23,54655.0,29673.0,594.0,3,premium,month-to-month,credit_card,west,0,paid
CUST107692,user7692@example.com,28.0,8.7,58.26,43049.0,13338.0,590.0,0,standard,two-year,bank_transfer,north,1,unpaid
CUST107693,user7693@example.com,51.0,6.6,54.79,45248.0,12878.0,664.0,2,basic,month-to-month,mailed_check,north,0,paid
CUST107694,user7694@example.com,52.0,12.6,76.91,76619.0,33470.0,635.0,1,standard,one-year,bank_transfer,east,0,paid
CUST107695,user7695@example.com,53.0,3.7,125.66,69956.0,33535.0,738.0,0,basic,month-to-month,mailed_check,south,1,overdue
CUST107696,user7696@example.com,35.0,11.3,103.29,25227.0,7332.0,,1,family,two-year,mailed_check,west,0,paid
CUST107697,user7697@example.com,56.0,6.2,118.55,30028.0,3301.0,526.0,2,premium,month-to-month,credit_card,west,1,unpaid
CUST107698,user7698@example.com,36.0,4.9,55.81,31138.0,3014.0,536.0,0,premium,one-year,bank_transfer,east,0,paid
CUST107699,user7699@example.com,50.0,9.3,111.87,76202.0,17510.0,699.0,1,basic,month-to-month,e_check,south,1,overdue
CUST107700,user7700@example.com,36.0,3.0,75.68,20373.0,9227.0,609.0,0,basic,month-to-month,bank_transfer,east,0,overdue
CUST107701,user7701@example.com,39.0,78.8,94.66,70730.0,28964.0,636.0,0,basic,month-to-month,bank_transfer,east,1,overdue
CUST107702,user7702@example.com,18.0,6.4,81.44,62967.0,13113.0,694.0,2,premium,two-year,bank_transfer,west,0,paid
CUST107703,user7703@example.com,38.0,19.5,61.42,57936.0,3037.0,719.0,1,standard,one-year,credit_card,west,1,overdue
CUST107704,user7704@example.com,43.0,84.9,87.99,45540.0,18374.0,,0,standard,month-to-month,credit_card,north,1,overdue
CUST107705,user7705@example.com,37.0,12.2,82.12,78772.0,28391.0,472.0,2,basic,two-year,e_check,west,1,overdue
CUST107706,user7706@example.com,63.0,95.4,25.8,57269.0,27195.0,,1,standard,one-year,bank_transfer,north,0,paid
CUST107707,user7707@example.com,28.0,83.4,66.9,26116.0,11162.0,582.0,3,standard,month-to-month,e_check,south,1,unpaid
CUST107708,user7708@example.com,35.0,37.3,91.81,30774.0,5718.0,655.0,0,family,two-year,credit_card,south,1,overdue
CUST107709,user7709@example.com,31.0,0.7,76.94,22105.0,10016.0,643.0,2,premium,month-to-month,mailed_check,west,0,paid
CUST107710,user7710@example.com,35.0,8.6,81.74,79007.0,25085.0,572.0,0,basic,month-to-month,mailed_check,west,1,overdue
CUST107711,user7711@example.com,54.0,39.3,51.21,83485.0,30566.0,817.0,3,standard,month-to-month,bank_transfer,south,0,paid
CUST107712,user7712@example.com,60.0,8.9,76.41,76726.0,18901.0,651.0,0,premium,two-year,mailed_check,east,0,paid
CUST107713,user7713@example.com,34.0,2.8,67.59,52137.0,25277.0,604.0,1,premium,month-to-month,credit_card,west,0,paid
CUST107714,user7714@example.com,33.0,2.6,64.91,26472.0,4179.0,658.0,0,standard,one-year,e_check,west,1,overdue
CUST107715,user7715@example.com,28.0,13.7,53.02,33920.0,5512.0,692.0,0,premium,one-year,mailed_check,west,0,paid
CUST107716,user7716@example.com,58.0,16.3,92.87,35223.0,6361.0,599.0,3,standard,one-year,bank_transfer,west,0,paid
CUST107717,user7717@example.com,55.0,10.1,78.64,54086.0,26191.0,836.0,3,basic,month-to-month,mailed_check,east,0,paid
CUST107718,user7718@example.com,41.0,32.1,76.11,82749.0,37275.0,528.0,2,premium,month-to-month,credit_card,north,0,paid
CUST107719,user7719@example.com,25.0,55.0,121.27,82670.0,16391.0,534.0,3,family,month-to-month,bank_transfer,east,1,overdue
CUST107720,user7720@example.com,26.0,6.3,81.84,45233.0,5841.0,522.0,0,basic,month-to-month,e_check,east,1,unpaid
CUST107721,user7721@example.com,44.0,19.3,100.01,12000.0,786.0,650.0,3,standard,month-to-month,credit_card,east,1,unpaid
CUST107722,user7722@example.com,49.0,3.2,76.82,31660.0,13491.0,688.0,1,standard,month-to-month,credit_card,north,1,overdue
CUST107723,user7723@example.com,18.0,78.4,61.17,78772.0,27285.0,624.0,2,standard,month-to-month,e_check,north,0,paid
CUST107724,user7724@example.com,38.0,39.6,692.8763588977786,59633.0,26016.0,688.0,4,family,month-to-month,credit_card,north,0,paid
CUST107725,user7725@example.com,61.0,45.8,76.03,47887.0,21048.0,687.0,1,family,month-to-month,bank_transfer,south,0,paid
CUST107726,user7726@example.com,39.0,54.9,10.0,46493.0,23926.0,621.0,3,basic,month-to-month,e_check,south,0,paid
CUST107727,user7727@example.com,60.0,10.1,76.81,39983.0,11147.0,684.0,2,premium,one-year,mailed_check,north,0,paid
CUST107728,user7728@example.com,50.0,17.9,77.88,30925.0,15617.0,634.0,1,basic,two-year,e_check,south,0,paid
CUST107729,user7729@example.com,29.0,66.4,64.56,96441.0,27936.0,617.0,0,standard,month-to-month,credit_card,north,0,paid
CUST107730,user7730@example.com,38.0,42.5,67.69,89370.0,39260.0,610.0,2,premium,month-to-month,e_check,south,0,paid
CUST107731,user7731@example.com,40.0,48.8,38.72,38563.0,13618.0,669.0,2,basic,month-to-month,bank_transfer,south,0,overdue
CUST107732,user7732@example.com,31.0,5.5,104.64,19923.0,11093.0,747.0,1,basic,month-to-month,bank_transfer,north,0,paid
CUST107733,user7733@example.com,30.0,1.3,61.57,58380.0,14804.0,554.0,1,family,month-to-month,bank_transfer,south,1,overdue
CUST107734,user7734@example.com,60.0,4.0,45.7,52051.0,22351.0,612.0,0,standard,month-to-month,mailed_check,north,0,paid
CUST107735,user7735@example.com,30.0,4.6,83.62,67563.0,25603.0,663.0,1,basic,month-to-month,e_check,south,0,paid
CUST107736,user7736@example.com,55.0,31.0,72.77,72092.0,43203.0,791.0,3,standard,two-year,credit_card,west,1,overdue
CUST107737,user7737@example.com,37.0,54.9,61.04,31599.0,2923.0,685.0,0,standard,month-to-month,e_check,east,0,paid
CUST107738,user7738@example.com,42.0,12.4,58.4,80604.0,30546.0,585.0,0,premium,month-to-month,bank_transfer,north,1,overdue
CUST107739,user7739@example.com,49.0,14.0,69.86,47937.0,8525.0,576.0,2,basic,month-to-month,mailed_check,south,0,paid
CUST107740,user7740@example.com,35.0,1.0,103.65,67158.0,36017.0,729.0,0,basic,two-year,bank_transfer,west,0,paid
CUST107741,user7741@example.com,49.0,37.3,81.74,49771.0,24237.0,625.0,5,premium,one-year,bank_transfer,east,0,paid
CUST107742,user7742@example.com,18.0,54.3,69.14,73450.0,30409.0,552.0,2,standard,month-to-month,credit_card,east,1,unpaid
CUST107743,user7743@example.com,47.0,37.2,91.31,12000.0,3770.0,731.0,1,basic,month-to-month,credit_card,east,0,paid
CUST107744,user7744@example.com,18.0,20.9,70.69,69767.0,29631.0,675.0,2,premium,one-year,e_check,west,0,paid
CUST107745,user7745@example.com,39.0,6.7,80.04,38362.0,13614.0,554.0,0,family,one-year,mailed_check,east,1,unpaid
CUST107746,user7746@example.com,52.0,28.9,73.78,56469.0,11746.0,543.0,3,family,one-year,bank_transfer,east,0,paid
CUST107747,user7747@example.com,49.0,7.4,84.74,79894.0,40002.0,477.0,3,standard,month-to-month,e_check,east,1,overdue
CUST107748,user7748@example.com,26.0,6.4,58.9,38937.0,12924.0,600.0,1,basic,two-year,mailed_check,west,0,paid
CUST107749,user7749@example.com,28.0,13.1,41.52,35800.0,6853.0,,1,premium,one-year,mailed_check,south,0,paid
CUST107750,user7750@example.com,34.0,17.6,92.67,47560.0,19756.0,727.0,0,basic,one-year,e_check,north,0,paid
CUST107751,user7751@example.com,44.0,12.8,107.62,46299.0,2790.0,684.0,2,premium,month-to-month,mailed_check,east,1,unpaid
CUST107752,user7752@example.com,18.0,9.1,42.7,33997.0,15164.0,546.0,2,premium,month-to-month,e_check,south,1,overdue
CUST107753,user7753@example.com,42.0,35.8,74.48,57125.0,17634.0,627.0,4,family,month-to-month,bank_transfer,south,1,overdue
CUST107754,user7754@example.com,46.0,10.6,58.78,58163.0,23200.0,,2,standard,month-to-month,bank_transfer,east,1,overdue
CUST107755,user7755@example.com,39.0,53.4,92.08,64260.0,8770.0,609.0,0,family,month-to-month,credit_card,west,0,overdue
CUST107756,user7756@example.com,48.0,6.9,76.17,38609.0,17182.0,712.0,2,basic,one-year,e_check,north,0,paid
CUST107757,user7757@example.com,45.0,27.2,153.19,36120.0,16175.0,702.0,0,basic,one-year,bank_transfer,west,0,paid
CUST107758,user7758@example.com,36.0,0.0,62.46,52628.0,24097.0,711.0,1,premium,month-to-month,e_check,east,1,overdue
CUST107759,user7759@example.com,19.0,27.8,108.43,50099.0,15378.0,684.0,0,family,one-year,e_check,west,0,paid
CUST107760,user7760@example.com,44.0,20.8,110.87,50483.0,20308.0,711.0,1,basic,two-year,bank_transfer,west,1,overdue
CUST107761,user7761@example.com,31.0,24.2,83.34,40855.0,14385.0,531.0,1,standard,month-to-month,e_check,west,0,paid
CUST107762,user7762@example.com,35.0,0.1,70.93,61601.0,10977.0,771.0,1,family,one-year,credit_card,west,0,paid
CUST107763,user7763@example.com,48.0,8.0,72.37,36150.0,2265.0,505.0,4,premium,two-year,bank_transfer,east,0,paid
CUST107764,user7764@example.com,59.0,29.9,70.26,52557.0,14583.0,675.0,1,standard,month-to-month,e_check,south,1,overdue
CUST107765,user7765@example.com,42.0,15.3,98.33,48873.0,24349.0,646.0,1,premium,month-to-month,e_check,east,0,paid
CUST107766,user7766@example.com,49.0,23.3,48.18,54331.0,12346.0,600.0,1,standard,month-to-month,mailed_check,south,0,paid
CUST107767,user7767@example.com,25.0,14.7,65.98,78705.0,36358.0,572.0,0,basic,one-year,credit_card,south,0,paid
CUST107768,user7768@example.com,45.0,38.7,62.95,28710.0,11536.0,694.0,4,standard,two-year,e_check,west,0,paid
CUST107769,user7769@example.com,41.0,15.5,26.85,12000.0,2932.0,714.0,2,basic,one-year,credit_card,west,0,paid
CUST107770,user7770@example.com,57.0,7.7,91.47,43116.0,2169.0,642.0,2,standard,one-year,bank_transfer,north,1,unpaid
CUST107771,user7771@example.com,36.0,5.6,96.57,31974.0,9178.0,627.0,2,basic,two-year,credit_card,south,0,paid
CUST107772,user7772@example.com,39.0,112.0,54.14,12000.0,3193.0,,0,standard,month-to-month,bank_transfer,east,0,paid
CUST107773,user7773@example.com,55.0,15.4,95.75,89927.0,11359.0,616.0,2,premium,month-to-month,credit_card,east,1,overdue
CUST107774,user7774@example.com,41.0,31.6,30.41,66194.0,33117.0,647.0,2,premium,month-to-month,e_check,north,0,paid
CUST107775,user7775@example.com,29.0,66.2,70.6,68343.0,39333.0,634.0,2,basic,month-to-month,credit_card,east,0,paid
CUST107776,user7776@example.com,73.0,20.6,66.84,49291.0,5751.0,848.0,5,premium,month-to-month,e_check,east,0,paid
CUST107777,user7777@example.com,29.0,10.9,72.19,63416.0,11226.0,583.0,1,premium,month-to-month,e_check,south,1,overdue
CUST107778,user7778@example.com,41.0,69.8,72.06,,18520.0,717.0,3,premium,one-year,bank_transfer,south,0,paid
CUST107779,user7779@example.com,46.0,18.8,68.07,71286.0,40845.0,514.0,0,basic,two-year,mailed_check,south,0,paid
CUST107780,user7780@example.com,45.0,29.8,60.31,58781.0,33135.0,573.0,2,premium,one-year,credit_card,south,0,overdue
CUST107781,user7781@example.com,40.0,15.7,67.28,54269.0,30512.0,625.0,1,premium,two-year,mailed_check,north,0,paid
CUST107782,user7782@example.com,40.0,33.2,104.08,55779.0,16292.0,640.0,4,basic,two-year,e_check,west,0,paid
CUST107783,user7783@example.com,39.0,11.7,55.53,84309.0,49932.0,628.0,0,family,one-year,bank_transfer,east,0,paid
CUST107784,user7784@example.com,29.0,30.7,554.0868181238059,58347.0,14620.0,642.0,1,basic,month-to-month,credit_card,north,0,paid
CUST107785,user7785@example.com,68.0,49.9,54.12,34408.0,3361.0,595.0,0,family,month-to-month,mailed_check,west,1,overdue
CUST107786,user7786@example.com,39.0,20.5,76.0,61724.0,27001.0,753.0,3,standard,month-to-month,mailed_check,east,1,unpaid
CUST107787,user7787@example.com,49.0,69.7,84.28,64781.0,23056.0,570.0,1,basic,month-to-month,credit_card,north,0,overdue
CUST107788,user7788@example.com,38.0,5.5,62.71,52106.0,25516.0,,2,premium,month-to-month,bank_transfer,north,0,paid
CUST107789,user7789@example.com,38.0,70.8,104.56,53958.0,21130.0,704.0,2,standard,two-year,e_check,west,0,overdue
CUST107790,user7790@example.com,37.0,29.6,83.63,33676.0,16883.0,574.0,2,premium,two-year,bank_transfer,south,0,paid
CUST107791,user7791@example.com,23.0,0.2,64.88,56942.0,13617.0,621.0,1,basic,one-year,e_check,north,0,paid
CUST107792,user7792@example.com,40.0,19.6,104.28,30710.0,6399.0,650.0,0,basic,one-year,e_check,south,0,paid
CUST107793,user7793@example.com,37.0,2.1,44.61,49984.0,23317.0,784.0,0,basic,two-year,bank_transfer,north,1,unpaid
CUST107794,user7794@example.com,56.0,2.7,55.86,41614.0,13472.0,620.0,1,standard,two-year,e_check,east,0,paid
CUST107795,user7795@example.com,28.0,1.8,84.06,74658.0,11099.0,850.0,0,basic,two-year,credit_card,west,0,paid
CUST107796,user7796@example.com,35.0,37.1,90.04,,22038.0,711.0,2,standard,one-year,e_check,east,0,paid
CUST107797,user7797@example.com,31.0,39.8,78.07,32114.0,15747.0,677.0,1,standard,month-to-month,bank_transfer,west,1,overdue
CUST107798,user7798@example.com,59.0,12.9,66.82,54908.0,30647.0,721.0,2,basic,month-to-month,credit_card,west,0,paid
CUST107799,user7799@example.com,32.0,14.2,63.71,,22844.0,513.0,2,premium,month-to-month,credit_card,north,0,paid
CUST107800,user7800@example.com,49.0,36.7,98.29,64289.0,28607.0,744.0,2,standard,month-to-month,credit_card,south,1,overdue
CUST107801,user7801@example.com,54.0,5.7,76.01,56925.0,28258.0,544.0,0,standard,month-to-month,mailed_check,north,0,paid
CUST107802,user7802@example.com,40.0,1.1,48.19,47252.0,7574.0,720.0,0,premium,one-year,mailed_check,east,1,overdue
CUST107803,user7803@example.com,25.0,6.8,46.75,56875.0,20974.0,603.0,0,standard,one-year,mailed_check,south,0,paid
CUST107804,user7804@example.com,26.0,47.1,107.84,50707.0,19106.0,586.0,0,basic,month-to-month,mailed_check,north,1,overdue
CUST107805,user7805@example.com,52.0,12.3,52.03,86783.0,49489.0,792.0,0,standard,month-to-month,credit_card,north,0,paid
CUST107806,user7806@example.com,27.0,39.6,76.82,39127.0,2286.0,642.0,2,basic,month-to-month,credit_card,east,1,overdue
CUST107807,user7807@example.com,47.0,75.9,103.77,60150.0,35115.0,528.0,1,premium,month-to-month,mailed_check,south,1,unpaid
CUST107808,user7808@example.com,43.0,0.8,83.55,65193.0,29294.0,728.0,1,standard,month-to-month,bank_transfer,west,1,unpaid
CUST107809,user7809@example.com,47.0,22.1,51.06,63770.0,3975.0,552.0,2,standard,month-to-month,mailed_check,east,0,paid
CUST107810,user7810@example.com,48.0,35.4,44.61,49042.0,16446.0,759.0,1,standard,one-year,credit_card,west,1,overdue
CUST107811,user7811@example.com,31.0,4.5,116.75,82365.0,7280.0,,3,basic,month-to-month,bank_transfer,north,1,overdue
CUST107812,user7812@example.com,30.0,26.1,43.97,13222.0,5049.0,548.0,2,standard,month-to-month,credit_card,west,1,overdue
CUST107813,user7813@example.com,51.0,9.0,56.17,33121.0,9883.0,716.0,0,premium,month-to-month,e_check,south,1,overdue
CUST107814,user7814@example.com,34.0,24.9,79.31,68271.0,32418.0,692.0,2,standard,one-year,e_check,east,0,paid
CUST107815,user7815@example.com,18.0,6.2,64.53,37398.0,13788.0,480.0,1,standard,one-year,credit_card,south,0,paid
CUST107816,user7816@example.com,50.0,56.8,84.35,,17481.0,645.0,0,family,month-to-month,mailed_check,west,0,paid
CUST107817,user7817@example.com,30.0,69.1,33.31,45656.0,11543.0,674.0,1,premium,two-year,credit_card,west,0,paid
CUST107818,user7818@example.com,48.0,3.0,64.74,39287.0,20480.0,669.0,2,basic,month-to-month,credit_card,north,0,paid
CUST107819,user7819@example.com,59.0,53.5,86.94,67742.0,35664.0,635.0,1,basic,one-year,e_check,east,1,overdue
CUST107820,user7820@example.com,42.0,16.9,87.03,73088.0,30002.0,710.0,0,premium,month-to-month,mailed_check,north,1,overdue
CUST107821,user7821@example.com,54.0,4.0,55.69,56766.0,11072.0,696.0,2,premium,two-year,bank_transfer,south,0,paid
CUST107822,user7822@example.com,44.0,6.2,44.46,76093.0,45297.0,652.0,2,basic,month-to-month,e_check,east,1,overdue
CUST107823,user7823@example.com,61.0,57.2,75.34,27271.0,13629.0,,0,standard,month-to-month,mailed_check,north,0,paid
CUST107824,user7824@example.com,29.0,24.8,37.19,56518.0,29299.0,662.0,1,basic,one-year,credit_card,west,0,paid
CUST107825,user7825@example.com,42.0,2.5,102.11,81959.0,4619.0,602.0,2,standard,one-year,mailed_check,west,0,paid
CUST107826,user7826@example.com,50.0,19.4,73.94,74537.0,37595.0,568.0,3,basic,two-year,e_check,east,1,unpaid
CUST107827,user7827@example.com,40.0,33.6,52.58,83726.0,14214.0,560.0,2,basic,month-to-month,credit_card,south,1,overdue
CUST107828,user7828@example.com,56.0,16.0,43.64,43199.0,14236.0,642.0,1,basic,month-to-month,e_check,west,1,overdue
CUST107829,user7829@example.com,37.0,8.0,54.17,73344.0,32077.0,581.0,0,family,month-to-month,credit_card,east,0,paid
CUST107830,user7830@example.com,67.0,60.3,30.95,46464.0,12808.0,637.0,2,basic,one-year,credit_card,east,0,paid
CUST107831,user7831@example.com,67.0,95.4,82.37,66903.0,12310.0,756.0,0,standard,month-to-month,credit_card,east,1,overdue
CUST107832,user7832@example.com,45.0,16.5,49.93,81218.0,26404.0,633.0,0,basic,two-year,mailed_check,north,0,paid
CUST107833,user7833@example.com,49.0,19.0,79.99,39119.0,8405.0,661.0,1,basic,month-to-month,bank_transfer,west,0,paid
CUST107834,user7834@example.com,56.0,5.9,83.44,17885.0,6947.0,632.0,1,basic,month-to-month,bank_transfer,west,1,overdue
CUST107835,user7835@example.com,28.0,35.1,94.15,91951.0,10146.0,755.0,2,basic,one-year,bank_transfer,east,0,paid
CUST107836,user7836@example.com,26.0,22.0,76.3,64763.0,17782.0,783.0,0,standard,month-to-month,mailed_check,south,1,overdue
CUST107837,user7837@example.com,57.0,3.3,98.13,52858.0,19842.0,612.0,4,standard,one-year,e_check,south,1,unpaid
CUST107838,user7838@example.com,45.0,19.7,104.65,51760.0,30786.0,,1,basic,two-year,mailed_check,west,0,paid
CUST107839,user7839@example.com,39.0,9.6,76.46,13076.0,4217.0,817.0,0,family,month-to-month,bank_transfer,north,0,paid
CUST107840,user7840@example.com,42.0,8.1,77.96,59175.0,16820.0,557.0,1,standard,month-to-month,e_check,west,1,overdue
CUST107841,user7841@example.com,18.0,19.2,56.06,44389.0,26370.0,728.0,3,premium,one-year,credit_card,north,0,paid
CUST107842,user7842@example.com,40.0,4.9,45.31,56049.0,31330.0,511.0,0,standard,two-year,e_check,east,0,paid
CUST107843,user7843@example.com,33.0,49.5,102.05,55606.0,23362.0,652.0,1,basic,month-to-month,e_check,east,1,overdue
CUST107844,user7844@example.com,53.0,6.3,85.14,12000.0,4196.0,639.0,4,basic,month-to-month,mailed_check,west,0,paid
CUST107845,user7845@example.com,54.0,35.6,87.17,64799.0,12895.0,,0,basic,month-to-month,bank_transfer,south,0,paid
CUST107846,user7846@example.com,49.0,2.3,55.23,58779.0,23107.0,737.0,1,standard,month-to-month,e_check,east,1,overdue
CUST107847,user7847@example.com,47.0,33.4,110.6,61465.0,31267.0,662.0,3,premium,month-to-month,e_check,south,0,paid
CUST107848,user7848@example.com,24.0,13.2,64.28,51332.0,30279.0,576.0,1,basic,month-to-month,e_check,west,0,paid
CUST107849,user7849@example.com,49.0,5.2,49.95,55978.0,8063.0,676.0,1,family,two-year,mailed_check,east,0,paid
CUST107850,user7850@example.com,50.0,79.4,55.66,58456.0,11734.0,722.0,2,family,one-year,bank_transfer,north,0,paid
CUST107851,user7851@example.com,57.0,11.7,109.28,60485.0,32446.0,508.0,1,basic,month-to-month,credit_card,west,1,overdue
CUST107852,user7852@example.com,67.0,9.7,42.22,64512.0,33774.0,398.0,2,basic,month-to-month,mailed_check,west,1,overdue
CUST107853,user7853@example.com,22.0,29.8,51.22,60655.0,26941.0,647.0,1,family,one-year,e_check,north,0,paid
CUST107854,user7854@example.com,37.0,23.6,142.46,91995.0,9848.0,589.0,1,family,two-year,credit_card,south,0,paid
CUST107855,user7855@example.com,33.0,21.8,93.53,40480.0,17748.0,757.0,0,standard,one-year,mailed_check,north,0,paid
CUST107856,user7856@example.com,44.0,49.8,51.67,47501.0,14629.0,620.0,0,premium,month-to-month,mailed_check,east,0,paid
CUST107857,user7857@example.com,42.0,26.5,42.96,88859.0,22587.0,675.0,1,family,two-year,credit_card,north,0,paid
CUST107858,user7858@example.com,39.0,12.6,28.18,51908.0,9752.0,635.0,1,premium,two-year,mailed_check,north,0,paid
CUST107859,user7859@example.com,54.0,19.5,72.43,73633.0,16559.0,526.0,0,standard,one-year,e_check,south,0,paid
CUST107860,user7860@example.com,29.0,4.8,88.2,57710.0,19892.0,652.0,0,standard,two-year,credit_card,north,0,paid
CUST107861,user7861@example.com,30.0,28.6,107.97,50444.0,7015.0,544.0,2,standard,two-year,credit_card,north,1,overdue
CUST107862,user7862@example.com,30.0,16.2,22.65,,24668.0,540.0,0,premium,one-year,credit_card,east,1,overdue
CUST107863,user7863@example.com,38.0,11.5,36.87,65368.0,5001.0,562.0,4,basic,month-to-month,bank_transfer,south,1,overdue
CUST107864,user7864@example.com,27.0,33.0,67.01,24320.0,6709.0,555.0,0,premium,one-year,mailed_check,east,0,paid
CUST107865,user7865@example.com,41.0,75.9,139.69,58470.0,33796.0,633.0,0,standard,month-to-month,e_check,north,1,overdue
CUST107866,user7866@example.com,40.0,28.3,92.15,35099.0,16020.0,619.0,1,standard,month-to-month,bank_transfer,west,1,overdue
CUST107867,user7867@example.com,33.0,8.4,79.32,80423.0,7056.0,673.0,0,premium,month-to-month,mailed_check,south,0,paid
CUST107868,user7868@example.com,52.0,12.2,39.38,90072.0,38579.0,524.0,0,family,two-year,mailed_check,north,0,paid
CUST107869,user7869@example.com,41.0,47.4,17.0,92479.0,14599.0,630.0,1,basic,month-to-month,mailed_check,south,0,paid
CUST107870,user7870@example.com,55.0,9.3,70.97,62150.0,19316.0,611.0,0,premium,one-year,credit_card,south,0,paid
CUST107871,user7871@example.com,40.0,24.0,67.52,45769.0,9693.0,666.0,0,standard,two-year,mailed_check,west,1,overdue
CUST107872,user7872@example.com,42.0,13.7,63.3,61435.0,34636.0,670.0,1,basic,month-to-month,credit_card,north,0,paid
CUST107873,user7873@example.com,35.0,2.6,60.49,36206.0,2894.0,663.0,2,standard,one-year,mailed_check,east,1,overdue
CUST107874,user7874@example.com,42.0,13.9,51.29,101910.0,54474.0,571.0,0,standard,one-year,bank_transfer,north,0,paid
CUST107875,user7875@example.com,51.0,7.4,45.56,78887.0,34376.0,652.0,1,premium,one-year,credit_card,west,0,paid
CUST107876,user7876@example.com,37.0,14.6,104.74,61091.0,15244.0,609.0,2,standard,two-year,credit_card,west,0,paid
CUST107877,user7877@example.com,48.0,36.5,47.84,74941.0,40004.0,,1,premium,month-to-month,e_check,east,0,paid
CUST107878,user7878@example.com,32.0,18.3,63.1,45166.0,12351.0,659.0,1,basic,month-to-month,bank_transfer,east,1,overdue
CUST107879,user7879@example.com,51.0,9.3,69.02,32841.0,14256.0,656.0,0,standard,one-year,e_check,south,0,paid
CUST107880,user7880@example.com,35.0,1.0,87.66,12000.0,5800.0,,1,standard,month-to-month,bank_transfer,west,1,overdue
CUST107881,user7881@example.com,52.0,33.4,48.7,56661.0,11758.0,603.0,1,standard,two-year,credit_card,west,0,paid
CUST107882,user7882@example.com,43.0,44.9,94.45,50837.0,4562.0,671.0,3,basic,two-year,bank_transfer,east,0,paid
CUST107883,user7883@example.com,60.0,2.3,55.51,65386.0,34489.0,644.0,2,standard,month-to-month,bank_transfer,west,0,paid
CUST107884,user7884@example.com,28.0,27.5,65.95,55261.0,9793.0,643.0,0,basic,month-to-month,bank_transfer,east,0,paid
CUST107885,user7885@example.com,24.0,9.3,111.08,64478.0,36268.0,510.0,2,family,month-to-month,bank_transfer,north,1,overdue
CUST107886,user7886@example.com,35.0,3.1,45.77,71222.0,15902.0,585.0,2,family,two-year,bank_transfer,east,1,overdue
CUST107887,user7887@example.com,25.0,0.3,88.02,25796.0,7176.0,628.0,1,standard,month-to-month,e_check,north,1,overdue
CUST107888,user7888@example.com,25.0,47.2,95.12,72378.0,20749.0,746.0,2,premium,month-to-month,bank_transfer,east,1,overdue
CUST107889,user7889@example.com,49.0,0.7,77.75,46868.0,14404.0,499.0,0,standard,month-to-month,e_check,west,0,paid
CUST107890,user7890@example.com,42.0,8.1,67.06,65352.0,37873.0,566.0,1,standard,month-to-month,credit_card,south,0,paid
CUST107891,user7891@example.com,36.0,73.9,123.14,75445.0,13942.0,498.0,0,premium,one-year,mailed_check,west,1,unpaid
CUST107892,user7892@example.com,37.0,1.5,69.65,75582.0,29065.0,676.0,3,family,month-to-month,mailed_check,west,1,overdue
CUST107893,user7893@example.com,35.0,1.2,75.1,57583.0,12194.0,745.0,0,standard,month-to-month,credit_card,south,1,overdue
CUST107894,user7894@example.com,62.0,5.7,61.59,58570.0,7146.0,679.0,1,basic,two-year,mailed_check,east,0,paid
CUST107895,user7895@example.com,33.0,77.3,73.78,72838.0,15210.0,696.0,3,family,month-to-month,e_check,east,1,overdue
CUST107896,user7896@example.com,26.0,28.3,94.1,24976.0,8837.0,567.0,0,premium,month-to-month,mailed_check,north,1,overdue
CUST107897,user7897@example.com,52.0,18.4,63.12,35968.0,13806.0,680.0,1,basic,month-to-month,credit_card,west,1,unpaid
CUST107898,user7898@example.com,39.0,51.6,17.29,49415.0,9638.0,588.0,1,basic,one-year,e_check,south,0,paid
CUST107899,user7899@example.com,66.0,6.3,82.84,28344.0,16809.0,655.0,2,standard,two-year,mailed_check,south,0,paid
CUST107900,user7900@example.com,36.0,26.6,43.04,49566.0,12367.0,690.0,5,standard,month-to-month,bank_transfer,north,0,paid
CUST107901,user7901@example.com,52.0,13.7,88.55,48473.0,24606.0,627.0,1,basic,two-year,bank_transfer,north,0,paid
CUST107902,user7902@example.com,55.0,6.1,69.97,56742.0,3930.0,716.0,3,standard,month-to-month,mailed_check,south,0,paid
CUST107903,user7903@example.com,36.0,19.1,93.58,53862.0,23288.0,637.0,0,basic,two-year,bank_transfer,east,0,overdue
CUST107904,user7904@example.com,33.0,35.5,46.29,76387.0,16569.0,672.0,1,standard,month-to-month,mailed_check,west,1,overdue
CUST107905,user7905@example.com,51.0,16.4,56.62,66460.0,22948.0,801.0,1,basic,month-to-month,bank_transfer,north,1,unpaid
CUST107906,user7906@example.com,49.0,10.4,61.5,53579.0,27333.0,690.0,0,premium,one-year,bank_transfer,south,0,paid
CUST107907,user7907@example.com,25.0,2.5,32.94,48335.0,21686.0,590.0,1,basic,month-to-month,credit_card,north,1,overdue
CUST107908,user7908@example.com,28.0,21.4,97.79,54049.0,13393.0,612.0,1,basic,month-to-month,mailed_check,east,0,paid
CUST107909,user7909@example.com,18.0,8.5,29.36,54403.0,24637.0,720.0,1,premium,month-to-month,credit_card,east,0,paid
CUST107910,user7910@example.com,49.0,10.5,97.43,105375.0,29263.0,,1,basic,month-to-month,e_check,west,1,unpaid
CUST107911,user7911@example.com,39.0,10.6,80.61,25849.0,2195.0,647.0,3,premium,month-to-month,bank_transfer,west,1,overdue
CUST107912,user7912@example.com,40.0,15.4,65.03,36474.0,15176.0,528.0,1,basic,two-year,credit_card,south,0,paid
CUST107913,user7913@example.com,22.0,13.7,78.63,33541.0,18959.0,574.0,3,basic,month-to-month,credit_card,north,1,overdue
CUST107914,user7914@example.com,29.0,46.2,77.94,60385.0,5798.0,664.0,1,standard,month-to-month,credit_card,east,1,overdue
CUST107915,user7915@example.com,36.0,18.3,59.99,59593.0,25518.0,696.0,1,family,one-year,e_check,north,0,paid
CUST107916,user7916@example.com,34.0,28.3,77.45,43539.0,22285.0,730.0,2,basic,month-to-month,credit_card,west,0,paid
CUST107917,user7917@example.com,43.0,20.5,88.28,72922.0,27575.0,487.0,4,basic,one-year,credit_card,south,0,paid
CUST107918,user7918@example.com,49.0,0.8,46.38,62393.0,19777.0,720.0,3,standard,month-to-month,mailed_check,south,1,overdue
CUST107919,user7919@example.com,69.0,7.5,78.65,73762.0,13312.0,764.0,1,premium,month-to-month,e_check,north,0,paid
CUST107920,user7920@example.com,42.0,4.5,10.0,79069.0,12384.0,459.0,1,standard,one-year,credit_card,east,0,paid
CUST107921,user7921@example.com,55.0,19.4,21.76,12379.0,3317.0,650.0,2,standard,one-year,credit_card,north,0,paid
CUST107922,user7922@example.com,32.0,67.8,84.11,68712.0,27671.0,711.0,0,basic,month-to-month,e_check,south,0,paid
CUST107923,user7923@example.com,22.0,3.4,59.55,29199.0,6513.0,537.0,1,standard,month-to-month,bank_transfer,south,1,unpaid
CUST107924,user7924@example.com,38.0,12.8,48.66,59988.0,19114.0,610.0,3,basic,one-year,credit_card,north,0,paid
CUST107925,user7925@example.com,23.0,18.6,68.67,53542.0,20346.0,695.0,5,basic,month-to-month,mailed_check,west,1,overdue
CUST107926,user7926@example.com,42.0,9.5,60.1,54396.0,9002.0,608.0,1,premium,month-to-month,bank_transfer,west,0,paid
CUST107927,user7927@example.com,33.0,22.9,45.28,30908.0,14148.0,621.0,1,standard,month-to-month,mailed_check,east,1,overdue
CUST107928,user7928@example.com,19.0,10.8,29.02,75610.0,29923.0,668.0,1,premium,month-to-month,e_check,west,0,paid
CUST107929,user7929@example.com,63.0,13.2,20.8,29190.0,10961.0,556.0,1,standard,month-to-month,bank_transfer,south,0,paid
CUST107930,user7930@example.com,36.0,35.1,88.47,70011.0,21911.0,565.0,4,basic,month-to-month,mailed_check,west,1,overdue
CUST107931,user7931@example.com,22.0,16.2,59.44,26362.0,6608.0,687.0,0,standard,month-to-month,bank_transfer,west,0,paid
CUST107932,user7932@example.com,53.0,29.7,94.24,54643.0,19226.0,726.0,1,standard,month-to-month,e_check,north,0,paid
CUST107933,user7933@example.com,33.0,18.3,59.18,91088.0,42916.0,682.0,1,basic,month-to-month,bank_transfer,south,0,overdue
CUST107934,user7934@example.com,55.0,6.0,78.87,102233.0,44809.0,759.0,2,family,one-year,credit_card,east,0,paid
CUST107935,user7935@example.com,33.0,10.0,66.86,22626.0,10311.0,684.0,2,premium,two-year,bank_transfer,east,1,unpaid
CUST107936,user7936@example.com,36.0,21.1,71.11,40909.0,6757.0,798.0,0,premium,two-year,credit_card,east,1,overdue
CUST107937,user7937@example.com,46.0,13.0,72.33,44547.0,21330.0,655.0,1,standard,one-year,bank_transfer,east,0,paid
CUST107938,user7938@example.com,49.0,1.8,58.86,100101.0,23471.0,670.0,1,premium,month-to-month,bank_transfer,north,0,paid
CUST107939,user7939@example.com,51.0,22.1,39.26,53633.0,9557.0,682.0,1,basic,two-year,e_check,west,0,paid
CUST107940,user7940@example.com,41.0,26.9,89.15,76493.0,8938.0,600.0,0,premium,month-to-month,mailed_check,north,0,paid
CUST107941,user7941@example.com,48.0,5.6,109.84,60994.0,30905.0,588.0,2,family,month-to-month,credit_card,west,0,paid
CUST107942,user7942@example.com,51.0,55.7,111.48,31016.0,12182.0,578.0,0,basic,month-to-month,e_check,east,1,unpaid
CUST107943,user7943@example.com,44.0,16.0,56.17,17804.0,9128.0,606.0,1,standard,month-to-month,bank_transfer,south,1,overdue
CUST107944,user7944@example.com,40.0,2.7,51.67,42738.0,15334.0,816.0,2,basic,month-to-month,credit_card,south,0,overdue
CUST107945,user7945@example.com,25.0,5.4,56.14,101337.0,53015.0,796.0,0,standard,two-year,bank_transfer,east,0,paid
CUST107946,user7946@example.com,49.0,17.4,65.6,60152.0,21421.0,624.0,0,premium,month-to-month,e_check,north,0,paid
CUST107947,user7947@example.com,43.0,2.9,68.69,76087.0,30832.0,616.0,1,basic,month-to-month,e_check,south,1,overdue
CUST107948,user7948@example.com,37.0,14.0,45.05,26635.0,2157.0,478.0,2,standard,month-to-month,mailed_check,west,0,paid
CUST107949,user7949@example.com,57.0,49.8,33.01,48496.0,20286.0,570.0,2,basic,month-to-month,mailed_check,south,0,paid
CUST107950,user7950@example.com,25.0,71.3,71.25,70577.0,26730.0,585.0,2,standard,one-year,e_check,south,1,overdue
CUST107951,user7951@example.com,62.0,43.1,10.0,33177.0,6076.0,615.0,1,basic,month-to-month,credit_card,south,1,overdue
CUST107952,user7952@example.com,42.0,13.4,67.48,53721.0,6017.0,604.0,1,family,month-to-month,bank_transfer,west,1,overdue
CUST107953,user7953@example.com,46.0,40.6,46.38,37405.0,9013.0,667.0,1,basic,one-year,e_check,north,0,paid
CUST107954,user7954@example.com,37.0,28.2,89.5,71529.0,5944.0,712.0,2,basic,month-to-month,bank_transfer,south,1,unpaid
CUST107955,user7955@example.com,22.0,33.5,96.19,62970.0,23957.0,592.0,1,family,month-to-month,credit_card,north,0,paid
CUST107956,user7956@example.com,40.0,24.7,96.78,68668.0,24052.0,765.0,1,standard,two-year,bank_transfer,north,0,paid
CUST107957,user7957@example.com,46.0,5.6,61.34,72422.0,40179.0,678.0,1,standard,month-to-month,credit_card,north,1,overdue
CUST107958,user7958@example.com,50.0,28.5,41.62,50447.0,16882.0,721.0,3,premium,two-year,mailed_check,south,1,overdue
CUST107959,user7959@example.com,40.0,24.8,49.64,75065.0,33881.0,,2,premium,two-year,bank_transfer,north,0,paid
CUST107960,user7960@example.com,18.0,32.1,77.19,43203.0,17938.0,694.0,0,premium,two-year,e_check,west,1,overdue
CUST107961,user7961@example.com,24.0,3.6,28.85,67514.0,29356.0,686.0,2,standard,month-to-month,credit_card,south,0,paid
CUST107962,user7962@example.com,67.0,13.2,104.84,15581.0,3467.0,767.0,1,standard,one-year,bank_transfer,south,0,paid
CUST107963,user7963@example.com,29.0,3.6,61.73,40073.0,11158.0,702.0,0,standard,month-to-month,mailed_check,east,1,overdue
CUST107964,user7964@example.com,59.0,2.1,82.5,101316.0,11740.0,718.0,1,standard,month-to-month,bank_transfer,south,0,paid
CUST107965,user7965@example.com,31.0,1.2,25.46,67220.0,27410.0,608.0,5,basic,month-to-month,e_check,west,1,overdue
CUST107966,user7966@example.com,40.0,48.8,46.85,67227.0,14544.0,746.0,0,basic,month-to-month,bank_transfer,east,0,paid
CUST107967,user7967@example.com,50.0,21.7,22.36,38522.0,13553.0,548.0,0,standard,one-year,e_check,west,0,overdue
CUST107968,user7968@example.com,32.0,21.5,95.53,33116.0,18440.0,604.0,2,premium,month-to-month,mailed_check,east,0,paid
CUST107969,user7969@example.com,61.0,120.0,65.99,49713.0,21158.0,673.0,0,basic,month-to-month,credit_card,south,0,paid
CUST107970,user7970@example.com,43.0,5.2,84.28,53657.0,10582.0,558.0,1,standard,one-year,credit_card,east,1,overdue
CUST107971,user7971@example.com,48.0,15.4,71.59,93289.0,31071.0,576.0,0,basic,month-to-month,mailed_check,north,1,overdue
CUST107972,user7972@example.com,39.0,18.9,81.71,75379.0,28734.0,576.0,2,standard,month-to-month,e_check,north,1,unpaid
CUST107973,user7973@example.com,50.0,33.9,61.56,57179.0,29595.0,680.0,0,family,one-year,bank_transfer,north,0,paid
CUST107974,user7974@example.com,61.0,11.5,64.91,56314.0,27401.0,637.0,0,basic,one-year,e_check,north,0,paid
CUST107975,user7975@example.com,40.0,19.2,67.71,70163.0,15673.0,727.0,2,premium,month-to-month,bank_transfer,west,1,overdue
CUST107976,user7976@example.com,63.0,10.4,80.14,28624.0,15909.0,800.0,2,standard,month-to-month,bank_transfer,north,1,overdue
CUST107977,user7977@example.com,35.0,52.3,80.8,16573.0,2172.0,672.0,0,family,month-to-month,mailed_check,west,0,paid
CUST107978,user7978@example.com,51.0,21.3,140.29,69868.0,14103.0,609.0,1,basic,month-to-month,bank_transfer,west,1,overdue
CUST107979,user7979@example.com,48.0,59.0,112.04,56440.0,3873.0,679.0,0,family,one-year,e_check,west,0,paid
CUST107980,user7980@example.com,29.0,23.6,25.53,28758.0,6361.0,578.0,2,premium,one-year,mailed_check,east,0,paid
CUST107981,user7981@example.com,45.0,37.8,66.42,13102.0,3639.0,645.0,0,family,month-to-month,e_check,west,1,unpaid
CUST107982,user7982@example.com,42.0,29.3,59.85,72877.0,13316.0,847.0,2,premium,two-year,bank_transfer,north,0,paid
CUST107983,user7983@example.com,32.0,4.9,102.0,44569.0,2538.0,634.0,2,basic,month-to-month,mailed_check,west,0,paid
CUST107984,user7984@example.com,46.0,6.9,62.11,63005.0,3515.0,674.0,1,standard,month-to-month,bank_transfer,north,1,overdue
CUST107985,user7985@example.com,44.0,9.1,81.61,49725.0,27755.0,637.0,1,basic,two-year,bank_transfer,south,0,paid
CUST107986,user7986@example.com,41.0,22.2,11.57,54315.0,24667.0,617.0,1,basic,month-to-month,e_check,south,0,paid
CUST107987,user7987@example.com,41.0,45.6,32.16,43155.0,18734.0,688.0,1,family,month-to-month,bank_transfer,south,0,paid
CUST107988,user7988@example.com,41.0,24.3,122.31,53470.0,25781.0,548.0,2,premium,month-to-month,bank_transfer,east,1,unpaid
CUST107989,user7989@example.com,38.0,14.8,71.26,66541.0,28733.0,637.0,0,basic,month-to-month,bank_transfer,west,0,paid
CUST107990,user7990@example.com,44.0,5.1,45.04,49485.0,4147.0,541.0,0,standard,month-to-month,credit_card,east,0,overdue
CUST107991,user7991@example.com,34.0,15.2,76.07,48344.0,27031.0,774.0,2,basic,two-year,credit_card,west,0,paid
CUST107992,user7992@example.com,74.0,65.8,43.67,67151.0,19195.0,729.0,1,basic,one-year,e_check,east,0,paid
CUST107993,user7993@example.com,25.0,24.7,62.92,68484.0,20503.0,589.0,2,premium,month-to-month,mailed_check,south,1,overdue
CUST107994,user7994@example.com,35.0,8.5,33.68,32250.0,17338.0,502.0,2,family,one-year,credit_card,east,0,paid
CUST107995,user7995@example.com,36.0,31.4,50.28,54422.0,8842.0,689.0,0,standard,month-to-month,bank_transfer,east,1,unpaid
CUST107996,user7996@example.com,66.0,3.2,59.59,44525.0,9887.0,647.0,1,premium,month-to-month,credit_card,south,0,paid
CUST107997,user7997@example.com,26.0,27.6,98.02,55274.0,28757.0,830.0,0,basic,two-year,credit_card,north,0,paid
CUST107998,user7998@example.com,47.0,5.2,81.6,83679.0,28101.0,762.0,1,premium,month-to-month,credit_card,south,1,unpaid
CUST107999,user7999@example.com,45.0,0.3,85.96,62179.0,17478.0,701.0,3,basic,two-year,mailed_check,north,1,overdue
CUST104740,user4740@example.com,39.0,26.7,66.22,23109.0,1329.0,675.0,1,basic,two-year,credit_card,south,0,paid
CUST105606,user5606@example.com,39.0,78.0,70.15,64038.0,33428.0,621.0,1,premium,month-to-month,bank_transfer,west,1,overdue
CUST104824,user4824@example.com,51.0,22.1,64.5,31450.0,6851.0,509.0,3,standard,month-to-month,credit_card,south,1,overdue
CUST104205,user4205@example.com,39.0,9.7,46.45,19622.0,6904.0,802.0,0,premium,one-year,mailed_check,south,0,paid
CUST103228,user3228@example.com,49.0,0.6,94.13,59683.0,13619.0,550.0,0,family,one-year,mailed_check,east,0,paid
CUST102745,user2745@example.com,56.0,23.1,61.32,20176.0,5583.0,706.0,0,standard,month-to-month,credit_card,north,1,overdue
CUST103611,user3611@example.com,33.0,79.9,84.42,65486.0,21279.0,680.0,0,basic,month-to-month,e_check,south,0,paid
CUST103491,user3491@example.com,31.0,54.9,48.93,42975.0,3345.0,542.0,0,premium,one-year,mailed_check,east,0,paid
CUST101185,user1185@example.com,25.0,14.7,77.03,58792.0,23445.0,634.0,1,basic,month-to-month,bank_transfer,north,1,overdue
CUST100074,user74@example.com,44.0,3.8,58.96,42681.0,13485.0,,2,standard,two-year,bank_transfer,east,1,unpaid
CUST101829,user1829@example.com,39.0,23.9,114.45,71978.0,25372.0,737.0,2,standard,one-year,bank_transfer,south,0,paid
CUST100307,user307@example.com,58.0,49.4,88.3,32879.0,2823.0,761.0,1,basic,month-to-month,mailed_check,south,1,overdue
CUST101307,user1307@example.com,57.0,48.5,91.21,64223.0,13865.0,575.0,4,standard,month-to-month,e_check,south,1,overdue
CUST103152,user3152@example.com,47.0,12.4,69.53,63664.0,36689.0,708.0,0,basic,month-to-month,credit_card,north,1,unpaid
CUST102932,user2932@example.com,56.0,4.4,48.44,76508.0,13104.0,659.0,3,basic,month-to-month,mailed_check,west,1,overdue
CUST103026,user3026@example.com,51.0,12.2,67.47,81945.0,38994.0,743.0,1,standard,month-to-month,credit_card,north,1,overdue
CUST102008,user2008@example.com,56.0,18.3,100.84,,42840.0,583.0,1,family,month-to-month,credit_card,south,1,overdue
CUST104194,user4194@example.com,57.0,22.3,81.43,65387.0,15488.0,686.0,1,premium,month-to-month,e_check,west,1,overdue
CUST106099,user6099@example.com,41.0,10.7,100.38,68151.0,9882.0,,2,basic,one-year,mailed_check,east,1,unpaid
CUST102495,user2495@example.com,69.0,15.9,43.25,54023.0,30769.0,704.0,1,basic,two-year,e_check,south,1,overdue
CUST100444,user444@example.com,38.0,5.6,74.93,52465.0,4822.0,754.0,0,premium,one-year,mailed_check,south,0,paid
CUST101548,user1548@example.com,49.0,2.6,110.41,58068.0,10938.0,720.0,1,standard,one-year,e_check,north,0,paid
CUST105170,user5170@example.com,51.0,33.0,64.09,49864.0,8607.0,700.0,1,premium,two-year,e_check,south,0,paid
CUST104941,user4941@example.com,36.0,29.9,23.16,55421.0,13013.0,634.0,2,standard,month-to-month,bank_transfer,west,1,overdue
CUST103258,user3258@example.com,31.0,15.1,17.7,49878.0,12266.0,721.0,1,standard,one-year,mailed_check,east,0,paid
CUST105401,user5401@example.com,51.0,5.4,65.27,98642.0,53737.0,669.0,3,standard,two-year,credit_card,south,0,paid
CUST105529,user5529@example.com,42.0,29.8,83.87,76087.0,29256.0,642.0,3,premium,month-to-month,bank_transfer,north,1,overdue
CUST101610,user1610@example.com,45.0,0.3,83.76,88952.0,12708.0,559.0,1,basic,one-year,e_check,south,0,paid
CUST105511,user5511@example.com,42.0,3.8,10.0,66053.0,3881.0,664.0,0,basic,two-year,mailed_check,south,1,overdue
CUST106977,user6977@example.com,48.0,4.1,33.57,56706.0,17738.0,587.0,3,standard,month-to-month,bank_transfer,west,1,overdue
